ID_REF,GSE30219,GSE50081,GSE19188,d_Media,d_Minima_Abs,Replicado_3_Cohortes,Direccion
DSG3,4.877553083403929,2.5692058906480644,5.081409612730925,4.176056195594306,2.5692058906480644,True,Escamoso
KRT5,6.060813263166506,2.461726503152943,3.377646936766698,3.966728901028716,2.461726503152943,True,Escamoso
CALML3,3.7282054226507158,2.3730609213439644,2.8427920794321917,2.9813528078089573,2.3730609213439644,True,Escamoso
KRT6B,4.160723396601024,2.312661440944416,2.791563187731836,3.0883160084257586,2.312661440944416,True,Escamoso
PKP1,3.6898369729415936,2.301233987787486,4.145973709114931,3.379014889948003,2.301233987787486,True,Escamoso
FAT2,3.7890601396373444,2.277406792405101,3.0193838348483006,3.0286169222969153,2.277406792405101,True,Escamoso
DAPL1,3.4412896532676363,2.2083488414503956,4.049007522987073,3.232882005901702,2.2083488414503956,True,Escamoso
TRIM29,3.6251470450078283,2.1750458236771633,2.578750390040051,2.792981086241681,2.1750458236771633,True,Escamoso
CLCA2,4.646743984500365,2.131047992961933,3.175148352039502,3.3176467765006,2.131047992961933,True,Escamoso
DSC3,4.284844425237221,2.1107616454242284,4.997578337026619,3.7977281358960226,2.1107616454242284,True,Escamoso
S1PR5,2.907398773155179,2.108392063800882,2.7207921840699165,2.578861007008659,2.108392063800882,True,Escamoso
KRT6A,3.661402041866736,2.0848020892525683,2.4088294858299975,2.7183445389831005,2.0848020892525683,True,Escamoso
KRT13,2.741756591436169,2.060211196648557,2.8703872343709427,2.55745167415189,2.060211196648557,True,Escamoso
SERPINB5,3.365885289289076,2.044796309147223,2.0438762723367825,2.4848526235910273,2.0438762723367825,True,Escamoso
TP63,3.936909566635771,2.0434879823290437,3.6282340402173623,3.202877196394059,2.0434879823290437,True,Escamoso
GJB5,3.890685911702237,2.0197375387056096,2.550366307350377,2.820263252586075,2.0197375387056096,True,Escamoso
KRT16,3.2117543605124412,2.0085789333945288,2.1370820491374496,2.4524717810148062,2.0085789333945288,True,Escamoso
BNC1,3.3374553185345937,1.9772045263910907,2.578741052845796,2.6311336325904935,1.9772045263910907,True,Escamoso
CERS3,2.777795603180045,1.969365510598331,2.391553386075529,2.3795714999513016,1.969365510598331,True,Escamoso
TMEM40,3.268627473683918,1.9693327169980934,2.183273309313804,2.4737444999986056,1.9693327169980934,True,Escamoso
JUP,3.3728182265219537,1.958194046900766,2.0904872137361585,2.4738331623862924,1.958194046900766,True,Escamoso
VSNL1,3.307874191321352,1.957370302426273,2.7754615442532153,2.68023534600028,1.957370302426273,True,Escamoso
GBP6,3.2328766839898546,1.9467241727026838,4.162149649826535,3.1139168355063576,1.9467241727026838,True,Escamoso
PITX1,2.555708513496071,1.9093233925255788,2.1048520859059714,2.1899613306425407,1.9093233925255788,True,Escamoso
NTRK2,2.885283091050869,1.8998322006649722,2.632170690851331,2.472428660855724,1.8998322006649722,True,Escamoso
GJB6,2.5812584579283016,1.8992880133681764,2.9100225812896023,2.4635230175286935,1.8992880133681764,True,Escamoso
CYP2S1,2.1457318931020977,1.8918267863549578,2.195032620762306,2.0775304334064537,1.8918267863549578,True,Escamoso
SERPINB13,3.2010228191102077,1.8913595927460816,2.8219773222315743,2.638119911362621,1.8913595927460816,True,Escamoso
PERP,3.231475064989152,1.878641555581027,2.1962334496192026,2.4354500233964607,1.878641555581027,True,Escamoso
FOXE1,2.51626944082661,1.8727625913742747,2.891395197220958,2.4268090764739476,1.8727625913742747,True,Escamoso
ABCC5,2.2090238072518984,1.8664986451533374,2.856161191483964,2.3105612146297334,1.8664986451533374,True,Escamoso
BICD2,2.7051366916096344,1.8351879167155847,2.255126356401853,2.2651503215756907,1.8351879167155847,True,Escamoso
PTHLH,2.6620511354783294,1.8238619289417146,2.070885477180909,2.1855995138669844,1.8238619289417146,True,Escamoso
SLC2A1,3.1005550961512762,1.8223449787162396,1.9816071794821633,2.3015024181165598,1.8223449787162396,True,Escamoso
KRT14,2.482386622134783,1.8068056011352622,1.841862219442392,2.043684814237479,1.8068056011352622,True,Escamoso
BMP7,2.7072732822989964,1.8025260112664425,3.1997875751501343,2.5698622895718577,1.8025260112664425,True,Escamoso
XXYLT1,2.9509247724569088,1.799426987644141,2.3865636901542624,2.3789718167517706,1.799426987644141,True,Escamoso
MIR205HG,3.4905726044358043,1.7968760047488794,2.1298173737705026,2.4724219943183954,1.7968760047488794,True,Escamoso
ATP1B3,2.7708297167472513,1.7967890131994733,2.1762489851918208,2.2479559050461817,1.7967890131994733,True,Escamoso
PVRL1,2.756299635859218,1.7956291290016428,2.3168107594213856,2.2895798414274156,1.7956291290016428,True,Escamoso
FAM83B,3.6099000900319154,1.7929691637377552,2.725182829351285,2.709350694373652,1.7929691637377552,True,Escamoso
RAPGEFL1,2.5657746279418823,1.7918179651750252,1.9833904202028534,2.1136610044399204,1.7918179651750252,True,Escamoso
ST6GALNAC2,2.825777911250923,1.7869440833792667,2.233874733385661,2.282198909338617,1.7869440833792667,True,Escamoso
ADH7,2.5473472353204585,1.7628095635420542,2.70501188895518,2.3383895626058977,1.7628095635420542,True,Escamoso
CELSR2,2.6187233848485074,1.7602686908238856,1.7872233258030723,2.0554051338251553,1.7602686908238856,True,Escamoso
ARTN,2.2661140995525932,1.7521458334622602,2.1375214397629416,2.051927124259265,1.7521458334622602,True,Escamoso
JAG1,3.3534187253096026,1.751430212756298,2.215963400790988,2.440270779618963,1.751430212756298,True,Escamoso
DENND2C,2.814368181099644,1.7426609494797458,2.549814443545983,2.368947858041791,1.7426609494797458,True,Escamoso
GRHL3,2.708873195532615,1.7200497553831164,2.18845905120186,2.2057940007058643,1.7200497553831164,True,Escamoso
NFE2L2,2.2331962449018836,1.7198908795436323,1.9813422789721848,1.9781431344725668,1.7198908795436323,True,Escamoso
IGSF11,2.1614334246484903,1.7168703077034106,1.7181896571629005,1.8654977965049337,1.7168703077034106,True,Escamoso
GPC1,3.5721818439128588,1.874064583796684,1.715302641480132,2.387183023063225,1.715302641480132,True,Escamoso
SLC9A3R1,2.19918612867927,1.714697787568457,1.934785509855578,1.9495564753677683,1.714697787568457,True,Escamoso
DDAH1,-2.3614103523490977,-1.7079327786389242,-1.753762141486508,-1.9410350908248433,1.7079327786389242,True,Adenocarcinoma
KRT7,-1.702896873495398,-1.7565995727731532,-2.144428705477117,-1.8679750505818895,1.702896873495398,True,Adenocarcinoma
ADAM23,2.3250570308435066,1.7017174518160454,2.2864449393072146,2.1044064739889223,1.7017174518160454,True,Escamoso
IRF6,2.8028356593317185,1.695550291662438,1.7967253647882266,2.0983704385941278,1.695550291662438,True,Escamoso
CHRM3,1.93310470763886,1.693517888225642,1.8727038736843242,1.8331088231829422,1.693517888225642,True,Escamoso
SLC6A10P,2.7944945978152362,1.690599226394543,2.786011246734833,2.423701690314871,1.690599226394543,True,Escamoso
SPRR1A,2.887944131885538,1.6803714715379192,2.5492348736899024,2.3725168257044533,1.6803714715379192,True,Escamoso
NMNAT3,1.9599909962466275,1.6774765806760346,2.0918207039684793,1.9097627602970473,1.6774765806760346,True,Escamoso
SLC6A8,2.7607681706726352,1.6767627688813505,2.659259660466586,2.3655968666735236,1.6767627688813505,True,Escamoso
CSTA,3.5589202009879286,1.6753627914514728,2.8748650411234973,2.7030493445209665,1.6753627914514728,True,Escamoso
LOC344887,1.7425023051898594,1.6733680401540818,2.021839118085678,1.8125698211432064,1.6733680401540818,True,Escamoso
DMRT2,2.154603752453845,1.6626171093017135,2.4138619591837047,2.077027606979754,1.6626171093017135,True,Escamoso
PCYT1A,2.496069478790631,1.6614795607352266,2.264264232073448,2.140604423866435,1.6614795607352266,True,Escamoso
WDR72,2.67594149184168,1.713781343394986,1.6608792976941071,2.016867377643591,1.6608792976941071,True,Escamoso
PTPRZ1,2.341654594898386,1.6604932143662823,3.664504759920799,2.555550856395156,1.6604932143662823,True,Escamoso
UGT1A1,1.9652123684228964,1.7793751747683857,1.6582819137448128,1.800956485645365,1.6582819137448128,True,Escamoso
NKX2-1,-2.535138521288989,-1.6578962830632418,-1.7667432379705716,-1.9865926807742678,1.6578962830632418,True,Adenocarcinoma
DQX1,1.651526451888877,1.7970042479761592,1.7650225078996724,1.737851069254903,1.651526451888877,True,Escamoso
LOC100506374,1.860538025760153,1.6429722229122332,1.7008981974695858,1.7348028153806574,1.6429722229122332,True,Escamoso
C10orf99,1.799909506208231,1.6294013212735585,1.9165505506158544,1.7819537926992146,1.6294013212735585,True,Escamoso
ABCC1,2.0373389018583152,1.6183222443792888,1.7954056412140762,1.8170222624838932,1.6183222443792888,True,Escamoso
TPRG1,2.143655421300002,1.6141429313556352,1.9261205527470473,1.8946396351342283,1.6141429313556352,True,Escamoso
FAM83C,2.3800486112399857,1.6092525722570215,2.769637469580357,2.252979551025788,1.6092525722570215,True,Escamoso
LOC102724257,-2.346339275145857,-1.6089358863469816,-1.758923264225548,-1.9047328085727955,1.6089358863469816,True,Adenocarcinoma
S100A2,3.0701532822064768,1.6028869137238122,1.7650632241427937,2.146034473357694,1.6028869137238122,True,Escamoso
TINCR,2.459777911929154,1.600566339469377,1.756180792366459,1.9388416812549967,1.600566339469377,True,Escamoso
COL7A1,3.514631966253025,1.7905403110547473,1.6005287336961156,2.301900337001296,1.6005287336961156,True,Escamoso
COL4A6,2.527677802073353,1.6292866817721114,1.5935214440285568,1.916828642624674,1.5935214440285568,True,Escamoso
ANXA8,3.6373766212096457,1.7755218953896055,1.5904330681872787,2.33444386159551,1.5904330681872787,True,Escamoso
ULBP2,2.7922487509017255,1.5854496647041176,1.7544822914395208,2.0440602356817883,1.5854496647041176,True,Escamoso
TMEM125,-2.3512992844802816,-1.5853713840029902,-1.877989740444779,-1.93822013630935,1.5853713840029902,True,Adenocarcinoma
PRIMA1,1.9832958541026988,1.5815845304707703,1.7799658420808715,1.78161540888478,1.5815845304707703,True,Escamoso
TRIM7,1.9248558442143726,1.578229056604615,1.6328429776533413,1.7119759594907764,1.578229056604615,True,Escamoso
KRT15,2.6920374811984575,1.5764950792868104,2.645359790459766,2.3046307836483444,1.5764950792868104,True,Escamoso
NRARP,2.3679502037648064,1.712977487986813,1.5741639456426135,1.8850305457980776,1.5741639456426135,True,Escamoso
SOX15,2.658530740780929,1.5714341819508177,1.9327018183057525,2.0542222470125,1.5714341819508177,True,Escamoso
MICALL1,3.1324927396436832,1.5691146310483974,1.8504275735138203,2.184011648068634,1.5691146310483974,True,Escamoso
SIAH2,2.4374864323514545,1.5645285211962376,1.6242169983687271,1.8754106506388064,1.5645285211962376,True,Escamoso
MUC1,-1.9024771428187157,-1.5530736168513044,-1.8345024984753926,-1.763351086048471,1.5530736168513044,True,Adenocarcinoma
ARHGEF4,2.1643698702668095,1.5530382930298794,1.5677500313365695,1.761719398211086,1.5530382930298794,True,Escamoso
CRIP1,-1.6539991307393032,-1.5504967892748587,-1.7583743731363823,-1.6542900977168482,1.5504967892748587,True,Adenocarcinoma
MIR205,2.6789763904385633,1.8757633823095656,1.550452677712525,2.0350641501535516,1.550452677712525,True,Escamoso
RHCG,1.8973101332610192,1.8088829848217425,1.5499998412081577,1.7520643197636396,1.5499998412081577,True,Escamoso
SPRR3,3.1612195358634763,1.5476453495558413,2.555402387163787,2.4214224241943683,1.5476453495558413,True,Escamoso
LYPD3,2.754523671195824,1.5448201903306016,1.543661236926825,1.9476683661510836,1.543661236926825,True,Escamoso
TMEM246,1.940468957258792,1.5376541668392438,1.9699980256696312,1.8160403832558891,1.5376541668392438,True,Escamoso
DVL3,2.074421726752123,1.5376174181052544,1.72011493764538,1.777384694167586,1.5376174181052544,True,Escamoso
COL4A5,2.411974429380158,1.531754633887824,1.6410769022555118,1.8616019885078314,1.531754633887824,True,Escamoso
SOX2,2.0393706129821063,1.5272731985254437,2.171653342777266,1.9127657180949387,1.5272731985254437,True,Escamoso
TMEM117,2.6135428551144404,1.523552186498341,1.941057668643213,2.0260509034186645,1.523552186498341,True,Escamoso
CGN,-2.629909666529806,-1.5193210328285205,-1.6313794429548238,-1.926870047437717,1.5193210328285205,True,Adenocarcinoma
LIMCH1,-2.1919957384171744,-1.5178039421355987,-1.7107028840616554,-1.8068341882048096,1.5178039421355987,True,Adenocarcinoma
SPRR2B,2.6945255067088025,1.512161289462178,2.2346995000907253,2.1471287654205686,1.512161289462178,True,Escamoso
CENPW,2.058577660735497,1.5108483097511347,1.8376785701241742,1.802368180203602,1.5108483097511347,True,Escamoso
MARK1,2.0774045157850782,1.50488895471061,1.9096675171294402,1.8306536625417094,1.50488895471061,True,Escamoso
PLD1,2.1229409265817343,1.4994629802279045,1.8201396255458302,1.8141811774518228,1.4994629802279045,True,Escamoso
KCTD1,2.3591164391268045,1.4938706465075136,1.8075112259437067,1.8868327705260082,1.4938706465075136,True,Escamoso
PTDSS1,2.295123295414093,1.4935158065056637,2.216550524887438,2.0017298756023982,1.4935158065056637,True,Escamoso
SFTA2,-2.253292845248572,-1.488601555677554,-1.5667668992430925,-1.769553766723073,1.488601555677554,True,Adenocarcinoma
SFTA3,-2.0926287228985143,-1.5337072120696427,-1.4869767117646329,-1.7044375489109302,1.4869767117646329,True,Adenocarcinoma
PIGX,2.6461145900564023,1.4861647929685409,2.176385887633295,2.1028884235527463,1.4861647929685409,True,Escamoso
JARID2,1.5834003680873974,1.4853191665380723,1.767380181249206,1.612033238624892,1.4853191665380723,True,Escamoso
LPIN2,-2.258218860863725,-1.4849202159473498,-1.6406897531808762,-1.794609609997317,1.4849202159473498,True,Adenocarcinoma
EIF2B5,1.9446457222816977,1.484814661744174,1.6643004272132336,1.6979202704130352,1.484814661744174,True,Escamoso
NCBP2-AS2,2.358010327710546,1.4786137952976937,1.5769538782077441,1.804526000405328,1.4786137952976937,True,Escamoso
BCL11A,1.9447490005136168,1.4744573420354117,2.134498411376465,1.8512349179751644,1.4744573420354117,True,Escamoso
STON2,2.9331716079121506,1.472335802672303,1.6038556260553984,2.0031210122132843,1.472335802672303,True,Escamoso
CYB5R2,1.5319491291353466,1.4675489515674087,1.8422431056411164,1.6139137287812906,1.4675489515674087,True,Escamoso
NUDT11,2.2298172171019814,1.4643318329565023,1.7763020807885948,1.8234837102823596,1.4643318329565023,True,Escamoso
PSMD2,2.1403912372456158,1.462654339928902,1.9034483338960606,1.8354979703568592,1.462654339928902,True,Escamoso
AKR1B10,1.6167439072088985,1.461375537127414,1.6559022104626315,1.5780072182663147,1.461375537127414,True,Escamoso
CAPNS2,2.447776444986049,1.4576328007407497,2.7317820964817368,2.212397114069512,1.4576328007407497,True,Escamoso
PRR15L,-1.8597705231678257,-1.4569868202818985,-1.855074073531917,-1.7239438056605472,1.4569868202818985,True,Adenocarcinoma
FGFBP1,2.266016700461042,1.456011520113616,2.3952189610237107,2.039082393866123,1.456011520113616,True,Escamoso
FOXD1,2.794211299400085,1.5937609756178588,1.4548062074565544,1.9475928274914995,1.4548062074565544,True,Escamoso
CHST7,1.643526248133447,1.4537786404214534,2.236404162747982,1.7779030171009609,1.4537786404214534,True,Escamoso
ICA1,-2.165312345565396,-1.4534520582045736,-1.6525189666296227,-1.757094456799864,1.4534520582045736,True,Adenocarcinoma
A2ML1,2.0894517219346014,1.4520285083742535,1.5732260381111123,1.7049020894733224,1.4520285083742535,True,Escamoso
DLX5,2.455192718980645,1.450071827904466,1.8333227733615294,1.9128624400822136,1.450071827904466,True,Escamoso
NTS,1.707735916907969,1.4498297957149067,1.4944253762763233,1.5506636962997329,1.4498297957149067,True,Escamoso
E2F7,2.3504074638086014,1.4474604324904952,1.7078940123457043,1.835253969548267,1.4474604324904952,True,Escamoso
TMC5,-2.135747555930324,-1.4440258255434737,-1.6832222325660622,-1.75433187134662,1.4440258255434737,True,Adenocarcinoma
ACSL5,-2.6603334980189137,-1.4418675636609721,-1.957036415656785,-2.0197458257788905,1.4418675636609721,True,Adenocarcinoma
TPRXL,2.2652880818496395,1.4401304678343902,1.6741378290596147,1.793185459581215,1.4401304678343902,True,Escamoso
TBCCD1,2.0451912951482614,1.5586531546385338,1.436087928488213,1.6799774594250028,1.436087928488213,True,Escamoso
MLPH,-2.2558113585711084,-1.433028181178592,-1.8075474642716818,-1.832129001340461,1.433028181178592,True,Adenocarcinoma
KLHL13,2.0555802369863363,1.4214504957211775,2.387033394550699,1.9546880424194042,1.4214504957211775,True,Escamoso
RNF7,2.0234668934562623,1.4195345768672838,1.7879673875261857,1.7436562859499105,1.4195345768672838,True,Escamoso
USP31,2.3189775637814045,1.4177704094057422,1.4428575376265111,1.7265351702712193,1.4177704094057422,True,Escamoso
COQ3,1.8093128897274373,1.415485600432638,1.693360106264323,1.6393861988081326,1.415485600432638,True,Escamoso
LOC440173,2.048211065250346,1.41029711374153,1.54941926363577,1.6693091475425483,1.41029711374153,True,Escamoso
LPCAT1,-2.1648587035525173,-1.408974401734533,-1.4995647852295453,-1.6911326301721985,1.408974401734533,True,Adenocarcinoma
FXYD3,1.5617778967178246,1.5252419799786545,1.4085543038574073,1.4985247268512953,1.4085543038574073,True,Escamoso
KCTD15,2.015345814605362,1.4079563840920168,1.654019592324555,1.6924405970073113,1.4079563840920168,True,Escamoso
SMIM14,-2.281598931327258,-1.4074845425883067,-1.5174162001251652,-1.73549989134691,1.4074845425883067,True,Adenocarcinoma
TTLL12,2.3531059450137235,1.4379536488490157,1.4058129146521616,1.7322908361716334,1.4058129146521616,True,Escamoso
MRAP2,2.2966250276374605,1.403292187561633,1.86653169559401,1.8554829702643678,1.403292187561633,True,Escamoso
PARD6G,2.2328841118600016,1.401863670044081,1.882856493618476,1.8392014251741864,1.401863670044081,True,Escamoso
PCDH19,2.099804066381253,1.398328331867405,1.461560970056748,1.6532311227684688,1.398328331867405,True,Escamoso
GPX2,1.3927249203890923,1.4371572569317996,1.5785402081350113,1.4694741284853012,1.3927249203890923,True,Escamoso
SETD8,2.644765811161405,1.3919475678303221,1.7393369892591406,1.9253501227502892,1.3919475678303221,True,Escamoso
TMPRSS11D,2.3170951946172966,1.3829901929730306,2.4617104041183655,2.0539319305695645,1.3829901929730306,True,Escamoso
GINS3,1.8323271040527174,1.3804605140445687,1.6763172766277386,1.6297016315750081,1.3804605140445687,True,Escamoso
CAPN8,-1.9439097947663533,-1.3766275979048135,-1.4466872346661517,-1.5890748757791062,1.3766275979048135,True,Adenocarcinoma
CD55,-1.6889150719701067,-1.3752492972671573,-1.55778685296055,-1.5406504073992713,1.3752492972671573,True,Adenocarcinoma
SELENBP1,-1.7463171582821928,-1.37484203316463,-1.5080321388779527,-1.5430637767749253,1.37484203316463,True,Adenocarcinoma
TSLP,1.6292883941477672,1.3881442604254672,1.3736736370451221,1.463702097206119,1.3736736370451221,True,Escamoso
FST,2.378939709230066,1.3696752990058492,2.9998531663298387,2.249489391521918,1.3696752990058492,True,Escamoso
NDRG4,1.9529446184836796,1.5798295958490864,1.368679090687379,1.6338177683400483,1.368679090687379,True,Escamoso
SMPDL3B,-2.3194113302851322,-1.3672876759379675,-1.6878526612752893,-1.791517222499463,1.3672876759379675,True,Adenocarcinoma
MEIS3P1,-1.7151540040914715,-1.3964508743085369,-1.3633866686309277,-1.491663849010312,1.3633866686309277,True,Adenocarcinoma
TENM2,2.842255243315122,1.9109314221813447,1.3633606077890985,2.038849091095188,1.3633606077890985,True,Escamoso
RORC,-2.3295133133892443,-1.362038232281318,-1.6742844961216194,-1.7886120139307273,1.362038232281318,True,Adenocarcinoma
ST3GAL5,-2.2820511114619784,-1.4734041686371024,-1.3607883659808513,-1.7054145486933106,1.3607883659808513,True,Adenocarcinoma
LRRC4,1.667675383292776,1.3585059793607632,1.521395329087551,1.5158588972470302,1.3585059793607632,True,Escamoso
LMNB2,1.8921672222924442,1.3536330582516187,1.3616399715100176,1.53581341735136,1.3536330582516187,True,Escamoso
KCNG1,1.7853509088169626,1.3970881778973547,1.3472701785942958,1.5099030884362044,1.3472701785942958,True,Escamoso
PPP1R9A,-2.160519455499939,-1.344724160399418,-1.6775576382542015,-1.7276004180511861,1.344724160399418,True,Adenocarcinoma
PARL,2.036694122550717,1.3445922280663813,1.4667503918195475,1.616012247478882,1.3445922280663813,True,Escamoso
FOXN1,1.8602687793485124,1.3433694303807282,1.7581634765474026,1.653933895425548,1.3433694303807282,True,Escamoso
SMIM22,-2.346613685610078,-1.3428376538859834,-1.3500891224829508,-1.6798468206596706,1.3428376538859834,True,Adenocarcinoma
PNMA2,-1.7203955544409748,-1.34269113163139,-1.495772142638556,-1.519619609570307,1.34269113163139,True,Adenocarcinoma
FAM83F,2.1177133409684625,1.7283696824215775,1.3425979359555844,1.729560319781875,1.3425979359555844,True,Escamoso
DLX6,1.9348808510543491,1.4629283773463386,1.3404917512583852,1.5794336598863576,1.3404917512583852,True,Escamoso
LOC100506119,2.0570604194090603,1.3399501755736134,1.8647568126936576,1.7539224692254436,1.3399501755736134,True,Escamoso
NUP50-AS1,1.339560510745577,1.3981768535658978,1.5004515445315783,1.4127296362810178,1.339560510745577,True,Escamoso
OCLN,-1.915054279154157,-1.3390757969800162,-1.3673696112893226,-1.540499895807832,1.3390757969800162,True,Adenocarcinoma
DYNC1I1,1.8235188824763944,1.337049784143616,1.3414947515505655,1.5006878060568587,1.337049784143616,True,Escamoso
YEATS2,2.1777065961550672,1.336458419572951,1.7836895615406632,1.7659515257562273,1.336458419572951,True,Escamoso
MAP6D1,1.665846674876223,1.3329082889315549,1.509883857436309,1.5028796070813624,1.3329082889315549,True,Escamoso
UPK1B,2.282530102797097,1.387842870299959,1.332546428885432,1.6676398006608293,1.332546428885432,True,Escamoso
ALG3,1.8349746972891277,1.3356959573327758,1.3321137850316218,1.500928146551175,1.3321137850316218,True,Escamoso
GOLT1A,-2.4121531490573207,-1.3298947492150266,-1.568589519679969,-1.770212472650772,1.3298947492150266,True,Adenocarcinoma
PARM1,-1.5884012889386572,-1.3659955881993517,-1.3282016772494007,-1.4275328514624699,1.3282016772494007,True,Adenocarcinoma
C3orf58,2.3748972312350123,1.3280406648561505,2.6092739370243914,2.104070611038518,1.3280406648561505,True,Escamoso
CADPS2,-2.296292236670825,-1.324465843131185,-1.9294695281796128,-1.8500758693272077,1.324465843131185,True,Adenocarcinoma
ACOX2,-2.216834967102277,-1.3230348603074364,-1.408628622745746,-1.649499483385153,1.3230348603074364,True,Adenocarcinoma
SERPINB2,2.5098073320275143,1.3214116728988732,1.5164174305880378,1.7825454785048083,1.3214116728988732,True,Escamoso
BTBD11,1.7467032892644283,1.753397384500812,1.3205682091401811,1.6068896276351403,1.3205682091401811,True,Escamoso
HRAS,2.229605986993178,1.3194787969052524,1.7103829469020484,1.7531559102668262,1.3194787969052524,True,Escamoso
CLDN3,-2.4130895022160406,-1.3152047625775762,-1.959934293652532,-1.896076186148716,1.3152047625775762,True,Adenocarcinoma
ALOX12,1.8058267653446527,1.693150841824751,1.314435027059894,1.6044708780764327,1.314435027059894,True,Escamoso
CENPN,1.7139127802175438,1.3139191669169767,1.6451663035245183,1.557666083553013,1.3139191669169767,True,Escamoso
ABCF3,1.8656131199208292,1.404408845861164,1.3137478482743605,1.527923271352118,1.3137478482743605,True,Escamoso
FABP5,2.306107764982564,1.3134316114124784,2.0550358324453764,1.8915250696134729,1.3134316114124784,True,Escamoso
PAX6,2.339867356776892,1.660094519041061,1.3051970900091796,1.7683863219423774,1.3051970900091796,True,Escamoso
NDUFA4L2,1.782254580679828,1.304959927595921,1.7722933945899149,1.6198359676218879,1.304959927595921,True,Escamoso
ACAT2,1.5965760367895914,1.3031980634832436,1.5073502588737528,1.4690414530488625,1.3031980634832436,True,Escamoso
SFN,2.803874326037768,1.3029384545814906,1.5181559901244568,1.874989590247905,1.3029384545814906,True,Escamoso
CEACAM6,-1.6880830392744794,-1.3014085432682958,-1.4778838049960568,-1.4891251291796106,1.3014085432682958,True,Adenocarcinoma
CHAF1A,1.8770729224330671,1.2976794896882624,1.9481166585355256,1.7076230235522851,1.2976794896882624,True,Escamoso
CD63,-1.9123707841472772,-1.2972160416277654,-1.6214595704149608,-1.6103487987300014,1.2972160416277654,True,Adenocarcinoma
AP2M1,2.2487368364653233,1.5380627618560618,1.297089577099864,1.6946297251404163,1.297089577099864,True,Escamoso
RBM47,-2.222554268857918,-1.391111072072047,-1.296764602195438,-1.6368099810418009,1.296764602195438,True,Adenocarcinoma
LOC101060179,2.04703106059771,1.3705104943832438,1.2945717727901762,1.5707044425903767,1.2945717727901762,True,Escamoso
LOC100130691,1.5593011430653698,1.2945067447306386,1.5527382824184246,1.468848723404811,1.2945067447306386,True,Escamoso
BLCAP,1.7829204003575507,1.2933402906324332,1.646892822414522,1.5743845044681688,1.2933402906324332,True,Escamoso
LGALS7,2.076998779927215,1.7594841075238434,1.2932021579687023,1.7098950151399201,1.2932021579687023,True,Escamoso
HES2,1.8072458819948014,1.2920387974655965,1.7578185688727133,1.619034416111037,1.2920387974655965,True,Escamoso
TRA2B,1.7059488434892542,1.29190378022261,1.4752436648839242,1.4910320961985963,1.29190378022261,True,Escamoso
YBX3,2.1981841178029162,1.286497257611638,1.3502605030119517,1.6116472928088352,1.286497257611638,True,Escamoso
KRTDAP,1.5851417694314582,1.286426466716906,1.300476636127554,1.3906816240919728,1.286426466716906,True,Escamoso
NHSL1,1.330954020938971,1.4056021614416907,1.2862761789843271,1.3409441204549963,1.2862761789843271,True,Escamoso
PON3,-1.8374937459169478,-1.2862248769789864,-1.6167296352912217,-1.5801494193957186,1.2862248769789864,True,Adenocarcinoma
KREMEN1,1.7224710383500488,1.446352116096477,1.2831603487248224,1.483994501057116,1.2831603487248224,True,Escamoso
CCL26,1.2825984715019783,1.535028952715665,1.7264927536051722,1.5147067259409386,1.2825984715019783,True,Escamoso
NKX2-1-AS1,-2.202026538048294,-1.2796048192409641,-1.2817108615547543,-1.5877807396146706,1.2796048192409641,True,Adenocarcinoma
GOLM1,-1.8185416399665304,-1.2788801909862282,-1.5010926159605358,-1.5328381489710983,1.2788801909862282,True,Adenocarcinoma
ARRB1,-2.557272676874536,-1.2784533807099787,-1.5997982397532093,-1.811841432445908,1.2784533807099787,True,Adenocarcinoma
RNF217,2.2089702456423175,1.27785565171487,1.9140038642493407,1.800276587202176,1.27785565171487,True,Escamoso
WNT2B,1.8402071330761889,1.2773821744794989,1.5233324699456758,1.5469739258337878,1.2773821744794989,True,Escamoso
GPR87,2.6687652357581273,1.2769685551064096,1.6276893814916724,1.8578077241187365,1.2769685551064096,True,Escamoso
PAK2,2.343520485845912,1.2740317054514387,1.8813431449475164,1.8329651120816226,1.2740317054514387,True,Escamoso
P4HTM,-1.5256166275500762,-1.2733572150690091,-1.7701801843652756,-1.5230513423281202,1.2733572150690091,True,Adenocarcinoma
LOC100288860,2.057689552394632,1.2681452726565974,1.8662723595084034,1.7307023948532112,1.2681452726565974,True,Escamoso
CDHR1,1.3341478121119483,1.2672851182320255,1.4240797729264048,1.3418375677567929,1.2672851182320255,True,Escamoso
TPD52L1,2.01439841140035,1.2671956577195573,1.6653625061663917,1.6489855250954328,1.2671956577195573,True,Escamoso
TICRR,2.139683547885307,1.2668119851457846,1.6885642474096552,1.6983532601469156,1.2668119851457846,True,Escamoso
RNF168,2.3654637967577328,1.2667031396056914,2.3505007054089813,1.9942225472574684,1.2667031396056914,True,Escamoso
C16orf74,1.7205889804851406,1.2660294764907147,1.4113889167974543,1.4660024579244366,1.2660294764907147,True,Escamoso
LINC01133,2.0779989774376757,1.2642960707461088,1.87783592105101,1.7400436564115982,1.2642960707461088,True,Escamoso
FANCE,2.076079605413607,1.263293735879557,2.397100838978737,1.9121580600906336,1.263293735879557,True,Escamoso
GLTP,1.8815402445162004,1.2628564253349999,2.39878375041187,1.8477268067543566,1.2628564253349999,True,Escamoso
SERPINB3,1.8292092963032618,1.3266185547309728,1.2622196251538451,1.4726824920626933,1.2622196251538451,True,Escamoso
GPRC5A,-1.5615186900264046,-1.259013195109228,-1.5794259074824573,-1.4666525975393634,1.259013195109228,True,Adenocarcinoma
FGFR2,1.7046525106082975,1.2578007591318774,1.4511171088675963,1.4711901262025904,1.2578007591318774,True,Escamoso
ABCC6,-2.3015306224855423,-1.256579508590045,-1.7655287589295967,-1.7745462966683947,1.256579508590045,True,Adenocarcinoma
SLC44A4,-2.010693730751234,-1.256049509737724,-1.4093292271602953,-1.558690822549751,1.256049509737724,True,Adenocarcinoma
MIEF1,1.4012297435903154,1.264553970090117,1.2473782049047528,1.3043873061950617,1.2473782049047528,True,Escamoso
SEMA3F,2.0041760515163065,1.2452734524235685,1.3468579858113192,1.5321024965837313,1.2452734524235685,True,Escamoso
GNA14,-2.1533824255777794,-1.2443819639252403,-1.4482813778387669,-1.615348589113929,1.2443819639252403,True,Adenocarcinoma
FAM181B,1.591374233024102,1.2442251612353563,1.248114718578011,1.36123803761249,1.2442251612353563,True,Escamoso
TRIM16,1.51183985853986,1.2401743361141897,1.2872679425055917,1.346427379053214,1.2401743361141897,True,Escamoso
CPM,-2.1916324223870247,-1.4578291946139248,-1.238513331451591,-1.6293249828175134,1.238513331451591,True,Adenocarcinoma
GPR39,-2.458583929107176,-1.2356415387226376,-1.6087909535094813,-1.7676721404464315,1.2356415387226376,True,Adenocarcinoma
TFRC,2.565202658796886,1.3532768701055629,1.2344941733123853,1.717657900738278,1.2344941733123853,True,Escamoso
TJP3,-2.0837080235997174,-1.3584575144322806,-1.2333786899765198,-1.5585147426695058,1.2333786899765198,True,Adenocarcinoma
RFC4,2.035501738452535,1.291257183168919,1.2307898568971054,1.519182926172853,1.2307898568971054,True,Escamoso
RHOU,-2.373997718030604,-1.2288534375518387,-1.6622259936309332,-1.7550257164044585,1.2288534375518387,True,Adenocarcinoma
PRPF4,1.4869006669701428,1.227241962908326,1.244015840299077,1.3193861567258487,1.227241962908326,True,Escamoso
LOC101928100,2.2489775152651594,1.2267426478009524,2.270768928240692,1.9154963637689348,1.2267426478009524,True,Escamoso
FAM107B,-2.2947348367562053,-1.2252850176451027,-1.8421252329775677,-1.7873816957929585,1.2252850176451027,True,Adenocarcinoma
SPRR1B,2.796570606187459,1.2245528791011804,1.976458690388089,1.9991940585589092,1.2245528791011804,True,Escamoso
ATP11A,-2.2685214422022058,-1.2230825028349577,-1.7380453043391404,-1.743216416458768,1.2230825028349577,True,Adenocarcinoma
SDK2,1.460186685104517,1.222356871115482,1.4076070268509013,1.3633835276903001,1.222356871115482,True,Escamoso
GCLC,1.3046893393126036,1.2201096313129882,1.2916700677164155,1.2721563461140024,1.2201096313129882,True,Escamoso
BLMH,1.449213555247645,1.2264316396231172,1.2187259589521173,1.29812371794096,1.2187259589521173,True,Escamoso
SMO,1.5034645001197942,1.2183712949729917,1.4804876547827976,1.4007744832918612,1.2183712949729917,True,Escamoso
GALNT10,-1.665472235190646,-1.2167975044650563,-1.3096513624113746,-1.3973070340223588,1.2167975044650563,True,Adenocarcinoma
KCNK5,-2.223330955266046,-1.4714039588268115,-1.2159829782692828,-1.6369059641207135,1.2159829782692828,True,Adenocarcinoma
STEAP4,-1.484481082844372,-1.2158075956544807,-1.2321625649616283,-1.3108170811534936,1.2158075956544807,True,Adenocarcinoma
SH3KBP1,-1.7018875960146587,-1.2820289842308186,-1.2146856044128902,-1.3995340615527894,1.2146856044128902,True,Adenocarcinoma
ZFP64,2.2605326964665946,1.4311284408915437,1.2131184685516858,1.6349265353032747,1.2131184685516858,True,Escamoso
RAE1,1.541212027313437,1.3642105379351903,1.2087190139665456,1.3713805264050576,1.2087190139665456,True,Escamoso
SLC4A11,1.674624562514549,1.2083840127293137,1.2402349695313306,1.3744145149250644,1.2083840127293137,True,Escamoso
MRPL47,2.0277590633988245,1.2066419813927187,1.374198636414486,1.5361998937353432,1.2066419813927187,True,Escamoso
ALDH3B1,-2.059035117097005,-1.20458608013727,-1.5307939788607317,-1.598138392031669,1.20458608013727,True,Adenocarcinoma
ERBB3,-1.4046297915005646,-1.2045824929438638,-1.282622454881302,-1.2972782464419101,1.2045824929438638,True,Adenocarcinoma
LOC728554,1.5050609574250493,1.204435806433237,1.4283193294018366,1.3792720310867077,1.204435806433237,True,Escamoso
CEP19,2.3355079049912892,1.2017962745246005,1.8911787710134018,1.8094943168430973,1.2017962745246005,True,Escamoso
FAM162A,1.7541989516714118,1.200997933386484,1.4349983599299128,1.463398414995936,1.200997933386484,True,Escamoso
NUDT1,1.6828031782830055,1.2003452421370955,1.5782239717732696,1.4871241307311234,1.2003452421370955,True,Escamoso
HNF1B,-1.9558341589589798,-1.2969089514852807,-1.199065897307345,-1.4839363359172018,1.199065897307345,True,Adenocarcinoma
HEY1,1.1975839482804758,1.2499412464262016,1.4584791009739517,1.302001431893543,1.1975839482804758,True,Escamoso
MBIP,-1.9273586651409718,-1.1955558894871732,-1.3781639049646885,-1.5003594865309446,1.1955558894871732,True,Adenocarcinoma
CDCA4,1.9816555753258824,1.1952995208512878,1.2909202466429637,1.4892917809400448,1.1952995208512878,True,Escamoso
C17orf99,1.4830221409984672,1.1947951649415518,1.5250482143921698,1.400955173444063,1.1947951649415518,True,Escamoso
ERGIC1,-1.6259519351872478,-1.2400824307076852,-1.1946370951331067,-1.3535571536760134,1.1946370951331067,True,Adenocarcinoma
HAS3,1.4972878238726535,1.1940431024835403,1.9946150432546073,1.561981989870267,1.1940431024835403,True,Escamoso
HPN,-1.8049631177650052,-1.1935860229366322,-1.342302655422402,-1.4469505987080131,1.1935860229366322,True,Adenocarcinoma
CLDN1,2.0029244556031314,1.4174811566870424,1.1930318516095282,1.5378124879665673,1.1930318516095282,True,Escamoso
PAK7,1.443098020039291,1.1926575945850073,1.3479862819777866,1.3279139655340284,1.1926575945850073,True,Escamoso
FERMT1,1.8566143857757416,1.190834708038971,1.3992120291566106,1.4822203743237745,1.190834708038971,True,Escamoso
RP11-285F7.2,-1.6931637938138873,-1.1896137679845045,-1.2788439665795117,-1.387207176125968,1.1896137679845045,True,Adenocarcinoma
MYO5C,-1.660530538508496,-1.1881646985184604,-1.3190789960907172,-1.3892580777058914,1.1881646985184604,True,Adenocarcinoma
PTP4A2,-2.0618353843354815,-1.1880518636242938,-1.5391487780611313,-1.5963453420069689,1.1880518636242938,True,Adenocarcinoma
FAM13A,-1.9310641473674999,-1.1875023319093319,-1.6112463547012885,-1.5766042779927067,1.1875023319093319,True,Adenocarcinoma
TFAP2A,1.9772490518582426,1.255016367421106,1.186225096586316,1.4728301719552215,1.186225096586316,True,Escamoso
KRT18,-1.3565018673682037,-1.1848375566234848,-1.2842497005008684,-1.2751963748308524,1.1848375566234848,True,Adenocarcinoma
PTGFRN,1.9599626500400231,1.3206180922736765,1.182182381205378,1.4875877078396929,1.182182381205378,True,Escamoso
MGRN1,-1.8596023216327375,-1.240427118488851,-1.1817972289734253,-1.4272755563650046,1.1817972289734253,True,Adenocarcinoma
BC034636,2.2553794550005404,1.1804928698133748,1.9482556566556528,1.7947093271565226,1.1804928698133748,True,Escamoso
PPARGC1B,1.7900869132319066,1.2515178925985408,1.1802001328727396,1.4072683129010624,1.1802001328727396,True,Escamoso
FSCN1,2.453777586372062,1.2617784506929592,1.1782687718128824,1.6312749362926346,1.1782687718128824,True,Escamoso
FOLR1,-1.769117279260783,-1.178146474703732,-1.8482263921654507,-1.5984967153766554,1.178146474703732,True,Adenocarcinoma
MICAL3,1.7989720279499566,1.1763224887875534,1.253331078071364,1.4095418649362914,1.1763224887875534,True,Escamoso
SESN3,1.94906593668406,1.1752004624211783,2.219266410109556,1.7811776030715982,1.1752004624211783,True,Escamoso
CNTNAP2,1.5130161066060472,1.1747400254389595,1.2017754424114533,1.29651052481882,1.1747400254389595,True,Escamoso
TNS4,2.2422528267694086,1.3086113882921209,1.1727738814900126,1.5745460321838474,1.1727738814900126,True,Escamoso
LMO3,-1.8224876130827934,-1.1724164436181033,-1.1908820121201777,-1.395262022940358,1.1724164436181033,True,Adenocarcinoma
FAM84A,1.6746442364361929,1.1708816965255455,1.877502297622331,1.574342743528023,1.1708816965255455,True,Escamoso
RGL3,-1.9684231983778702,-1.170644642582599,-1.7085935205415759,-1.6158871205006815,1.170644642582599,True,Adenocarcinoma
ZNF385A,1.7963883322934109,1.1702332676084406,1.374136170443413,1.446919256781755,1.1702332676084406,True,Escamoso
ERRFI1,-1.2578137572566523,-1.1689689788441238,-1.2920670587302758,-1.2396165982770173,1.1689689788441238,True,Adenocarcinoma
ACKR3,2.0648814350081297,1.1684767613603018,1.3128002317203413,1.5153861426962578,1.1684767613603018,True,Escamoso
IGSF3,1.928201474999276,1.357986947198006,1.1671484395447287,1.4844456205806702,1.1671484395447287,True,Escamoso
TMPRSS4,1.2582166318785595,1.1658023379415234,1.3552720851234166,1.2597636849811666,1.1658023379415234,True,Escamoso
PLEKHG3,2.00077147907699,1.1637445721500257,1.9037212267103207,1.6894124259791121,1.1637445721500257,True,Escamoso
EFS,1.6061554914999538,1.1635671711010571,1.4868646634840643,1.4188624420283584,1.1635671711010571,True,Escamoso
ADD2,1.1825953734963013,1.1635412301303394,1.20563944193445,1.1839253485203636,1.1635412301303394,True,Escamoso
RAPH1,-1.6306337458424023,-1.1633389295756071,-1.3904917726821224,-1.394821482700044,1.1633389295756071,True,Adenocarcinoma
LSG1,2.231913231662007,1.1605536639001661,1.6038290829889261,1.6654319928503665,1.1605536639001661,True,Escamoso
RAB17,-2.213322676192998,-1.1598804472601199,-1.8474620058862747,-1.7402217097797976,1.1598804472601199,True,Adenocarcinoma
GJB2,1.9554931510428757,1.159525457746221,1.6931037214603624,1.6027074434164863,1.159525457746221,True,Escamoso
PCYT1B,1.3350506746499822,1.159198606504034,1.4318733177091703,1.3087075329543956,1.159198606504034,True,Escamoso
RPS6KA2,-1.906156443406857,-1.1590028807643225,-1.237098247864179,-1.4340858573451196,1.1590028807643225,True,Adenocarcinoma
PON2,-1.6590140589689093,-1.1588678380421555,-1.363576418632363,-1.3938194385478093,1.1588678380421555,True,Adenocarcinoma
MST1R,-1.3111575100160469,-1.1861448239539212,-1.1588173300938804,-1.2187065546879496,1.1588173300938804,True,Adenocarcinoma
CEL,1.270133668004448,1.2994954795448619,1.1584145268299522,1.2426812247930872,1.1584145268299522,True,Escamoso
ATP11B,2.48644604948863,1.156420032369636,2.313460920107561,1.985442333988609,1.156420032369636,True,Escamoso
BAIAP2-AS1,-1.6326363558507861,-1.1554881750249544,-1.243163208245067,-1.343762579706936,1.1554881750249544,True,Adenocarcinoma
RASSF9,1.4471312577321878,1.1521635130743704,1.3665993712098357,1.3219647140054647,1.1521635130743704,True,Escamoso
FZD10,1.150994764586359,1.180182475207479,1.3760431544755174,1.2357401314231184,1.150994764586359,True,Escamoso
P2RY1,2.174453038111746,1.1502761691815355,1.95673568692903,1.760488298074104,1.1502761691815355,True,Escamoso
IL20RB,1.274352253073884,1.1491714932590265,1.2886377299271137,1.2373871587533414,1.1491714932590265,True,Escamoso
B3GNT5,2.0035586016988303,1.148648898584759,1.1621855428401378,1.4381310143745758,1.148648898584759,True,Escamoso
ZDHHC9,-1.7016987892621578,-1.2845365248742677,-1.14720518111326,-1.3778134984165618,1.14720518111326,True,Adenocarcinoma
A4GALT,1.266561059563695,1.4568915505713675,1.146231566037982,1.289894725391015,1.146231566037982,True,Escamoso
C9orf152,-1.7615207054146604,-1.1448721678568516,-1.179564161785066,-1.3619856783521929,1.1448721678568516,True,Adenocarcinoma
AC079305.10,1.1533427685396447,1.144855925470814,1.2220253470187628,1.1734080136764071,1.144855925470814,True,Escamoso
POLR2H,1.438143755764368,1.1440923901947542,1.2099096527766893,1.2640485995786037,1.1440923901947542,True,Escamoso
INPPL1,-1.891145001486404,-1.1435526687303073,-1.2044672265307237,-1.413054965582478,1.1435526687303073,True,Adenocarcinoma
DIRC3,1.3166193272665616,1.1429343767845683,1.2642317429688807,1.2412618156733368,1.1429343767845683,True,Escamoso
UFC1,-1.851053883932929,-1.1414041375495037,-1.3957057937221722,-1.4627212717348683,1.1414041375495037,True,Adenocarcinoma
LARP6,1.7633547262379212,1.512906370973286,1.139650158311447,1.4719704185075513,1.139650158311447,True,Escamoso
EIF4G1,1.9097857906536053,1.1395227918813406,1.19332855558499,1.4142123793733121,1.1395227918813406,True,Escamoso
IFI27L2,1.1394747700452983,1.1592396739495658,1.1542021274491618,1.1509721904813421,1.1394747700452983,True,Escamoso
CHCHD6,1.4671187721929133,1.4309588350715816,1.1387277801053468,1.3456017957899473,1.1387277801053468,True,Escamoso
GPR133,-1.816778716147719,-1.1375754955947477,-1.3994213198382899,-1.451258510526919,1.1375754955947477,True,Adenocarcinoma
ARL4D,1.891118548106236,1.1375187734610395,1.6225074850590393,1.5503816022087715,1.1375187734610395,True,Escamoso
BID,1.48470048884417,1.2587622458348755,1.1372044375364878,1.2935557240718445,1.1372044375364878,True,Escamoso
AKR1C2,1.1367985807536252,1.151776582859639,1.2661116254593694,1.1848955963575445,1.1367985807536252,True,Escamoso
ADM,2.326708580190567,1.136288273780647,1.6217321083086698,1.6949096540932949,1.136288273780647,True,Escamoso
MAPKBP1,2.525544385976147,1.1347588619094653,1.6698617904060478,1.7767216794305536,1.1347588619094653,True,Escamoso
TET3,1.7914621386796261,1.3051602815706662,1.1343576260343584,1.4103266820948834,1.1343576260343584,True,Escamoso
DRG1,1.604298793394459,1.1339491451542827,1.4846765937179436,1.4076415107555615,1.1339491451542827,True,Escamoso
KIAA0930,1.6372223256864025,1.3723913300679547,1.1338413024186602,1.3811516527243393,1.1338413024186602,True,Escamoso
UBAC1,1.7236897551845742,1.131051983430864,1.2513887376091979,1.3687101587415453,1.131051983430864,True,Escamoso
C3orf67,1.5305412956762194,1.1307699380931706,1.1767638675716012,1.279358367113664,1.1307699380931706,True,Escamoso
SLC16A1,2.197311303053954,1.1880441631294993,1.1298586236426569,1.50507136327537,1.1298586236426569,True,Escamoso
CTSV,1.8797577166307,1.1284146967784463,1.1890186628344366,1.399063692081194,1.1284146967784463,True,Escamoso
HR,1.8596182104432233,1.4730888273881284,1.1284083474072377,1.4870384617461962,1.1284083474072377,True,Escamoso
TMEM150A,-1.9008224755626635,-1.1277097487063164,-1.2059959372789153,-1.4115093871826316,1.1277097487063164,True,Adenocarcinoma
RGMA,1.880981828788861,1.127423430730874,2.1959074210509275,1.7347708935235542,1.127423430730874,True,Escamoso
ECE2,1.9811585390943054,1.1258460391452434,1.3243745747952866,1.4771263843449451,1.1258460391452434,True,Escamoso
SENP5,2.33078608249179,1.125840682216545,2.0731965226664473,1.8432744291249274,1.125840682216545,True,Escamoso
LTB4R,1.7143333804081544,1.1254425354194197,1.294467738246804,1.3780812180247928,1.1254425354194197,True,Escamoso
JADE1,-1.9169629344169468,-1.1253556821283395,-1.4507080331461661,-1.4976755498971508,1.1253556821283395,True,Adenocarcinoma
LOC101928076,1.309238092249732,1.1351421517455849,1.124947515818175,1.1897759199378306,1.124947515818175,True,Escamoso
IGF2BP2,1.7852637541723677,1.124673320415955,1.4196240009353738,1.4431870251745653,1.124673320415955,True,Escamoso
RMND5A,2.0673643412477665,1.1236570962078611,1.8850394933009271,1.692020310252185,1.1236570962078611,True,Escamoso
PPP2R2C,1.123361475158968,1.2821907593788815,1.1474203507220322,1.1843241950866272,1.123361475158968,True,Escamoso
EIF5A2,1.9748127330581835,1.1207875004923604,1.2804640570177055,1.4586880968560834,1.1207875004923604,True,Escamoso
ARL6IP5,-1.8295137097200853,-1.1198701592368423,-1.426214154565606,-1.4585326745075111,1.1198701592368423,True,Adenocarcinoma
ABCC3,-1.6788148471601014,-1.119081091630399,-1.1373018716082415,-1.3117326034662473,1.119081091630399,True,Adenocarcinoma
CARD18,1.4507914982298789,1.200859692832811,1.118834401910882,1.2568285309911906,1.118834401910882,True,Escamoso
TP53AIP1,1.4371859069738493,1.1184614279354315,1.3053421717151836,1.2869965022081546,1.1184614279354315,True,Escamoso
ACTL6A,1.993135160752797,1.11802554895562,1.2868667275056713,1.4660091457380293,1.11802554895562,True,Escamoso
FAM83D,1.8514652598792112,1.2170747252247687,1.1172833347540998,1.3952744399526933,1.1172833347540998,True,Escamoso
C5orf66-AS1,1.204512349830132,1.1878192865826778,1.1166866231470864,1.1696727531866322,1.1166866231470864,True,Escamoso
WFDC5,1.562619655875567,1.5343236169374184,1.1158798925854807,1.4042743884661553,1.1158798925854807,True,Escamoso
LRRC8A,1.7733232363537828,1.1150050578316748,1.2726946798179803,1.387007658001146,1.1150050578316748,True,Escamoso
SLC34A2,-1.5600909059062524,-1.490481050990161,-1.1146382663740586,-1.3884034077568241,1.1146382663740586,True,Adenocarcinoma
PNCK,1.5947848902431303,1.1140681365496774,1.7739376670145144,1.4942635646024407,1.1140681365496774,True,Escamoso
TLE2,-1.7645576161787415,-1.113290530633743,-1.2330262435398582,-1.370291463450781,1.113290530633743,True,Adenocarcinoma
C12orf54,1.618989699755916,1.1124635608708588,1.6098626095598534,1.4471052900622094,1.1124635608708588,True,Escamoso
NRG1,1.3980465653956784,1.1124568927617176,1.5347951731487053,1.3484328771020337,1.1124568927617176,True,Escamoso
GPR161,1.2268274348133268,1.1121638703522145,1.275878210723877,1.2049565052964728,1.1121638703522145,True,Escamoso
LOC100996724,-1.3959723771252832,-1.111315083449928,-1.3205202363276043,-1.275935898967605,1.111315083449928,True,Adenocarcinoma
TCTEX1D2,1.6821179417564989,1.110915361324213,1.234040454038208,1.34235791903964,1.110915361324213,True,Escamoso
ARNTL2,1.7864541978261796,1.1108558585186605,1.3523162106249018,1.4165420889899139,1.1108558585186605,True,Escamoso
GINS2,1.4225871686596834,1.1098914527880261,1.2387717903056195,1.257083470584443,1.1098914527880261,True,Escamoso
HOXD13,1.5068623673524286,1.1969551535324383,1.1076156259217502,1.2704777156022056,1.1076156259217502,True,Escamoso
DPP4,-1.5830907557023297,-1.106738100319271,-1.1993622954400902,-1.2963970504872302,1.106738100319271,True,Adenocarcinoma
CDCA3,1.4493862674215259,1.106530618508163,1.187668926443435,1.247861937457708,1.106530618508163,True,Escamoso
SREBF2,1.401676121053487,1.238956677711576,1.1063230907429058,1.2489852965026562,1.1063230907429058,True,Escamoso
FANCI,1.9720601874502028,1.1890215683718013,1.1059510073575787,1.4223442543931943,1.1059510073575787,True,Escamoso
CGB7,1.3686585007349867,1.1035154488599748,1.291533659746589,1.2545692031138502,1.1035154488599748,True,Escamoso
CYP4F11,1.1466421145226462,1.2048888774914288,1.1020958297210677,1.1512089405783807,1.1020958297210677,True,Escamoso
GPI,1.4910823002186209,1.097097850894981,1.5027145726658235,1.3636315745931418,1.097097850894981,True,Escamoso
SOX2-OT,1.479764745841869,1.0970209534448299,1.4542913881722528,1.3436923624863173,1.0970209534448299,True,Escamoso
GABRR1,1.367398901506127,1.0956227892595178,1.3330785784984822,1.2653667564213757,1.0956227892595178,True,Escamoso
SHOX2,1.7780865700862358,1.0949131970991133,1.0998494568341326,1.3242830746731606,1.0949131970991133,True,Escamoso
CITED2,-1.3633149719545186,-1.0945755174469363,-1.3402790084587874,-1.2660564992867476,1.0945755174469363,True,Adenocarcinoma
FOXL2,1.3481482961072837,1.2733179199709816,1.0939501091858248,1.2384721084213635,1.0939501091858248,True,Escamoso
CD109,2.1243435591705957,1.2527833324797175,1.0936994445092794,1.4902754453865308,1.0936994445092794,True,Escamoso
TRPV4,2.0518122932605776,1.2954441017528913,1.0927734308619537,1.480009941958474,1.0927734308619537,True,Escamoso
NKAIN2,1.1626941048391792,1.0917304594839259,1.5552898984658396,1.2699048209296482,1.0917304594839259,True,Escamoso
CDC45,1.9311840291407607,1.3262575815758488,1.0916852388407106,1.4497089498524403,1.0916852388407106,True,Escamoso
RBM19,1.123628776088635,1.0910901994939879,1.1218785091594012,1.1121991615806748,1.0910901994939879,True,Escamoso
NCAPD2,1.760257853699062,1.0904533240719445,1.2169837198785998,1.3558982992165352,1.0904533240719445,True,Escamoso
PLEKHA6,-1.665147167357514,-1.0901086432247489,-1.5488507419489743,-1.4347021841770788,1.0901086432247489,True,Adenocarcinoma
KEAP1,1.385857257788455,1.0895019288389618,1.1829364632512582,1.2194318832928916,1.0895019288389618,True,Escamoso
IPPK,2.231444695301344,1.0893190594121047,1.3800495957855161,1.566937783499655,1.0893190594121047,True,Escamoso
RAB27A,-1.7574587021569132,-1.0890851866535436,-1.45558527906615,-1.4340430559588688,1.0890851866535436,True,Adenocarcinoma
PRC1,1.6735724864843327,1.088398803527431,1.1082356223363445,1.2900689707827029,1.088398803527431,True,Escamoso
RP11-1L12.3,1.6704439246418297,1.0879576508927413,1.8850635504904345,1.547821708675002,1.0879576508927413,True,Escamoso
ZNF254,-1.4824097030145558,-1.086025181740376,-1.1698255935041573,-1.2460868260863631,1.086025181740376,True,Adenocarcinoma
OIP5,1.6956706462806412,1.0859255200038853,1.1421993006223474,1.3079318223022913,1.0859255200038853,True,Escamoso
CDCA5,1.4652598500625926,1.1358742789684468,1.084974259953353,1.2287027963281307,1.084974259953353,True,Escamoso
LYSMD4,2.1003442928785425,1.4045464662971705,1.0841920184026708,1.5296942591927944,1.0841920184026708,True,Escamoso
MIR3658,1.5233733351878487,1.2127145225739129,1.083764475836854,1.2732841111995385,1.083764475836854,True,Escamoso
C1orf210,-1.5512496528694868,-1.0837176368723032,-1.1980037069129532,-1.2776569988849145,1.0837176368723032,True,Adenocarcinoma
VSTM2L,-1.4002843838771781,-1.0821630349040854,-1.2434532965111709,-1.2419669050974782,1.0821630349040854,True,Adenocarcinoma
FJX1,2.077360571392378,1.0818456499002198,1.11554320758806,1.4249164762935527,1.0818456499002198,True,Escamoso
TTL,1.9302876009352963,1.0816292110549088,1.1517598073852062,1.3878922064584704,1.0816292110549088,True,Escamoso
STS,-1.286274162063197,-1.0813163061494282,-1.3550116120442146,-1.2408673600856133,1.0813163061494282,True,Adenocarcinoma
CDK6,1.9105433304477537,1.0803508286479966,1.2565200376336048,1.4158047322431184,1.0803508286479966,True,Escamoso
CEBPG,1.5845516981497683,1.0802341684396546,1.8305335814858636,1.4984398160250956,1.0802341684396546,True,Escamoso
CDK5R1,1.9119410782563024,1.079743716645099,1.316904291752237,1.4361963622178795,1.079743716645099,True,Escamoso
SNAI2,2.5969324275160184,1.079193041356005,1.3736194350222533,1.683248301298092,1.079193041356005,True,Escamoso
FBL,1.0788849344565548,1.092980977252836,1.3904412035536655,1.1874357050876856,1.0788849344565548,True,Escamoso
ARHGAP29,-1.6139108287370898,-1.1904598921448089,-1.078660326116052,-1.2943436823326502,1.078660326116052,True,Adenocarcinoma
FAM149A,-1.528561437689999,-1.1980459181579417,-1.0786158348507249,-1.2684077302328884,1.0786158348507249,True,Adenocarcinoma
TMEM50B,-1.4264823588436706,-1.0786098018159789,-1.1457203514997312,-1.216937504053127,1.0786098018159789,True,Adenocarcinoma
SOWAHC,2.0110082794152464,1.0781971694558665,1.4273092627213362,1.5055049038641497,1.0781971694558665,True,Escamoso
SLC44A3,-1.5689555929647798,-1.1490334217405929,-1.078069771795719,-1.2653529288336973,1.078069771795719,True,Adenocarcinoma
HS6ST1,1.5323109900397156,1.077596297361985,1.2444922342123614,1.2847998405380208,1.077596297361985,True,Escamoso
KRTAP19-1,1.2938875024796979,1.1232444602778184,1.075076582922196,1.1640695152265708,1.075076582922196,True,Escamoso
CACNA1B,1.4270098044511463,1.0740189434147311,1.6859806535378041,1.3956698004678938,1.0740189434147311,True,Escamoso
FBP1,-1.7730517595011703,-1.0907336394573672,-1.073077290793236,-1.3122875632505913,1.073077290793236,True,Adenocarcinoma
EMB,-1.5853592535527783,-1.0730479767313836,-1.2274990920217388,-1.2953021074353002,1.0730479767313836,True,Adenocarcinoma
CCDC85C,1.4985839410292574,1.0728813481086317,1.078087662386345,1.216517650508078,1.0728813481086317,True,Escamoso
SYNE4,-1.1091479048843178,-1.0728249966724668,-1.12942178485821,-1.1037982288049983,1.0728249966724668,True,Adenocarcinoma
RTCB,1.3555552015314303,1.1194000137863844,1.072775253315044,1.1825768228776197,1.072775253315044,True,Escamoso
TMEM79,1.889602836179521,1.43864681947379,1.0725186737098176,1.466922776454376,1.0725186737098176,True,Escamoso
GALM,-2.2990676651223394,-1.4784103863751477,-1.0710669021371675,-1.6161816512115514,1.0710669021371675,True,Adenocarcinoma
GPR116,-1.8447054930571778,-1.3257873341317865,-1.070730187566777,-1.4137410049185803,1.070730187566777,True,Adenocarcinoma
RGS8,-1.5489576937264915,-1.0706098500992216,-1.3768488175311318,-1.3321387871189483,1.0706098500992216,True,Adenocarcinoma
ZIC2,1.827257496227925,1.2990362844454546,1.0705705682543478,1.398954782975909,1.0705705682543478,True,Escamoso
TOX3,-2.1382493179219093,-1.0704351320507757,-1.625377207488064,-1.6113538858202496,1.0704351320507757,True,Adenocarcinoma
TOMM22,1.5706723245691854,1.312141197066468,1.0703138960164744,1.3177091392173759,1.0703138960164744,True,Escamoso
TMEM158,2.134545260112009,1.2435476734531428,1.0700391263204758,1.4827106866285427,1.0700391263204758,True,Escamoso
LINC00520,1.2111900017025983,1.1681702188302474,1.0696894017899263,1.1496832074409238,1.0696894017899263,True,Escamoso
HK2,1.6711322124534962,1.06965610201635,1.4768333356601184,1.4058738833766549,1.06965610201635,True,Escamoso
FAM105A,-1.4661782371022802,-1.0695400625181901,-1.0752504390755218,-1.2036562462319973,1.0695400625181901,True,Adenocarcinoma
LIFR,-1.2893030931353637,-1.0691683100998417,-1.1111089375391672,-1.1565267802581243,1.0691683100998417,True,Adenocarcinoma
MRPS12,1.0945361318421654,1.0689178950857268,1.1213925793749804,1.0949488687676243,1.0689178950857268,True,Escamoso
NGRN,1.308261670322042,1.0688929666188718,1.177286805311484,1.1848138140841327,1.0688929666188718,True,Escamoso
TMPRSS2,-1.3734270644980595,-1.1367322920323488,-1.0686429571878862,-1.1929341045727648,1.0686429571878862,True,Adenocarcinoma
EPB41L5,-1.6254924857443924,-1.0686317092642041,-1.142271438172899,-1.2787985443938317,1.0686317092642041,True,Adenocarcinoma
GTSE1,1.5343481941066426,1.0679872939061268,1.1699996301636209,1.2574450393921301,1.0679872939061268,True,Escamoso
NDNF,-1.573232809221962,-1.065906852489948,-1.1808103934478227,-1.2733166850532445,1.065906852489948,True,Adenocarcinoma
GJB3,2.410274811044956,1.2874513589464924,1.0650737248500195,1.587599964947156,1.0650737248500195,True,Escamoso
POLQ,1.9173235131654693,1.0644432269370856,1.2385602606040111,1.4067756669021885,1.0644432269370856,True,Escamoso
MGME1,1.7001515609987423,1.063869133822456,1.2669851571534243,1.3436686173248742,1.063869133822456,True,Escamoso
PCSK9,1.3697031411356855,1.2207836718256826,1.0632291523420372,1.2179053217678018,1.0632291523420372,True,Escamoso
EPHB3,1.3924883803278978,1.0766364838155438,1.062990223122741,1.1773716957553944,1.062990223122741,True,Escamoso
KCNQ3,-1.4354596446656844,-1.0624752932489612,-1.1192412339789979,-1.2057253906312144,1.0624752932489612,True,Adenocarcinoma
NDUFB5,1.8196047345065296,1.0608228380847278,1.6445623286115314,1.5083299670675963,1.0608228380847278,True,Escamoso
IGFL1,1.4000968881799791,1.0598001626125972,1.085143628632116,1.1816802264748973,1.0598001626125972,True,Escamoso
ALDH3A1,1.4697843533984314,1.059425463992992,1.804672803040579,1.444627540144001,1.059425463992992,True,Escamoso
FNBP1L,-1.8049938665629965,-1.0580761859372103,-1.5138920081095548,-1.4589873535365872,1.0580761859372103,True,Adenocarcinoma
PRSS8,-1.4523468999946523,-1.0562898800644003,-1.2161767680396085,-1.241604516032887,1.0562898800644003,True,Adenocarcinoma
H2AFY2,1.398028118652373,1.0557392223157211,1.7001578867360732,1.384641742568056,1.0557392223157211,True,Escamoso
C1orf116,-1.0553504913739493,-1.0961492107929718,-1.1632077615271483,-1.1049024878980231,1.0553504913739493,True,Adenocarcinoma
PSAT1,1.8931528427884896,1.0550390398268994,1.109929013848443,1.352706965487944,1.0550390398268994,True,Escamoso
ADCY10,1.1832390755356852,1.3063600024894244,1.05392600744077,1.1811750284886264,1.05392600744077,True,Escamoso
LOC101928830,-1.9452586567495953,-1.0536533978541927,-1.0919538706983456,-1.3636219751007113,1.0536533978541927,True,Adenocarcinoma
WASF1,1.5185725186585608,1.099134394924549,1.0525154767662437,1.2234074634497845,1.0525154767662437,True,Escamoso
TESC,-1.9183152988000756,-1.0516270743503147,-1.201036179627607,-1.3903261842593324,1.0516270743503147,True,Adenocarcinoma
ZBTB7C,1.7890826934942208,1.0511503441692698,1.6400736439926815,1.4934355605520573,1.0511503441692698,True,Escamoso
DNAJC19,1.4414024530239917,1.0508828028483497,1.494879502629728,1.3290549195006898,1.0508828028483497,True,Escamoso
CENPM,1.7248442199957064,1.3156151368999751,1.05049304300458,1.3636507999667538,1.05049304300458,True,Escamoso
SHROOM3,-1.81856512169354,-1.0502161971795425,-1.5174897792904065,-1.4620903660544962,1.0502161971795425,True,Adenocarcinoma
MMP10,1.6278656010857102,1.1389853672910628,1.050181428634632,1.2723441323371352,1.050181428634632,True,Escamoso
KLC3,1.772727446316238,1.101818673248063,1.0492628457691218,1.3079363217778077,1.0492628457691218,True,Escamoso
EIF4EBP1,1.2872342437323585,1.0488128089715554,1.145428190043762,1.1604917475825587,1.0488128089715554,True,Escamoso
PIR,1.0483195163480572,1.1273599477328133,1.4931671136448865,1.2229488592419189,1.0483195163480572,True,Escamoso
CYP2B6,-1.7230625776627957,-1.0481265896759564,-1.1070625037463897,-1.2927505570283806,1.0481265896759564,True,Adenocarcinoma
VANGL2,1.8072255418923004,1.348250682043567,1.0467328625171284,1.4007363621509985,1.0467328625171284,True,Escamoso
VDAC2,1.6684884333920307,1.046001936816679,1.5347867227872445,1.416425697665318,1.046001936816679,True,Escamoso
LINC00626,1.0456091267511578,1.2733554492182044,1.1375136401134136,1.1521594053609252,1.0456091267511578,True,Escamoso
ARSD,-1.5508556424724067,-1.0450600840727617,-1.1616470454624157,-1.2525209240025281,1.0450600840727617,True,Adenocarcinoma
RHOBTB2,-1.765653676291667,-1.0445408810797279,-1.3386507410209676,-1.3829484327974544,1.0445408810797279,True,Adenocarcinoma
TGM1,1.6402062462492797,1.0443968860624782,1.5127688719488073,1.3991240014201882,1.0443968860624782,True,Escamoso
SLAIN1,-2.1825070014653716,-1.0442805424996755,-1.2500884143685378,-1.492291986111195,1.0442805424996755,True,Adenocarcinoma
LYPD6B,1.0442767385852387,1.4108835966893,1.0580759822200003,1.1710787724981797,1.0442767385852387,True,Escamoso
ICAM1,-1.2152678615920518,-1.1196244573820537,-1.044159372327029,-1.126350563767045,1.044159372327029,True,Adenocarcinoma
SGMS2,-1.7447090512422774,-1.0440127693762642,-1.5345414372588528,-1.4410877526257984,1.0440127693762642,True,Adenocarcinoma
HMGCS1,2.0356599504210147,1.0439368904702029,1.5840164360312508,1.5545377589741562,1.0439368904702029,True,Escamoso
CCDC86,1.5726295878148007,1.0431320200104979,1.1613154163167698,1.2590256747140227,1.0431320200104979,True,Escamoso
FOXM1,1.7158362897785961,1.042154241876522,1.1561417799903573,1.3047107705484917,1.042154241876522,True,Escamoso
C15orf41,2.16000015334045,1.04140053724562,1.2830976587538838,1.494832783113318,1.04140053724562,True,Escamoso
IRX4,1.278619179719987,1.2044546943170236,1.0398990623067212,1.1743243121145774,1.0398990623067212,True,Escamoso
TWIST1,1.7508391351250727,1.0390479546175893,1.0667042993612048,1.2855304630346223,1.0390479546175893,True,Escamoso
TSPAN13,-1.4468796360368077,-1.0387793481222471,-1.2642343635951487,-1.249964449251401,1.0387793481222471,True,Adenocarcinoma
TMEM45B,-1.7157831396849736,-1.0382925371263743,-1.4712824881651747,-1.4084527216588407,1.0382925371263743,True,Adenocarcinoma
PGM2,2.420799240613219,1.0382155582998962,1.7056476575313808,1.7215541521481654,1.0382155582998962,True,Escamoso
LOC100506870,1.1655846919580564,1.062730263320722,1.0379079873534176,1.0887409808773987,1.0379079873534176,True,Escamoso
PADI3,1.191709198574163,1.046277998824302,1.037900641417686,1.091962612938717,1.037900641417686,True,Escamoso
IGFBP2,1.0374168990395056,1.3091661714916343,1.2974958921162023,1.2146929875491141,1.0374168990395056,True,Escamoso
NDRG1,1.5302858498329124,1.0369282832487297,1.3491398257237033,1.3054513196017818,1.0369282832487297,True,Escamoso
LCE3D,1.225405770000885,1.0365503000926515,1.1193332868816859,1.1270964523250742,1.0365503000926515,True,Escamoso
MPPED1,1.1276080755927766,1.036446552993203,1.0687394304636746,1.077598019683218,1.036446552993203,True,Escamoso
TMEM92,-1.4297860655745527,-1.0361052423264272,-1.5216164897156035,-1.3291692658721945,1.0361052423264272,True,Adenocarcinoma
BIRC5,1.5661722954302064,1.0940399194802555,1.0355315769745497,1.2319145972950039,1.0355315769745497,True,Escamoso
MYO6,-1.4491518313886145,-1.0352799491096771,-1.1111971166792178,-1.1985429657258366,1.0352799491096771,True,Adenocarcinoma
ITGA6,2.4649518942189528,1.2549183372237536,1.035094284211758,1.5849881718848213,1.035094284211758,True,Escamoso
PHLDB2,1.942464960276676,1.0348543430436958,1.2890176589346585,1.4221123207516768,1.0348543430436958,True,Escamoso
TBPL1,1.653105734965782,1.0338284930188677,1.3262731212391246,1.3377357830745915,1.0338284930188677,True,Escamoso
MCC,2.0925111986561764,1.0332404474981707,1.177951970732991,1.4345678722957793,1.0332404474981707,True,Escamoso
FYCO1,-1.1336431997712413,-1.0295900805112599,-1.5530101672728027,-1.238747815851768,1.0295900805112599,True,Adenocarcinoma
CMSS1,1.737036614523758,1.029398124740103,1.1128890131881288,1.2931079174839966,1.029398124740103,True,Escamoso
DNALI1,-2.3382439570525695,-1.029010511191628,-1.2119458768674993,-1.5264001150372322,1.029010511191628,True,Adenocarcinoma
CDC25A,1.5364958816980416,1.0288105527396405,1.2864357460111346,1.2839140601496055,1.0288105527396405,True,Escamoso
LOC730101,1.0955066737873453,1.0282806017576112,1.2471990752341973,1.1236621169263847,1.0282806017576112,True,Escamoso
STK32A,-1.696818462976911,-1.0767917826518685,-1.0279968998504851,-1.2672023818264215,1.0279968998504851,True,Adenocarcinoma
DHCR7,1.3915396863047533,1.0278984362908652,1.1528767769400279,1.1907716331785487,1.0278984362908652,True,Escamoso
IGSF9,1.6607843438086403,1.0266196430554901,1.0988204421876222,1.2620748096839176,1.0266196430554901,True,Escamoso
STARD5,1.7196695527311583,1.3521783593790404,1.0262099242138614,1.3660192787746868,1.0262099242138614,True,Escamoso
SOSTDC1,1.817130315694117,1.0259143844728826,1.066988194805203,1.3033442983240675,1.0259143844728826,True,Escamoso
SOGA1,1.3259034567216985,1.0236970234430078,1.3927488929132945,1.2474497910260003,1.0236970234430078,True,Escamoso
IL36G,1.8989413323519537,1.0233693209132568,1.3354787879577088,1.4192631470743065,1.0233693209132568,True,Escamoso
NINJ2,-1.681338913345163,-1.023224208063798,-1.5954428606158975,-1.4333353273416194,1.023224208063798,True,Adenocarcinoma
SKP2,2.320149222448042,1.2019823693123326,1.022972153566387,1.515034581775587,1.022972153566387,True,Escamoso
CISH,-1.1998004137833782,-1.0225866178644265,-1.0380391160242928,-1.0868087158906992,1.0225866178644265,True,Adenocarcinoma
FAM43A,1.8566497318232882,1.3454415933322583,1.022154671038468,1.408081998731338,1.022154671038468,True,Escamoso
FAM212A,2.251561276422382,1.0221192220406423,1.4658515411507482,1.5798440132045908,1.0221192220406423,True,Escamoso
SLC16A4,-1.8954144464339806,-1.0220357526114867,-1.177397491650497,-1.364949230231988,1.0220357526114867,True,Adenocarcinoma
COL4A4,-1.6975275863080816,-1.1253215398403518,-1.0217656906286305,-1.2815382722590214,1.0217656906286305,True,Adenocarcinoma
PBXIP1,-1.8125459283585639,-1.0214470535996896,-1.6483966836322048,-1.4941298885301528,1.0214470535996896,True,Adenocarcinoma
CCNB2,1.60916810735294,1.0208019724108852,1.1894592125724694,1.2731430974454314,1.0208019724108852,True,Escamoso
ARHGAP44,-1.5019686627094582,-1.0203851367855954,-1.3104617114646793,-1.277605170319911,1.0203851367855954,True,Adenocarcinoma
IL6ST,-1.5553809875155482,-1.0186181749485719,-1.1452477062449558,-1.2397489562363586,1.0186181749485719,True,Adenocarcinoma
MVP,-1.5705776058469725,-1.018218074826447,-1.1418667128792463,-1.243554131184222,1.018218074826447,True,Adenocarcinoma
CAPN2,-1.1788374138429099,-1.2687992208683159,-1.0176757971619508,-1.1551041439577256,1.0176757971619508,True,Adenocarcinoma
RFC5,1.101662295333896,1.1485242500707475,1.0170423572627307,1.0890763008891247,1.0170423572627307,True,Escamoso
LINC00668,1.5064107192268223,1.0157053834732446,1.3451022794587062,1.2890727940529243,1.0157053834732446,True,Escamoso
CC2D1B,-1.347621766573973,-1.0154186301862955,-1.1330743340647074,-1.1653715769416586,1.0154186301862955,True,Adenocarcinoma
CD302,-1.8553419909864257,-1.014760211611795,-1.1992732987989099,-1.3564585004657104,1.014760211611795,True,Adenocarcinoma
LLGL2,-1.6876272416258857,-1.0145977354574167,-1.177407172829003,-1.2932107166374351,1.0145977354574167,True,Adenocarcinoma
FETUB,1.3019109718545967,1.029807169408011,1.0144745417729633,1.115397561011857,1.0144745417729633,True,Escamoso
C16orf89,-1.5512974459046123,-1.146729418374849,-1.013789287629991,-1.237272050636484,1.013789287629991,True,Adenocarcinoma
TMEM53,-1.7361059787495232,-1.0137182772307194,-1.308087140246936,-1.3526371320757262,1.0137182772307194,True,Adenocarcinoma
KRT33A,1.2814492500124328,1.0133518066312928,1.2290368593556553,1.1746126386664604,1.0133518066312928,True,Escamoso
SGK1,1.4367796290592334,1.0124297295389413,1.051895051464106,1.1670348033540936,1.0124297295389413,True,Escamoso
TSPAN12,-1.737182990383498,-1.0175224045660123,-1.0122841096604875,-1.2556631682033326,1.0122841096604875,True,Adenocarcinoma
CYP4F2,1.0804583008724669,1.3606642468400847,1.0121600116255804,1.151094186446044,1.0121600116255804,True,Escamoso
AHCYL2,-1.5746887993699912,-1.0115864910298735,-1.2486410201646458,-1.278305436854837,1.0115864910298735,True,Adenocarcinoma
SAMM50,1.276822457326755,1.046158413990267,1.010701147745308,1.1112273396874435,1.010701147745308,True,Escamoso
TMEM192,-1.6468692199518546,-1.0106959714015613,-1.2457902063202049,-1.301118465891207,1.0106959714015613,True,Adenocarcinoma
KDR,-1.3058139063941283,-1.0603546384321623,-1.0106575333890095,-1.1256086927384334,1.0106575333890095,True,Adenocarcinoma
ORC6,1.73680088003479,1.010536975362999,1.5970027494091865,1.4481135349356584,1.010536975362999,True,Escamoso
FBXO27,1.0105294644934357,1.2617799324622645,1.7414623506397824,1.3379239158651608,1.0105294644934357,True,Escamoso
TMEM62,-1.8924778125141761,-1.010151781006617,-1.1784975166738691,-1.360375703398221,1.010151781006617,True,Adenocarcinoma
INO80C,1.058900418280984,1.0605177472240146,1.0098040490392897,1.0430740715147628,1.0098040490392897,True,Escamoso
GFOD1,1.8328930732819488,1.0095514375527705,1.5180172037105002,1.4534872381817399,1.0095514375527705,True,Escamoso
CENPA,1.6238058174697072,1.0932827205377273,1.0090996697551096,1.242062735920848,1.0090996697551096,True,Escamoso
TROAP,1.5348343749432671,1.0089165330891496,1.207101814303242,1.2502842407785528,1.0089165330891496,True,Escamoso
RPH3AL,-1.5740408274281499,-1.1888435120361602,-1.0087959275137384,-1.2572267556593495,1.0087959275137384,True,Adenocarcinoma
MTCL1,1.708866648848555,1.0083654183226296,1.221067455688843,1.3127665076200092,1.0083654183226296,True,Escamoso
CXXC5,-1.7724979494526745,-1.082040031070382,-1.007688156683423,-1.2874087124021598,1.007688156683423,True,Adenocarcinoma
RP11-38P22.2,2.4105308669214685,1.007604425891009,2.3820515784039404,1.9333956237388061,1.007604425891009,True,Escamoso
MCM5,1.7562858354959676,1.1498592221699393,1.0063714847269214,1.3041721807976094,1.0063714847269214,True,Escamoso
PPIF,2.0933997792374153,1.1926066946200928,1.0061661184000852,1.4307241974191978,1.0061661184000852,True,Escamoso
EFCAB4A,-1.5321671072347074,-1.005711439469355,-1.278078698412092,-1.2719857483720516,1.005711439469355,True,Adenocarcinoma
NIPAL4,1.4201220828195582,1.0719689445018703,1.0055281382345054,1.1658730551853111,1.0055281382345054,True,Escamoso
FAM131A,1.3318652451805806,1.0054125181591729,1.1847034634416729,1.1739937422604754,1.0054125181591729,True,Escamoso
CCND3,-1.2403818096457495,-1.0045432727535109,-1.2190210571259243,-1.1546487131750613,1.0045432727535109,True,Adenocarcinoma
KLHL42,1.548472228008742,1.004387632524835,1.095567326332583,1.2161423956220532,1.004387632524835,True,Escamoso
ABHD14A,-1.502287011158529,-1.0042788584331142,-1.4081227000858545,-1.3048961898924993,1.0042788584331142,True,Adenocarcinoma
PLS1,-1.8446737374615103,-1.0627237472753015,-1.0042276356503452,-1.3038750401290524,1.0042276356503452,True,Adenocarcinoma
SOAT1,-2.1262370401846495,-1.141874615475219,-1.0039145206306423,-1.4240087254301705,1.0039145206306423,True,Adenocarcinoma
SORBS2,-1.6039944349246844,-1.0029639610835588,-1.0903485092430736,-1.2324356350837722,1.0029639610835588,True,Adenocarcinoma
CLDN20,1.0024481678479842,1.0137700163024188,1.1152756195376714,1.0438312678960247,1.0024481678479842,True,Escamoso
FOXRED2,1.0215811702913171,1.0023328276690688,1.0303054925790764,1.0180731635131541,1.0023328276690688,True,Escamoso
ITGA9,-1.507220486382241,-1.190708768195473,-1.002284697990056,-1.2334046508559233,1.002284697990056,True,Adenocarcinoma
KRT31,1.4877429604911407,1.0021010679239908,1.2223324677097138,1.2373921653749484,1.0021010679239908,True,Escamoso
ATP5G3,1.2128371229494426,1.1672211206865835,1.00163959669968,1.1272326134452353,1.00163959669968,True,Escamoso
DUSP6,-1.0016013160616362,-1.2332458901421044,-1.0485027056083571,-1.0944499706040325,1.0016013160616362,True,Adenocarcinoma
UST,1.416323021955414,1.0013020032550692,1.883123021009861,1.433582682073448,1.0013020032550692,True,Escamoso
CYP2B7P,-1.5508480191635006,-1.0636504419005,-1.0012548617894812,-1.2052511076178272,1.0012548617894812,True,Adenocarcinoma
KIF13B,-1.8868207112683708,-0.9996993416846359,-1.3096060977622748,-1.3987087169050938,0.9996993416846359,True,Adenocarcinoma
NAPSA,-1.7103251522367395,-1.27397519563155,-0.9994832566863154,-1.3279278681848683,0.9994832566863154,True,Adenocarcinoma
SLC22A31,-1.7386250272026715,-1.1057794558167087,-0.9986420516563751,-1.281015511558585,0.9986420516563751,True,Adenocarcinoma
REEP4,1.9050220564592075,1.2094455708474676,0.9981987682061004,1.3708887985042584,0.9981987682061004,True,Escamoso
MGLL,-1.4271367212745,-0.9980761216079677,-1.1072995906100478,-1.1775041444975052,0.9980761216079677,True,Adenocarcinoma
FBN2,1.6155938850683376,0.9972256268097532,1.5876373705999038,1.4001522941593316,0.9972256268097532,True,Escamoso
LOC102724229,-1.3614455000078511,-0.9969579990739172,-1.1829189757391054,-1.1804408249402913,0.9969579990739172,True,Adenocarcinoma
LOC101927093,1.225286972521268,1.1330329504243286,0.9962516443886478,1.1181905224447481,0.9962516443886478,True,Escamoso
CD47,-0.995680718283552,-1.0399559039302881,-1.1007206944512404,-1.0454524388883601,0.995680718283552,True,Adenocarcinoma
STAP2,1.0938443292309976,0.9948326852047247,1.2448624807681763,1.1111798317346329,0.9948326852047247,True,Escamoso
HDGFRP3,1.5498006353406462,0.9944803863681315,1.2916038477661356,1.2786282898249712,0.9944803863681315,True,Escamoso
SLC1A4,1.4339982186867668,0.9943897840386844,1.186411808294838,1.2049332703400963,0.9943897840386844,True,Escamoso
RAP2B,1.872294746882906,0.9941755656081763,1.2113449908283191,1.3592717677731339,0.9941755656081763,True,Escamoso
SDC4,-1.432517113556016,-0.9918732205931318,-1.2372324681544558,-1.2205409341012012,0.9918732205931318,True,Adenocarcinoma
NRP1,-1.5734017649775547,-1.200482603951164,-0.9911228385992892,-1.255002402509336,0.9911228385992892,True,Adenocarcinoma
GLI2,1.166951574656597,0.9907690894960924,1.0872497001192896,1.0816567880906598,0.9907690894960924,True,Escamoso
FAM168B,1.0557356783569487,0.9893570050080097,1.1322778574109098,1.0591235135919561,0.9893570050080097,True,Escamoso
CKMT1A,1.6276912402985788,0.9892737204707686,1.3261754464350537,1.3143801357348004,0.9892737204707686,True,Escamoso
TMEM189,0.9890015821023531,1.0602282727046501,1.0891657214106671,1.0461318587392234,0.9890015821023531,True,Escamoso
ERMP1,1.2184052232968634,0.9885776598284124,0.9999293134920477,1.0689707322057747,0.9885776598284124,True,Escamoso
CECR5,1.406135859069685,0.9883582311499132,1.1274732181656997,1.1739891027950993,0.9883582311499132,True,Escamoso
SSR2,-1.3637450430772102,-0.9881328941808019,-1.0944164114944048,-1.1487647829174723,0.9881328941808019,True,Adenocarcinoma
GPR126,-0.9868197325454567,-1.073144988704036,-1.3294247306384357,-1.1297964839626429,0.9868197325454567,True,Adenocarcinoma
ATP8A1,-1.8146533084592065,-0.986392692645176,-1.2780990184391048,-1.3597150065144958,0.986392692645176,True,Adenocarcinoma
RNASE4,-1.6456125274193543,-0.986385322156456,-1.3379721377311844,-1.3233233291023316,0.986385322156456,True,Adenocarcinoma
ZNF703,1.370103790609274,1.0531104245929164,0.9863263668590034,1.1365135273537312,0.9863263668590034,True,Escamoso
TTC39A,-1.2653926297356588,-0.9859778769364465,-1.3378052278957169,-1.1963919115226074,0.9859778769364465,True,Adenocarcinoma
SQLE,1.2517496260526335,0.9856495338460494,1.1471311006724163,1.1281767535236995,0.9856495338460494,True,Escamoso
GRAMD2,-1.5222983777086088,-0.985534846027278,-1.021381716150902,-1.176404979962263,0.985534846027278,True,Adenocarcinoma
DGKA,2.3189101106445507,1.2982739989871597,0.9854294691583491,1.534204526263353,0.9854294691583491,True,Escamoso
CSNK1G1,1.5105579212268596,0.9852419601179503,1.5212679228165982,1.3390226013871362,0.9852419601179503,True,Escamoso
PAFAH2,-1.7750235158500383,-0.9845185947348102,-1.0448733830430565,-1.2681384978759684,0.9845185947348102,True,Adenocarcinoma
LINC01206,0.9840375708955439,1.1900867551194774,1.0220114616388156,1.0653785958846123,0.9840375708955439,True,Escamoso
NCS1,2.3777109092881394,1.0109258152918277,0.9836811012395712,1.4574392752731793,0.9836811012395712,True,Escamoso
RFTN1,-1.5568595165694095,-1.106166030099903,-0.9827936942474947,-1.2152730803056024,0.9827936942474947,True,Adenocarcinoma
SPINK1,-1.5575563652018085,-0.9825997634413202,-1.144907517126328,-1.228354548589819,0.9825997634413202,True,Adenocarcinoma
FZD7,1.4579906412230696,0.9821304525222384,1.5413556215416342,1.3271589050956474,0.9821304525222384,True,Escamoso
EMC8,0.9819035832662064,1.057953506635394,0.9907550441825462,1.0102040446947156,0.9819035832662064,True,Escamoso
METTL8,1.8853585407482862,0.9816433927240862,1.5432973022883012,1.4700997452535578,0.9816433927240862,True,Escamoso
UNC5CL,-1.3685892341199826,-0.9811383293538255,-1.001181162943218,-1.116969575472342,0.9811383293538255,True,Adenocarcinoma
AHCY,0.9913060615482143,0.9809990363021703,0.9900049476380568,0.9874366818294805,0.9809990363021703,True,Escamoso
ENPP4,-2.6991126977302247,-0.980085016353644,-1.6438576100323041,-1.774351774705391,0.980085016353644,True,Adenocarcinoma
LOC100129034,-1.8434588374964427,-1.1732873203987975,-0.9797932913015213,-1.3321798163989207,0.9797932913015213,True,Adenocarcinoma
MPHOSPH6,1.8055334440237827,0.9793851030590579,1.4031294063743716,1.3960159844857374,0.9793851030590579,True,Escamoso
COX5A,0.9786779883599429,1.0131678168621536,1.144787454623027,1.0455444199483745,0.9786779883599429,True,Escamoso
SPC25,1.4801989559561268,0.9940271375470603,0.9784949690737668,1.1509070208589847,0.9784949690737668,True,Escamoso
UNG,1.284101165865416,0.9784271571655329,1.1235824592522212,1.1287035940943901,0.9784271571655329,True,Escamoso
HAP1,1.3768747654368285,1.0427364296526735,0.9783753954959954,1.1326621968618324,0.9783753954959954,True,Escamoso
ATF6,-1.5053534236389832,-0.9776641841326291,-1.0707234686003975,-1.1845803587906698,0.9776641841326291,True,Adenocarcinoma
LONRF3,-2.058463743858349,-0.9773985647007783,-1.0960545587062567,-1.3773056224217948,0.9773985647007783,True,Adenocarcinoma
C1orf110,1.0568773542561616,0.9771942940209584,1.4429140014597286,1.1589952165789494,0.9771942940209584,True,Escamoso
PRKX,1.7774042816135265,0.9771401084824088,1.5681185890099985,1.4408876597019777,0.9771401084824088,True,Escamoso
BTBD9,-1.399787365066422,-0.9759752624556034,-1.199912456416592,-1.1918916946462057,0.9759752624556034,True,Adenocarcinoma
PLCH1,-1.7481012377335425,-1.0571103012698304,-0.9759631967729496,-1.2603915785921076,0.9759631967729496,True,Adenocarcinoma
PLEKHB1,-2.227770224413112,-0.9755100589765225,-1.3981155853299967,-1.533798622906544,0.9755100589765225,True,Adenocarcinoma
SH3BGRL2,-1.8450494477948751,-0.9754516526995753,-1.1983441574049938,-1.3396150859664813,0.9754516526995753,True,Adenocarcinoma
CYP4F3,1.1721794693113086,1.2129553438789904,0.9747754395009006,1.1199700842304,0.9747754395009006,True,Escamoso
LRBA,-1.6525449870588291,-0.9739340213622237,-1.5074279630581915,-1.3779689904930814,0.9739340213622237,True,Adenocarcinoma
STC2,1.5264915957431862,0.9739255691550008,1.3114438919900628,1.2706203522960833,0.9739255691550008,True,Escamoso
CLDN7,-1.0551068322331754,-0.9739137915946904,-0.9897497306216279,-1.0062567848164978,0.9739137915946904,True,Adenocarcinoma
SH3BP1,1.822808499584351,0.9738382522333453,1.0867676305788174,1.294471460798838,0.9738382522333453,True,Escamoso
EFNB1,2.0022150140578763,0.9737938527986393,1.0107016644724027,1.3289035104429727,0.9737938527986393,True,Escamoso
SPATA6,-1.2668231792921576,-0.9729559173584363,-1.0121298804475916,-1.0839696590327283,0.9729559173584363,True,Adenocarcinoma
NXT1,1.2024617891892222,0.9727113666505541,1.2680899708373847,1.1477543755590538,0.9727113666505541,True,Escamoso
BCL2L15,-1.4475476571792385,-1.094710843408543,-0.972471450754514,-1.1715766504474319,0.972471450754514,True,Adenocarcinoma
BC027448,1.7621289216396747,1.4992854728705152,0.9720730741619996,1.4111624895573964,0.9720730741619996,True,Escamoso
DLK2,2.0130599556338886,0.9717958548803163,1.5883600530803625,1.524405287864856,0.9717958548803163,True,Escamoso
C12orf56,1.5751311620336816,0.9706347792481624,1.0688510528377726,1.2048723313732055,0.9706347792481624,True,Escamoso
GLOD5,-1.8529977218800282,-0.9703297301619791,-1.2060765250563665,-1.3431346590327913,0.9703297301619791,True,Adenocarcinoma
PAM,-1.5700490122451303,-0.9701608920696517,-1.308591434033508,-1.28293377944943,0.9701608920696517,True,Adenocarcinoma
PTTG1IP,-1.3246061706057395,-1.2310323967546668,-0.9700923215713674,-1.1752436296439246,0.9700923215713674,True,Adenocarcinoma
SLC41A2,-2.2049763987099045,-0.9695599852246672,-1.5301152714392656,-1.5682172184579457,0.9695599852246672,True,Adenocarcinoma
SNCA,1.9155688594440996,1.1142657847049025,0.969453841822424,1.3330961619904753,0.969453841822424,True,Escamoso
STPG1,1.5371052507028975,0.9682269475715793,1.1703826053931023,1.225238267889193,0.9682269475715793,True,Escamoso
NSG1,1.7756658579133155,1.3212254577547744,0.9681747604940177,1.3550220253873693,0.9681747604940177,True,Escamoso
ASB2,1.0438820501197763,0.9680112177225588,1.0343269189827056,1.0154067289416802,0.9680112177225588,True,Escamoso
ATG4D,1.7312410358442951,0.9678660132316627,1.7338367794887384,1.4776479428548985,0.9678660132316627,True,Escamoso
MRPL36,1.26057919139393,1.0804966939133538,0.9666585388300546,1.1025781413791127,0.9666585388300546,True,Escamoso
ZNF639,1.9266633239699948,0.9642745341946033,1.7968113512867174,1.562583069817105,0.9642745341946033,True,Escamoso
FAM174B,-1.8253956032593126,-1.0385265419963063,-0.9637775908126812,-1.2758999120227668,0.9637775908126812,True,Adenocarcinoma
KRT17P5,1.5528375819952023,0.9631170885039726,1.579833092614318,1.3652625877044977,0.9631170885039726,True,Escamoso
GDPD1,-1.7181607250105544,-0.9628289789540199,-1.1302817184405987,-1.270423807468391,0.9628289789540199,True,Adenocarcinoma
FAXDC2,-1.3231286736124626,-0.9627415235669237,-1.3191554581031517,-1.2016752184275126,0.9627415235669237,True,Adenocarcinoma
FEZ1,1.359257818009691,0.9626681975562298,1.033886282616453,1.1186040993941246,0.9626681975562298,True,Escamoso
SUCLG2,-1.8919623790555733,-0.9624406195959012,-1.397974910380144,-1.4174593030105396,0.9624406195959012,True,Adenocarcinoma
PTPRE,-1.4733908310286075,-0.9624153726023044,-1.289722384948716,-1.2418428628598759,0.9624153726023044,True,Adenocarcinoma
MRPS11,1.158407351364378,0.9623357549778557,0.9886300203248234,1.036457708889019,0.9623357549778557,True,Escamoso
AF279780,2.101450878476938,0.9614115310872468,1.538068007168773,1.533643472244319,0.9614115310872468,True,Escamoso
KLF5,1.2224236094176375,0.9609369129216031,1.3045683121933005,1.1626429448441804,0.9609369129216031,True,Escamoso
DTL,1.597475776980153,0.96009582811918,1.054534733668633,1.2040354462559888,0.96009582811918,True,Escamoso
PLCH2,1.3360794457853644,0.9599333723072139,1.104556340173171,1.1335230527552498,0.9599333723072139,True,Escamoso
TMEM44,1.4207860851468312,0.9595164486493051,1.1253715762396774,1.1685580366786048,0.9595164486493051,True,Escamoso
TMC4,-1.3308906602625679,-0.9583555813231781,-0.9653096901955286,-1.0848519772604248,0.9583555813231781,True,Adenocarcinoma
NAA20,1.2673244043343534,0.9581152156820615,1.1840144794817709,1.1364846998327287,0.9581152156820615,True,Escamoso
WFDC2,-1.2857522941431399,-0.9577850185763573,-1.0790220611335533,-1.1075197912843502,0.9577850185763573,True,Adenocarcinoma
C15orf61,1.0964647909840808,0.9572004814544169,0.972950743980134,1.0088720054728773,0.9572004814544169,True,Escamoso
HSD17B11,-1.9712474326633023,-0.9569299982857098,-1.3989523503279437,-1.4423765937589854,0.9569299982857098,True,Adenocarcinoma
ERVMER34-1,1.2338628222660057,0.9568916756696141,1.061854383097603,1.0842029603444077,0.9568916756696141,True,Escamoso
BDH1,1.8218696305675337,0.9567490215995132,1.2462088399778786,1.3416091640483085,0.9567490215995132,True,Escamoso
UBL7-AS1,1.3992527233553882,0.9561628623551229,1.210683770080418,1.188699785263643,0.9561628623551229,True,Escamoso
SYTL3,-1.334943450866822,-1.0417354652027595,-0.9561191572481736,-1.1109326911059185,0.9561191572481736,True,Adenocarcinoma
HAGLROS,1.6999505532831996,0.9559275761783166,1.354641291782369,1.3368398070812948,0.9559275761783166,True,Escamoso
ENPP5,-1.882138957875312,-0.9555118636124317,-1.396248411406687,-1.4112997442981436,0.9555118636124317,True,Adenocarcinoma
FAM57A,1.4363321145999897,0.9548145785229686,1.2129703588542218,1.20137235065906,0.9548145785229686,True,Escamoso
UBE2S,1.7619429758431562,1.2371061713258873,0.9525795572688395,1.317209568145961,0.9525795572688395,True,Escamoso
GALE,-1.353806320370541,-0.9525637709729504,-1.8191410932613494,-1.3751703948682803,0.9525637709729504,True,Adenocarcinoma
NR3C2,-1.642978246446873,-1.0417372646019893,-0.9518609470585483,-1.2121921527024704,0.9518609470585483,True,Adenocarcinoma
SLCO2A1,-0.9513521404967609,-0.993657920305114,-1.0653516944970096,-1.0034539184329614,0.9513521404967609,True,Adenocarcinoma
GPNMB,1.3925664736717713,0.9508412701707899,1.6015704692516757,1.314992737698079,0.9508412701707899,True,Escamoso
ELP4,1.072211421965064,0.9500576155896361,1.0255271765220253,1.0159320713589086,0.9500576155896361,True,Escamoso
ARHGDIB,-1.455302212481735,-0.948375925911932,-1.0599080485376695,-1.1545287289771122,0.948375925911932,True,Adenocarcinoma
MIA3,-1.369591618593772,-0.9483572242748868,-1.1402120273338048,-1.1527202900674878,0.9483572242748868,True,Adenocarcinoma
ME3,-2.076341029492199,-0.9483267833813581,-1.4465301268997341,-1.4903993132577638,0.9483267833813581,True,Adenocarcinoma
SEMA6D,1.2069536874747004,0.9479926104107399,1.250606312061314,1.1351842033155848,0.9479926104107399,True,Escamoso
WSB1,-1.4497290016821305,-0.947697684913695,-1.1087609247438237,-1.1687292037798829,0.947697684913695,True,Adenocarcinoma
LINC01127,1.018606976273703,0.9475743203985134,1.1057143060134549,1.0239652008952238,0.9475743203985134,True,Escamoso
SH3RF2,1.7582591291878475,0.9470803637887625,1.8205072402156932,1.5086155777307677,0.9470803637887625,True,Escamoso
PDK4,-1.2951861405558973,-0.9468341539859009,-1.1578127590368734,-1.1332776845262238,0.9468341539859009,True,Adenocarcinoma
ACAP2,2.729401950069636,0.9448219499456466,2.2855517435903785,1.9865918812018872,0.9448219499456466,True,Escamoso
TGFBR2,-1.5939915354596486,-0.944520320960552,-1.0048075214096275,-1.1811064592766094,0.944520320960552,True,Adenocarcinoma
GOT2,1.3814286645155494,0.9444395465043514,1.7767532473747136,1.3675404861315383,0.9444395465043514,True,Escamoso
SUOX,-1.5505689459900132,-1.0161239215842244,-0.9441796983020414,-1.170290855292093,0.9441796983020414,True,Adenocarcinoma
DDX39A,1.6275367411468578,1.0130789389851862,0.9438775030570119,1.1948310610630186,0.9438775030570119,True,Escamoso
GAPDH,1.781372091462595,0.943824075869557,0.9539202367238353,1.2263721346853291,0.943824075869557,True,Escamoso
RNF126,1.8055011127705105,1.276554621453897,0.9436462591979442,1.3419006644741174,0.9436462591979442,True,Escamoso
NUP50,1.8035944911634176,1.0354105748533433,0.9432527498432375,1.2607526052866662,0.9432527498432375,True,Escamoso
SBF2-AS1,0.9421913291518534,1.0165982815799224,1.185385558471115,1.0480583897342968,0.9421913291518534,True,Escamoso
ALDH7A1,-1.1736624346465883,-0.9415084282454429,-1.5335345443161144,-1.2162351357360486,0.9415084282454429,True,Adenocarcinoma
LOC349160,1.5357601936313234,0.9414636813226257,1.4653684271475418,1.3141974340338303,0.9414636813226257,True,Escamoso
ASAH1,-1.9708878415129443,-0.9414111342881751,-1.1376380433002866,-1.3499790063671353,0.9414111342881751,True,Adenocarcinoma
SLCO3A1,1.2012433107325455,0.9413297055703745,1.3746284656814454,1.1724004939947885,0.9413297055703745,True,Escamoso
CHEK2,1.3646728846291512,0.9409544495239421,1.102300090699323,1.1359758082841387,0.9409544495239421,True,Escamoso
AUNIP,1.6286082309934373,0.9917299637128782,0.9406258100283779,1.186988001578231,0.9406258100283779,True,Escamoso
FHOD1,-1.4510470863319713,-1.1980478652947892,-0.9392717951138868,-1.196122248913549,0.9392717951138868,True,Adenocarcinoma
CCNJL,-1.910708163200625,-1.3329731309872979,-0.9383847158247329,-1.394022003337552,0.9383847158247329,True,Adenocarcinoma
GJA3,1.4960584636331176,1.0299550677522586,0.9382003714576536,1.1547379676143434,0.9382003714576536,True,Escamoso
FOLH1,0.9950986147353231,0.937788751085506,1.1309466866037359,1.021278017474855,0.937788751085506,True,Escamoso
KLRG2,1.4814617568887605,0.937208457931869,1.1740810606921885,1.1975837585042726,0.937208457931869,True,Escamoso
PTS,1.113195026247891,0.9366909938649854,0.9786196085634745,1.0095018762254504,0.9366909938649854,True,Escamoso
CYB561,-1.2589798694365013,-0.9804878485168762,-0.9362386274228798,-1.0585687817920857,0.9362386274228798,True,Adenocarcinoma
FRMD6,2.413920714952634,0.9358918761943337,1.937945573451488,1.762586054866152,0.9358918761943337,True,Escamoso
PLEKHG6,1.4935339123916331,1.0241294299738632,0.935854577538816,1.1511726399681041,0.935854577538816,True,Escamoso
TNFSF12-TNFSF13,-1.651246363781797,-0.9358270497224475,-1.125143204986217,-1.2374055394968204,0.9358270497224475,True,Adenocarcinoma
LOC100996760,1.5357695517995293,1.1741399944293462,0.9357181354253838,1.2152092272180866,0.9357181354253838,True,Escamoso
WDR5,1.5011511975956675,1.028058790962359,0.9356737526348651,1.1549612470642971,0.9356737526348651,True,Escamoso
SVIP,-1.7036751197414977,-0.9961621494850266,-0.9352665650986866,-1.2117012781084036,0.9352665650986866,True,Adenocarcinoma
FOXJ1,-1.6360163533030918,-1.016137546519419,-0.9349898462819616,-1.1957145820348243,0.9349898462819616,True,Adenocarcinoma
ASL,-1.0085693924497667,-0.9499806244627476,-0.9349696431097146,-0.964506553340743,0.9349696431097146,True,Adenocarcinoma
TMEM14A,1.2777326604461707,0.9349213791601039,1.4324708990311927,1.2150416462124891,0.9349213791601039,True,Escamoso
TMEM57,-1.5456603696133377,-0.9348503904011106,-1.1265929931194545,-1.2023679177113011,0.9348503904011106,True,Adenocarcinoma
ACAD8,-1.5852060040171092,-0.9341203499908108,-1.3504426578676765,-1.2899230039585323,0.9341203499908108,True,Adenocarcinoma
CDT1,1.4823307359406748,0.9588252507880913,0.9339677839963176,1.1250412569083612,0.9339677839963176,True,Escamoso
LINC00849,-1.5977737608984326,-0.933785400023856,-1.3673655576707737,-1.2996415728643542,0.933785400023856,True,Adenocarcinoma
WDR53,2.1244388263896408,0.9335219655642363,1.650664323030976,1.5695417049949512,0.9335219655642363,True,Escamoso
TMEM219,-1.5471436853840104,-0.9327074620202184,-0.9325999381223617,-1.1374836951755303,0.9325999381223617,True,Adenocarcinoma
GAP43,1.1728774084382885,0.9322207121747699,0.9973295284176794,1.0341425496769125,0.9322207121747699,True,Escamoso
QSOX1,-1.3545619914788447,-0.9316623671032979,-1.1158284329034407,-1.1340175971618611,0.9316623671032979,True,Adenocarcinoma
NSUN7,-1.7735887728456783,-0.9571539408212074,-0.9314110562934832,-1.220717923320123,0.9314110562934832,True,Adenocarcinoma
TMPO-AS1,1.0778182545874317,0.9311391559021708,0.9472917991672,0.9854164032189341,0.9311391559021708,True,Escamoso
NPC2,-1.1449776757011332,-1.2418933200496038,-0.9308066513789356,-1.1058925490432243,0.9308066513789356,True,Adenocarcinoma
GAN,1.376323035983769,0.9306681570453349,1.5025120010055744,1.2698343980115594,0.9306681570453349,True,Escamoso
RHOV,1.60566970736163,1.0104417602008313,0.9296828291466211,1.1819314322363608,0.9296828291466211,True,Escamoso
GPD1L,-1.621420499358587,-1.2408591735605183,-0.9294311213184981,-1.263903598079201,0.9294311213184981,True,Adenocarcinoma
IFNAR2,-1.6068738789652461,-1.1078251798466376,-0.929394791027594,-1.2146979499464925,0.929394791027594,True,Adenocarcinoma
BOLA3,1.069310391605699,0.9293505794679037,1.275630477293972,1.0914304827891914,0.9293505794679037,True,Escamoso
FAM177A1,-1.4622475736497087,-0.928431810424892,-1.2742991712458924,-1.2216595184401644,0.928431810424892,True,Adenocarcinoma
CTSH,-1.273715087951154,-0.9409759017025345,-0.9279873698949526,-1.0475594531828805,0.9279873698949526,True,Adenocarcinoma
NFE2L1,1.4652447940453883,0.9278909531978543,1.4134994863731563,1.2688784112054663,0.9278909531978543,True,Escamoso
STARD3NL,-1.3211685949967384,-0.9271034263238948,-1.367873914788518,-1.2053819787030504,0.9271034263238948,True,Adenocarcinoma
TENM4,1.1533373914018932,0.9269640564775758,1.2810082019977291,1.120436549959066,0.9269640564775758,True,Escamoso
CMC2,1.0513925422705692,0.9264592025846692,1.3074635632547875,1.095105102703342,0.9264592025846692,True,Escamoso
HPCAL1,-1.2662604203286163,-0.925922779779962,-1.1844839215972978,-1.125555707235292,0.925922779779962,True,Adenocarcinoma
SLC7A8,1.2690157002407156,1.0181791988826128,0.9256577979891756,1.0709508990375012,0.9256577979891756,True,Escamoso
DDX49,1.5848258674707425,0.9251658108040588,1.3306364706096905,1.280209382961497,0.9251658108040588,True,Escamoso
RP11-255C15.4,1.6440367251187318,0.9250735544998177,1.010872209871212,1.1933274964965872,0.9250735544998177,True,Escamoso
EPHB6,1.658330000223344,0.9248713618999325,1.4319456102943473,1.3383823241392079,0.9248713618999325,True,Escamoso
KIAA1549L,1.0514056048215763,0.9244744004867366,1.1004872971660784,1.025455767491464,0.9244744004867366,True,Escamoso
GINS1,1.3567330709067997,1.0266582129453619,0.9238855381190346,1.1024256073237322,0.9238855381190346,True,Escamoso
UBXN10,-1.7004772772907293,-0.923748967159101,-0.9585766577831308,-1.1942676340776537,0.923748967159101,True,Adenocarcinoma
BCL11B,1.4021413987812428,0.9235358232520725,1.117627906824965,1.1477683762860933,0.9235358232520725,True,Escamoso
COLGALT2,1.3088070156322038,0.9230561837089569,1.2137925539598293,1.1485519177669967,0.9230561837089569,True,Escamoso
EFCAB2,-1.881396937167433,-0.960345054964879,-0.9227715182799819,-1.254837836804098,0.9227715182799819,True,Adenocarcinoma
WNT7B,1.3334888988869487,0.9219413126307066,1.1408599026794275,1.132096704732361,0.9219413126307066,True,Escamoso
SNRPA1,1.1143809216830507,0.9217057914976302,1.1409589289855404,1.059015214055407,0.9217057914976302,True,Escamoso
SENP2,1.647868427680053,0.9212247853617906,1.108803808619536,1.2259656738871267,0.9212247853617906,True,Escamoso
CELF2,-1.5096464801651055,-1.1474159464937725,-0.9200358729623436,-1.1923660998737404,0.9200358729623436,True,Adenocarcinoma
NCBP2,2.077143503011777,0.9198033939024255,1.4974704982067109,1.4981391317069714,0.9198033939024255,True,Escamoso
FAM213A,1.28199405097451,0.9197606844348138,1.6332031373332274,1.2783192909141838,0.9197606844348138,True,Escamoso
PTPRM,-1.4719853709315291,-1.0529350316060284,-0.9191761097941048,-1.1480321707772208,0.9191761097941048,True,Adenocarcinoma
AKR1C1,0.9189405698176184,0.9614344371673768,1.1879917708266579,1.0227889259372176,0.9189405698176184,True,Escamoso
FMO5,-1.8452621733691967,-0.9189330863663352,-1.1668788785962212,-1.3103580461105844,0.9189330863663352,True,Adenocarcinoma
TXNL4B,1.1724052031094108,0.9181612874342483,1.1566888149086472,1.0824184351507686,0.9181612874342483,True,Escamoso
DDIAS,1.7288019249548667,0.918123123315333,1.4255490404656093,1.3574913629119365,0.918123123315333,True,Escamoso
RBPMS,-1.8351867134296391,-0.9180632327844986,-1.0166892836676185,-1.2566464099605854,0.9180632327844986,True,Adenocarcinoma
TMEM8A,-1.5648906247803496,-0.9180215490855291,-1.1951530658386285,-1.226021746568169,0.9180215490855291,True,Adenocarcinoma
CA12,1.3154355226391212,0.9175501460613531,1.091586970992024,1.1081908798974995,0.9175501460613531,True,Escamoso
LPAR3,1.5253508953887225,0.9175140904504497,1.4235597734461451,1.288808253095106,0.9175140904504497,True,Escamoso
SLC35E2,-1.5315640472342518,-0.9171050274651426,-1.2104651595106501,-1.2197114114033483,0.9171050274651426,True,Adenocarcinoma
SIRT1,-1.702765915720789,-0.9168384845866285,-1.3123008859147722,-1.3106350954073966,0.9168384845866285,True,Adenocarcinoma
ATOH8,-1.3517933473649593,-0.9648448732697671,-0.9167289592129305,-1.0777890599492188,0.9167289592129305,True,Adenocarcinoma
ADCY6,-1.4963215413372728,-0.9161596355655136,-1.624216578794334,-1.3455659185657067,0.9161596355655136,True,Adenocarcinoma
TMEM243,-1.1135974655675858,-0.9157763968683577,-0.9716324489800038,-1.0003354371386493,0.9157763968683577,True,Adenocarcinoma
PTTG1,1.1738307599592421,0.9157047598145593,1.068689795571651,1.0527417717818175,0.9157047598145593,True,Escamoso
DNAJB11,1.6228967831159649,0.915294665356255,1.298280844143667,1.278824097538629,0.915294665356255,True,Escamoso
PGAP1,2.190367129517437,0.9151334248626587,1.6049030648101865,1.570134539730094,0.9151334248626587,True,Escamoso
RASSF7,-1.4162839278159922,-0.915121243152001,-1.1029751318276362,-1.1447934342652097,0.915121243152001,True,Adenocarcinoma
KCNN4,-0.9749697007217487,-0.9149318579062334,-1.2449825088300261,-1.0449613558193362,0.9149318579062334,True,Adenocarcinoma
LOC101929880,-1.3326510749632856,-0.9148798458994057,-1.305914936481098,-1.1844819524479298,0.9148798458994057,True,Adenocarcinoma
RBKS,-1.5826914321044858,-0.9144845417560554,-1.1635433107395123,-1.2202397615333511,0.9144845417560554,True,Adenocarcinoma
LAMA1,1.2625773251862813,0.9142596386676337,1.1538210641251931,1.110219342659703,0.9142596386676337,True,Escamoso
GSG2,1.2184023762501446,0.9139255361069619,0.9388896444790552,1.023739185612054,0.9139255361069619,True,Escamoso
BEAN1,-1.2546686556847046,-0.949600539213292,-0.9134738875532161,-1.039247694150404,0.9134738875532161,True,Adenocarcinoma
RGN,-1.5203837938241167,-0.925292806185639,-0.9134529583479698,-1.1197098527859086,0.9134529583479698,True,Adenocarcinoma
GTF2H2,-1.2013807797124312,-0.9131095152335458,-1.1311171267491504,-1.0818691405650425,0.9131095152335458,True,Adenocarcinoma
UNC13B,-1.7790894768644627,-0.9129282931296402,-1.0724189349058033,-1.2548122349666355,0.9129282931296402,True,Adenocarcinoma
CTC1,-1.96089921961485,-0.9124922554740935,-1.4171646083881784,-1.4301853611590405,0.9124922554740935,True,Adenocarcinoma
CSRP2,1.8502610138221363,0.9122770711440462,1.564310883535384,1.4422829895005223,0.9122770711440462,True,Escamoso
LOC285812,1.688842113085768,0.9116846678006707,1.083654865434054,1.2280605487734977,0.9116846678006707,True,Escamoso
MACC1,-1.1377832705703121,-0.9116034543373301,-0.9680597002210652,-1.0058154750429027,0.9116034543373301,True,Adenocarcinoma
SYNE1,-1.8179257747867956,-1.0493008035116234,-0.9112413641542635,-1.2594893141508943,0.9112413641542635,True,Adenocarcinoma
CLCN2,1.3562378372233501,1.1100827549174446,0.910701778637876,1.1256741235928902,0.910701778637876,True,Escamoso
SH3GL1,1.6001243817316746,1.1160984845884714,0.9106976284022436,1.2089734982407965,0.9106976284022436,True,Escamoso
EFNA5,-1.091665882704788,-0.9105424380760649,-1.1064238540072744,-1.0362107249293757,0.9105424380760649,True,Adenocarcinoma
PHGDH,1.6021690452601343,0.9099282044152118,1.0913926999086794,1.2011633165280085,0.9099282044152118,True,Escamoso
PPP2R3C,-0.9506910455089834,-0.9098905356672017,-0.9682170357061854,-0.9429328722941236,0.9098905356672017,True,Adenocarcinoma
LAMTOR4,0.9097145661992811,1.0234375749370996,0.9284920414061708,0.9538813941808506,0.9097145661992811,True,Escamoso
TSPAN3,-0.9867675573389141,-0.9095774003465896,-0.9641322677598752,-0.9534924084817931,0.9095774003465896,True,Adenocarcinoma
ZSCAN16,-1.9750345199232513,-0.9093792323690337,-0.9993328035629266,-1.2945821852850705,0.9093792323690337,True,Adenocarcinoma
RRM1,1.7331145719232472,1.1531317029534758,0.909320757144316,1.2651890106736798,0.909320757144316,True,Escamoso
TFPI2,-0.9962738649449047,-0.9087286451437053,-0.9170938017660927,-0.9406987706182343,0.9087286451437053,True,Adenocarcinoma
SLC25A45,-1.9178138015817463,-0.9405819882365243,-0.9084830743067842,-1.2556262880416849,0.9084830743067842,True,Adenocarcinoma
GRAMD3,-1.245950247896339,-0.9963221406434175,-0.9079925211211479,-1.0500883032203017,0.9079925211211479,True,Adenocarcinoma
SPC24,1.5738845780197719,0.9079647708552252,1.516152209062998,1.3326671859793315,0.9079647708552252,True,Escamoso
MFI2-AS1,1.4635924417475472,0.9077821293939141,0.9444204008658408,1.1052649906691008,0.9077821293939141,True,Escamoso
TIMM44,1.287979438062303,0.9075818253372602,1.3386394942765578,1.1780669192253737,0.9075818253372602,True,Escamoso
DMRT3,1.6057983901593138,0.907235383875294,1.2545593727420745,1.2558643822588942,0.907235383875294,True,Escamoso
RP11-480A16.1,1.7451562051772929,0.9070112575412806,0.9223193757763887,1.191495612831654,0.9070112575412806,True,Escamoso
LINC00992,1.3006483502029396,0.9058681184091143,0.967096484696372,1.057870984436142,0.9058681184091143,True,Escamoso
DCP1A,-1.1192142586649498,-0.905820548195292,-1.1855808271201749,-1.0702052113268057,0.905820548195292,True,Adenocarcinoma
RSRC1,1.9746666308213756,0.905756030508979,1.656305722914227,1.512242794748194,0.905756030508979,True,Escamoso
CARM1,1.7243158194347008,0.9056851505274205,0.9361828766365919,1.1887279488662377,0.9056851505274205,True,Escamoso
DNAJB13,-1.1264174155590068,-0.9337191675443017,-0.9052105199782965,-0.988449034360535,0.9052105199782965,True,Adenocarcinoma
GAPDHP73,1.9089128473982033,0.9051358281711133,0.9297239227701356,1.247924199446484,0.9051358281711133,True,Escamoso
TMEM144,-1.4659326961001327,-0.9050920561046021,-1.0463524220337732,-1.1391257247461695,0.9050920561046021,True,Adenocarcinoma
ITGB8,1.736891264099052,0.9050887366592142,1.168264858262165,1.270081619673477,0.9050887366592142,True,Escamoso
CASD1,-1.3570421495538025,-0.9039045188201643,-1.3512972718784313,-1.204081313417466,0.9039045188201643,True,Adenocarcinoma
HOXA1,1.6894575269796894,1.1958664580062992,0.9036438508364701,1.2629892786074863,0.9036438508364701,True,Escamoso
GNPTG,-1.6683227405927092,-0.955611155246283,-0.9032459578913709,-1.1757266179101211,0.9032459578913709,True,Adenocarcinoma
PI3,2.4172945910918484,1.9287904997068241,0.9031513065585676,1.7497454657857465,0.9031513065585676,True,Escamoso
SHE,-1.5625838656711757,-0.9025574968418688,-0.9254265639333445,-1.1301893088154629,0.9025574968418688,True,Adenocarcinoma
DSP,1.3505784822398343,0.9017352601225739,0.9480210147097193,1.066778252357376,0.9017352601225739,True,Escamoso
C16orf95,1.2709028732035577,0.9016349564421596,1.4238243252730947,1.1987873849729374,0.9016349564421596,True,Escamoso
TDRKH,-1.8683306442548466,-0.9001877219661271,-1.3295458498528023,-1.3660214053579256,0.9001877219661271,True,Adenocarcinoma
GSE1,-1.8038366396581003,-0.9000372062213271,-1.7417305786814952,-1.4818681415203077,0.9000372062213271,True,Adenocarcinoma
ANG,-1.489362774361545,-0.8990431085527163,-1.3499359614268722,-1.2461139481137111,0.8990431085527163,True,Adenocarcinoma
SLC26A9,-1.2550572274179437,-0.8986480129205021,-1.2014847908763866,-1.1183966770716107,0.8986480129205021,True,Adenocarcinoma
RP11-111M22.3,1.1309050462535295,0.9301300359973044,0.8984150819716729,0.986483388074169,0.8984150819716729,True,Escamoso
TADA2B,-1.6988215543392966,-0.8983599130388596,-0.9336489273071246,-1.1769434648950936,0.8983599130388596,True,Adenocarcinoma
XAGE1B,-1.3975345765333933,-0.8981728238950489,-1.0161477484291292,-1.103951716285857,0.8981728238950489,True,Adenocarcinoma
DDB2,1.4653206992030998,0.8977901866205054,1.5258669885459806,1.2963259581231954,0.8977901866205054,True,Escamoso
AFAP1-AS1,-0.8977086802586692,-1.1172841352683238,-0.9980497021940891,-1.0043475059070273,0.8977086802586692,True,Adenocarcinoma
DPYSL2,-1.3069204567312014,-0.9125051090685796,-0.8976186802176919,-1.039014748672491,0.8976186802176919,True,Adenocarcinoma
GRAMD1A,-1.3894321909584737,-0.9018064144046957,-0.8969283177571878,-1.0627223077067856,0.8969283177571878,True,Adenocarcinoma
NDFIP1,-1.6197688930476857,-1.006796463350295,-0.8958640918820213,-1.1741431494266674,0.8958640918820213,True,Adenocarcinoma
LOC100289361,1.3848479598894041,1.0775105269627476,0.8958012172915373,1.1193865680478963,0.8958012172915373,True,Escamoso
STAR,1.5872099562493738,0.8951990941632163,1.1011339696912312,1.1945143400346072,0.8951990941632163,True,Escamoso
LSM4,1.422633725930369,0.8949991845278742,1.3311270765251029,1.2162533289944486,0.8949991845278742,True,Escamoso
NDE1,1.2837640234057577,0.8938112235292777,0.9184983644731702,1.0320245371360686,0.8938112235292777,True,Escamoso
PLA2G3,0.9936921869231488,0.8931737668577435,1.1365893240315434,1.0078184259374785,0.8931737668577435,True,Escamoso
B3GNT7,-1.445838560573139,-0.9281221740468925,-0.8918244361720794,-1.0885950569307037,0.8918244361720794,True,Adenocarcinoma
H2AFZ,1.2911099985982297,0.8918170470057438,0.9291403544097016,1.0373558000045582,0.8918170470057438,True,Escamoso
PTER,-1.6701951510844997,-0.8917522937666005,-1.5471720844628936,-1.369706509771331,0.8917522937666005,True,Adenocarcinoma
RNF115,-1.6553871965786,-0.8916064546782132,-0.9725537362057932,-1.1731824624875355,0.8916064546782132,True,Adenocarcinoma
SERPINB4,1.6346273232847648,1.0120873450284558,0.8915789529454367,1.1794312070862192,0.8915789529454367,True,Escamoso
FAM13A-AS1,-1.0535770517877585,-0.8911860526745496,-1.1477233771771167,-1.0308288272131416,0.8911860526745496,True,Adenocarcinoma
PPP1R14C,1.6139834042889023,0.8908649307137033,1.319393739538916,1.274747358180507,0.8908649307137033,True,Escamoso
GSTO1,1.2335929129821888,0.8904317919529929,0.8989935851820336,1.007672763372405,0.8904317919529929,True,Escamoso
SNRPD3,1.5074159508243694,0.8902534551264444,0.9948335174205706,1.1308343077904615,0.8902534551264444,True,Escamoso
TRAF3IP2,1.6097208857544012,0.890135083463243,1.1401624019684813,1.2133394570620417,0.890135083463243,True,Escamoso
PRRC1,-1.5973151118918376,-0.8892603897666986,-1.060297175351648,-1.1822908923367281,0.8892603897666986,True,Adenocarcinoma
ANXA11,-1.3420950888168781,-1.037624168865667,-0.8892517193558019,-1.0896569923461157,0.8892517193558019,True,Adenocarcinoma
COBL,-1.534527498064836,-0.8886750231856183,-1.5252258781142802,-1.3161427997882449,0.8886750231856183,True,Adenocarcinoma
RBP1,1.8057156040039588,1.2112116493387155,0.8884858183913406,1.3018043572446716,0.8884858183913406,True,Escamoso
MAGI3,-1.030643158951244,-0.8877729911022512,-1.002961199132119,-0.9737924497285381,0.8877729911022512,True,Adenocarcinoma
C11orf54,-1.6693150423090761,-0.887369616690762,-1.2243944643012845,-1.2603597077670408,0.887369616690762,True,Adenocarcinoma
UNC5B-AS1,1.094011256689498,1.153349602909456,0.8863554027899453,1.0445720874629665,0.8863554027899453,True,Escamoso
MKKS,1.4307764287622262,0.8863327416594723,1.2537808299528617,1.19029666679152,0.8863327416594723,True,Escamoso
ARSE,-1.623697273858685,-0.8862733681862314,-1.0540895479499572,-1.1880200633316245,0.8862733681862314,True,Adenocarcinoma
LGALSL,1.4229802178902873,0.8860544202054333,1.2098697383207848,1.1729681254721684,0.8860544202054333,True,Escamoso
LINC-PINT,-1.4537042145776415,-0.9455596233585665,-0.8860424668836919,-1.0951021016066333,0.8860424668836919,True,Adenocarcinoma
CD97,-1.5232966396734093,-0.8859864644293453,-1.2751622806836085,-1.2281484615954543,0.8859864644293453,True,Adenocarcinoma
DAAM2,-1.1346658851528981,-0.8852007121046005,-0.9147430019464845,-0.978203199734661,0.8852007121046005,True,Adenocarcinoma
BSPRY,-1.360794123406276,-1.1081183348570378,-0.8850827037089818,-1.1179983873240986,0.8850827037089818,True,Adenocarcinoma
UMPS,1.739852310089957,1.3070704626341934,0.885062638186368,1.3106618036368394,0.885062638186368,True,Escamoso
NXPH4,1.4963596855697876,0.8845525335958918,0.8926754360166299,1.0911958850607697,0.8845525335958918,True,Escamoso
COL17A1,1.9060260360662402,1.405568922834913,0.8842396581572266,1.39861153901946,0.8842396581572266,True,Escamoso
NCK1-AS1,1.2163706165832615,1.1812898605199875,0.8831615952961307,1.0936073574664598,0.8831615952961307,True,Escamoso
ECSIT,1.006090625930137,0.8831564362180571,0.9649602286341573,0.9514024302607837,0.8831564362180571,True,Escamoso
POLA2,1.4662930217355445,0.8902512863673194,0.882722748161175,1.0797556854213464,0.882722748161175,True,Escamoso
DGKD,-1.7254740971185458,-0.8826744639417692,-1.0936856032626863,-1.2339447214410004,0.8826744639417692,True,Adenocarcinoma
RAD51,1.6536023877253845,0.8817014015195037,1.252840038970191,1.2627146094050263,0.8817014015195037,True,Escamoso
YPEL1,-1.7225310740190813,-0.8802840322164087,-1.3452252777750964,-1.3160134613368621,0.8802840322164087,True,Adenocarcinoma
ACTG1P4,-1.0127677045191859,-0.8802466665746701,-0.9004659850890364,-0.9311601187276309,0.8802466665746701,True,Adenocarcinoma
ACP6,-1.4497400988256264,-0.880058150996031,-0.9278427222993476,-1.085880324040335,0.880058150996031,True,Adenocarcinoma
CNFN,1.649873370902105,0.8800142651826106,1.0860137268411436,1.2053004543086197,0.8800142651826106,True,Escamoso
MAP3K4,1.5350030305031557,0.8795743622642698,1.0794644021857354,1.1646805983177202,0.8795743622642698,True,Escamoso
PAG1,-1.4946131684266788,-0.9770730672090342,-0.8795601890305252,-1.1170821415554126,0.8795601890305252,True,Adenocarcinoma
AMIGO2,-1.0216222254348726,-0.8785649757112137,-0.9433774963085023,-0.9478548991515295,0.8785649757112137,True,Adenocarcinoma
SOST,1.327235414864141,1.1149540746583206,0.8784899294405842,1.1068931396543487,0.8784899294405842,True,Escamoso
PCDP1,-1.4500913169457803,-0.9499610014424134,-0.8779985061551229,-1.0926836081811055,0.8779985061551229,True,Adenocarcinoma
DIP2B,1.920966277988075,0.8778417694896343,1.5824484919113868,1.4604188464630319,0.8778417694896343,True,Escamoso
SNTB1,-1.83572012142661,-0.8777211903720237,-1.3429737255554783,-1.352138345784704,0.8777211903720237,True,Adenocarcinoma
HOPX,-1.5165260088580137,-1.2327432122620716,-0.877477763226157,-1.2089156614487475,0.877477763226157,True,Adenocarcinoma
ADCY3,1.5669579705866468,0.983809511742671,0.8769485814787547,1.1425720212693575,0.8769485814787547,True,Escamoso
SHROOM4,-0.9349377727536669,-0.8766017607069028,-0.889500913029853,-0.9003468154968076,0.8766017607069028,True,Adenocarcinoma
MSANTD3,1.2195483647641598,0.8748301558066015,1.1613428308991613,1.0852404504899742,0.8748301558066015,True,Escamoso
RNASEH2A,1.3602691383840477,1.083702557518008,0.874117219690925,1.1060296385309936,0.874117219690925,True,Escamoso
TSPAN4,-1.6003309607937428,-0.8735033898716806,-1.0249318849605076,-1.1662554118753103,0.8735033898716806,True,Adenocarcinoma
FAM110C,1.219545183053522,0.8733715016323323,1.1964944942891502,1.0964703929916684,0.8733715016323323,True,Escamoso
GLCCI1,-1.0874508831322722,-0.9195729043719092,-0.8732988983012853,-0.9601075619351555,0.8732988983012853,True,Adenocarcinoma
KIAA0141,-1.2116066448419565,-0.8726755080116961,-1.013327362164171,-1.0325365050059412,0.8726755080116961,True,Adenocarcinoma
DNAH2,-1.0736815686646777,-1.0555123723400373,-0.8726682250581911,-1.0006207220209686,0.8726682250581911,True,Adenocarcinoma
FAM221A,-1.2691438293335535,-0.8724362885163259,-1.045991557951131,-1.0625238919336701,0.8724362885163259,True,Adenocarcinoma
C1orf74,1.0558017312975774,0.8723519448005058,0.9097655546493245,0.9459730769158026,0.8723519448005058,True,Escamoso
NRCAM,1.2886319068411227,0.9662085806307738,0.8723145272854623,1.0423850049191195,0.8723145272854623,True,Escamoso
CBR3,0.8718454136040164,0.8780168548943189,2.12640159843304,1.2920879556437919,0.8718454136040164,True,Escamoso
FBXO45,2.224689905125088,0.871693959462872,1.5912973095728233,1.5625603913869277,0.871693959462872,True,Escamoso
KCTD14,-1.5179244658414068,-0.8713622887424087,-1.1973449410618024,-1.1955438985485394,0.8713622887424087,True,Adenocarcinoma
RBMS2,-1.1711252144119135,-0.8713619602114366,-1.174660788362592,-1.0723826543286472,0.8713619602114366,True,Adenocarcinoma
PARP3,-1.2843785768313207,-0.870912615672991,-0.9905192374788143,-1.048603476661042,0.870912615672991,True,Adenocarcinoma
RP5-1136G13.2,1.551853484418104,0.8776547484670598,0.8708297618026659,1.1001126648959432,0.8708297618026659,True,Escamoso
MFSD4,-0.9045265809580574,-0.9439796267031773,-0.8707713950386318,-0.9064258675666221,0.8707713950386318,True,Adenocarcinoma
S100A11,1.2817814725548993,0.8705167715118773,0.9354840856484287,1.029260776571735,0.8705167715118773,True,Escamoso
DYX1C1,-1.6421585382802686,-0.8732166489570145,-0.8701571263801312,-1.1285107712058047,0.8701571263801312,True,Adenocarcinoma
TOR1AIP1,-0.8698984860591321,-0.8743092759765236,-0.8738179155958681,-0.8726752258771745,0.8698984860591321,True,Adenocarcinoma
B4GALT4,1.3785881253209737,1.1910394365166683,0.8698119441601203,1.1464798353325873,0.8698119441601203,True,Escamoso
CELP,0.9356661051043169,0.9182225876028117,0.8696413825535271,0.9078433584202186,0.8696413825535271,True,Escamoso
TUBB6,1.7611517499673723,0.8696391632437078,0.8695020020442135,1.166764305085098,0.8695020020442135,True,Escamoso
MAGED2,-1.473242911613706,-0.869127756108931,-1.3927122711404445,-1.245027646287694,0.869127756108931,True,Adenocarcinoma
WNK2,1.3490846937368295,0.8687359202179769,1.2005573946575145,1.139459336204107,0.8687359202179769,True,Escamoso
PHYH,-1.2975404864023314,-0.8685561347692231,-1.0079904902078505,-1.0580290371264685,0.8685561347692231,True,Adenocarcinoma
AHNAK,1.544705329143677,1.1417469779238623,0.8679832627861914,1.1848118566179104,0.8679832627861914,True,Escamoso
PREP,1.176079083583652,1.296278414370364,0.8676758464541531,1.1133444481360566,0.8676758464541531,True,Escamoso
ZSWIM5,-1.1963854525170026,-0.8698582859757916,-0.8672614496776266,-0.9778350627234736,0.8672614496776266,True,Adenocarcinoma
PDCD10,2.1569222144741773,0.8667831614190563,1.2158703026956772,1.4131918928629703,0.8667831614190563,True,Escamoso
EPT1,1.415209301563024,0.8667313453355511,1.432995343656209,1.2383119968515948,0.8667313453355511,True,Escamoso
FOLH1B,0.9865314894638655,0.8662743278941076,1.220959958678864,1.024588592012279,0.8662743278941076,True,Escamoso
SLC20A2,1.2717245953331138,0.8770077198676569,0.8656133325880794,1.0047818825962833,0.8656133325880794,True,Escamoso
LOC101930052,-1.2157440861488251,-0.8836536483042478,-0.8649154776996402,-0.9881044040509043,0.8649154776996402,True,Adenocarcinoma
RAMP1,-1.054468158008014,-0.8649149691474747,-0.9856377075872482,-0.9683402782475788,0.8649149691474747,True,Adenocarcinoma
AJUBA,1.2508052313231974,0.8643586991012939,0.9385590275696032,1.0179076526646982,0.8643586991012939,True,Escamoso
CDKN3,1.3354007600428206,0.8642425678851631,0.8891616896877378,1.0296016725385737,0.8642425678851631,True,Escamoso
KB-431C1.4,-1.3404437440819785,-0.864136847240414,-0.9146795264819892,-1.0397533726014605,0.864136847240414,True,Adenocarcinoma
RFWD3,1.1821292126105463,0.8641021641733035,0.9535098851567623,0.9999137539802042,0.8641021641733035,True,Escamoso
TMEM63A,-1.6918311226897347,-1.1066175691713984,-0.8640864744700852,-1.2208450554437396,0.8640864744700852,True,Adenocarcinoma
NCAPH,1.6096011145078934,1.0975970861244522,0.8635161730682043,1.1902381245668499,0.8635161730682043,True,Escamoso
SLC12A7,-1.1431044375069785,-0.862412865087471,-1.3694055459916656,-1.1249742828620384,0.862412865087471,True,Adenocarcinoma
RPL39L,1.3163362368721543,0.8615426559725455,0.8771838484721692,1.0183542471056228,0.8615426559725455,True,Escamoso
DCUN1D1,1.8641635428637537,0.861274078995714,1.9972164518584856,1.574218024572651,0.861274078995714,True,Escamoso
EXOC6B,1.55528018991026,0.8612109238810158,0.9538392991544486,1.123443470981908,0.8612109238810158,True,Escamoso
SFTA1P,-1.2601863604533572,-0.8734740535929431,-0.8607335038327165,-0.9981313059596723,0.8607335038327165,True,Adenocarcinoma
RIPK3,-1.2891517592041226,-0.8619164026081204,-0.8606440916779964,-1.0039040844967466,0.8606440916779964,True,Adenocarcinoma
ERBB2,-1.2714264695383366,-0.8605652351561869,-1.2225579677123408,-1.1181832241356213,0.8605652351561869,True,Adenocarcinoma
ZNF18,0.8986292428247519,0.8604301801627268,1.092966138779345,0.9506751872556078,0.8604301801627268,True,Escamoso
LINC00857,-1.0527154933645473,-0.860295652586285,-0.8902274187860473,-0.9344128549122933,0.860295652586285,True,Adenocarcinoma
NOTCH1,1.0291399922161752,0.8598883792881964,0.9881916389805231,0.9590733368282982,0.8598883792881964,True,Escamoso
MAPK9,-1.2220650333230612,-1.01257796589568,-0.8598684311266398,-1.031503810115127,0.8598684311266398,True,Adenocarcinoma
NDUFAF5,1.2138521893598118,0.93785346595111,0.8598616142830072,1.0038557565313095,0.8598616142830072,True,Escamoso
CSK,0.8598424670807938,0.8983469438179926,0.8819736977439362,0.8800543695475742,0.8598424670807938,True,Escamoso
SLC37A1,-1.3133800046713395,-1.1397187061886414,-0.8597445154245372,-1.1042810754281727,0.8597445154245372,True,Adenocarcinoma
LMO7,-1.6036879519804026,-0.8595533930101636,-1.3990102446019699,-1.2874171965308454,0.8595533930101636,True,Adenocarcinoma
AC008088.4,1.3356776888782624,0.9629730087981763,0.859119749963922,1.0525901492134535,0.859119749963922,True,Escamoso
BCL2L10,1.0095054589861212,0.8588840285839389,0.901956444114824,0.9234486438949613,0.8588840285839389,True,Escamoso
CBX6,0.8968579181849923,0.8588381160735244,1.0459757383512314,0.9338905908699161,0.8588381160735244,True,Escamoso
FZD6,2.304921164437015,0.8586455603949441,1.0308073335170393,1.3981246861163328,0.8586455603949441,True,Escamoso
CRIP2,-1.5495735878916452,-0.8585548372330959,-1.4697373253295334,-1.2926219168180915,0.8585548372330959,True,Adenocarcinoma
HEMK1,-1.3629255819411183,-0.8581880601404718,-1.4210363460330724,-1.2140499960382207,0.8581880601404718,True,Adenocarcinoma
LGALS3BP,-1.1369569715819121,-0.8580749765522684,-1.004119831786544,-0.999717259973575,0.8580749765522684,True,Adenocarcinoma
SNRPN,-0.9724008707085403,-0.8580688100946828,-1.0561666065956257,-0.9622120957996163,0.8580688100946828,True,Adenocarcinoma
LINC00839,1.2317707561057962,0.8610625455378399,0.8579164060602044,0.9835832359012802,0.8579164060602044,True,Escamoso
KRT77,0.8577570619646043,0.8900751423060788,1.0285782489643074,0.9254701510783301,0.8577570619646043,True,Escamoso
C8orf4,-1.434586614379977,-0.8568441518091625,-0.9470821425359414,-1.0795043029083604,0.8568441518091625,True,Adenocarcinoma
TP73,1.7136698494870142,0.8567441019492109,1.0390146586305369,1.203142870022254,0.8567441019492109,True,Escamoso
DSC2,1.8857315905737606,0.8564394830771027,1.0023720681033144,1.2481810472513926,0.8564394830771027,True,Escamoso
KIAA0319L,-1.4785586399573747,-0.9938914796837738,-0.8564084233558602,-1.1096195143323362,0.8564084233558602,True,Adenocarcinoma
TBC1D30,-1.0338970286821019,-0.9790571761556642,-0.8559270943237293,-0.956293766387165,0.8559270943237293,True,Adenocarcinoma
RP13-39P12.3,0.9010191099275797,0.8558290897758261,0.9030103808438988,0.8866195268491016,0.8558290897758261,True,Escamoso
SULT1A2,-1.2546107822421833,-0.8551138269729553,-1.006482679569096,-1.0387357629280782,0.8551138269729553,True,Adenocarcinoma
TRIM8,-1.19160428151021,-0.8549917313331045,-1.1374005185026974,-1.0613321771153374,0.8549917313331045,True,Adenocarcinoma
KRI1,1.7074799823314788,0.8542373149094784,1.4394806312284925,1.3337326428231497,0.8542373149094784,True,Escamoso
COQ4,1.3718660000107665,0.8539739778675436,0.8656399354328488,1.030493304437053,0.8539739778675436,True,Escamoso
PPP1R14D,-1.2948237373240195,-0.8539525112608728,-0.8918593000991878,-1.0135451828946933,0.8539525112608728,True,Adenocarcinoma
AIM1L,1.5306494613921118,1.130656700405345,0.8539350304057248,1.1717470640677272,0.8539350304057248,True,Escamoso
MPPED2,1.2974633294703488,1.0055531084833622,0.8538993394455354,1.0523052591330821,0.8538993394455354,True,Escamoso
TRAM1,-1.5814290933540704,-0.8538988600494837,-1.2211332216129933,-1.2188203916721825,0.8538988600494837,True,Adenocarcinoma
LOC284825,0.8536751909937424,1.0501277101154152,0.9147874974518759,0.9395301328536778,0.8536751909937424,True,Escamoso
PTTG3P,1.1159394766083002,0.8536743932302173,0.8830767075091955,0.9508968591159044,0.8536743932302173,True,Escamoso
LINC00958,1.9941747471831608,0.8526167752630265,1.2031366829249133,1.3499760684570337,0.8526167752630265,True,Escamoso
LGSN,-1.5331618621555927,-0.8520622846091779,-1.1763278588215307,-1.1871840018621003,0.8520622846091779,True,Adenocarcinoma
SFTPB,-1.209473541118422,-1.076347704635248,-0.8518000129232112,-1.045873752892294,0.8518000129232112,True,Adenocarcinoma
TNFSF13,-1.665009936808323,-1.0656438111298627,-0.8514679841716694,-1.1940405773699518,0.8514679841716694,True,Adenocarcinoma
SLC2A9,1.2012186209231746,0.8505515640825497,0.8940832360823607,0.9819511403626949,0.8505515640825497,True,Escamoso
H2AFX,1.3330144358887097,0.8504568936695697,0.9972325882098051,1.0602346392560282,0.8504568936695697,True,Escamoso
C6orf132,1.2149339117040219,0.9066847699001507,0.8499575405686259,0.9905254073909328,0.8499575405686259,True,Escamoso
HMHA1,-1.5994552846504173,-0.8510894710414308,-0.849863038189108,-1.100135931293652,0.849863038189108,True,Adenocarcinoma
ZBTB20,-1.3017166655424355,-0.8498207454065431,-1.068545817360577,-1.0733610761031853,0.8498207454065431,True,Adenocarcinoma
VPS8,1.671946887573922,0.8496769916772959,1.7195321129527041,1.413718664067974,0.8496769916772959,True,Escamoso
ME1,0.8494834907101578,0.8854870227332938,1.0077681764275945,0.9142462299570154,0.8494834907101578,True,Escamoso
SH3PXD2A-AS1,1.444645490470128,1.0468972308951252,0.8487684068583526,1.113437042741202,0.8487684068583526,True,Escamoso
CTBP2,-1.108439711946534,-0.848758662304782,-0.8770100798053276,-0.9447361513522146,0.848758662304782,True,Adenocarcinoma
GDA,1.4624948407676208,0.8486509073006224,1.548841518891324,1.2866624223198557,0.8486509073006224,True,Escamoso
NSDHL,1.432022203654013,0.9656129390262749,0.8480402338924928,1.0818917921909268,0.8480402338924928,True,Escamoso
FZD5,-1.441369434885788,-0.9387767794917206,-0.8479910381476787,-1.0760457508417292,0.8479910381476787,True,Adenocarcinoma
STXBP1,-1.1423409950473464,-0.847701767271066,-0.940884179362481,-0.9769756472269645,0.847701767271066,True,Adenocarcinoma
ABRACL,1.185574213288411,0.8472031547145688,1.2239764465968475,1.0855846048666091,0.8472031547145688,True,Escamoso
RAPGEF6,-1.4206094339299362,-0.9451241935146294,-0.8469191870725048,-1.07088427150569,0.8469191870725048,True,Adenocarcinoma
SLC12A6,1.421247139029334,0.846490909776503,1.1033638102385737,1.1237006196814703,0.846490909776503,True,Escamoso
C4orf29,-1.2338312722118103,-0.8546188287747271,-0.8461645809620829,-0.9782048939828734,0.8461645809620829,True,Adenocarcinoma
WDR66,1.5437210257348828,0.8460516080126637,1.3273891343402917,1.2390539226959463,0.8460516080126637,True,Escamoso
ZNF556,1.1597570520017988,0.8456576430827577,1.321703381228449,1.109039358771002,0.8456576430827577,True,Escamoso
PP13439,0.8526661505378004,0.8446666971055472,0.9675868758423493,0.8883065744952323,0.8446666971055472,True,Escamoso
EPDR1,-1.3706158032617894,-0.8442158397604016,-1.1881369482782431,-1.1343228637668115,0.8442158397604016,True,Adenocarcinoma
ALDH16A1,1.218484541088307,0.8440752449226431,0.9893233022176522,1.0172943627428674,0.8440752449226431,True,Escamoso
CLDN23,-1.7312418431619183,-0.8440419694344627,-1.0384486707415888,-1.20457749444599,0.8440419694344627,True,Adenocarcinoma
CRYM,-1.5651094342581675,-0.8730853802042368,-0.8439538782897177,-1.0940495642507073,0.8439538782897177,True,Adenocarcinoma
CACNA2D3,1.17386954015269,0.8805258741036543,0.8437811697449903,0.9660588613337783,0.8437811697449903,True,Escamoso
MIR29B2,-1.2828361018742513,-0.8427022358992738,-0.9171189829879683,-1.0142191069204978,0.8427022358992738,True,Adenocarcinoma
GNS,-1.1625881122045176,-0.8426301502510403,-0.9452408809183263,-0.983486381124628,0.8426301502510403,True,Adenocarcinoma
ACVR1C,1.6777023038638477,0.8422687657865736,1.6474164480154263,1.3891291725552826,0.8422687657865736,True,Escamoso
RARA-AS1,-1.8034375535774578,-0.8421068018657906,-1.0452643104951203,-1.2302695553127896,0.8421068018657906,True,Adenocarcinoma
GLS,-0.8919203738389482,-0.841809262131003,-1.0168418095286331,-0.9168571484995282,0.841809262131003,True,Adenocarcinoma
SMIM6,-1.9938954441521777,-0.8408068544584162,-0.9638842114419875,-1.2661955033508605,0.8408068544584162,True,Adenocarcinoma
RACGAP1,1.274983536550369,0.8407427988060907,0.8661052310824241,0.9939438554796278,0.8407427988060907,True,Escamoso
CADM1,-1.162504097547774,-0.8403300170324707,-1.0251362778630895,-1.0093234641477782,0.8403300170324707,True,Adenocarcinoma
LIMK2,2.2311693459221065,1.402444240150454,0.8401662361665576,1.4912599407463727,0.8401662361665576,True,Escamoso
ALDH6A1,-0.9891562845047409,-0.8400470994136294,-0.9737206925990258,-0.9343080255057986,0.8400470994136294,True,Adenocarcinoma
AGR2,-1.5740306526593528,-0.840002709249941,-1.2231506580141647,-1.2123946733078197,0.840002709249941,True,Adenocarcinoma
ALDH2,-1.44377681179499,-1.0034772266818592,-0.8397812580980456,-1.0956784321916315,0.8397812580980456,True,Adenocarcinoma
SBSN,1.5665242879530152,0.9314664717445968,0.839569998627412,1.112520252775008,0.839569998627412,True,Escamoso
TMEM41A,1.3338151556981017,0.8394047629282981,1.4820786959907368,1.2184328715390456,0.8394047629282981,True,Escamoso
RAD54L,1.6179736643876685,0.8972034962412021,0.8389782717407478,1.1180518107898727,0.8389782717407478,True,Escamoso
SYNGR1,1.5122186674748805,1.0737554515612622,0.8389676738082479,1.1416472642814635,0.8389676738082479,True,Escamoso
FAM114A2,-1.566564556062609,-0.8387221838221415,-0.9792628981018261,-1.128183212662192,0.8387221838221415,True,Adenocarcinoma
ARHGAP23,2.1332507659016837,0.8369153537775058,1.2117616429680051,1.3939759208823983,0.8369153537775058,True,Escamoso
LACTB2,-1.1290238550164031,-0.8362175741882069,-0.8883738230235075,-0.9512050840760392,0.8362175741882069,True,Adenocarcinoma
DST,2.338641451885153,0.8361567314126196,1.5542011799425028,1.5763331210800917,0.8361567314126196,True,Escamoso
ZNF503-AS2,1.1344609854503198,0.8358059849714621,1.28190838100193,1.0840584504745705,0.8358059849714621,True,Escamoso
LEPROT,-1.293893758415559,-0.8356656996409576,-1.0734971899424655,-1.067685549332994,0.8356656996409576,True,Adenocarcinoma
ITGA3,-0.9809592609079182,-0.8356134860443173,-1.066857347157835,-0.9611433647033568,0.8356134860443173,True,Adenocarcinoma
COPS7A,1.4231621776550645,0.8353120523090249,1.0307078610319709,1.0963940303320199,0.8353120523090249,True,Escamoso
MGST1,-1.0546235222840736,-0.8352332609943578,-0.8767015067706672,-0.9221860966830328,0.8352332609943578,True,Adenocarcinoma
PPP2R2B,1.0009837512997355,0.8789715030519498,0.8349448706061049,0.9049667083192633,0.8349448706061049,True,Escamoso
ZBTB10,-1.3867004401569947,-0.8346797725160868,-1.3636265041731395,-1.1950022389487405,0.8346797725160868,True,Adenocarcinoma
NRM,1.533770729569631,0.8343992725441621,0.908549812234221,1.0922399381160048,0.8343992725441621,True,Escamoso
CRYAB,1.5452042421136998,0.8626664267819191,0.8342845363447567,1.080718401746792,0.8342845363447567,True,Escamoso
DNAJB1,2.3792551788380907,0.9046461600870725,0.8342425538767231,1.3727146309339622,0.8342425538767231,True,Escamoso
GFPT1,-1.5513400271124895,-0.8934066462308796,-0.8341098975882335,-1.0929521903105341,0.8341098975882335,True,Adenocarcinoma
LOC101928231,1.0235270924270596,0.8341055788497155,1.1051582090551293,0.9875969601106348,0.8341055788497155,True,Escamoso
BORA,1.1752276395636942,1.0421893069817962,0.8332826738268266,1.016899873457439,0.8332826738268266,True,Escamoso
SLC39A8,-1.1089589824412098,-0.8331352601626199,-0.8777557044424747,-0.9399499823487681,0.8331352601626199,True,Adenocarcinoma
ALDOC,1.3101881180845694,0.8330479714447002,1.6621056680467419,1.2684472525253372,0.8330479714447002,True,Escamoso
SCCPDH,-0.8328406510791573,-0.8822680335143809,-0.9090506258283972,-0.8747197701406452,0.8328406510791573,True,Adenocarcinoma
CFLAR,-1.2433973967908627,-1.038845137648072,-0.8326999761667706,-1.0383141702019019,0.8326999761667706,True,Adenocarcinoma
HIST1H4A,0.8675831200203914,0.8324852215999193,1.2942927578006076,0.9981203664736394,0.8324852215999193,True,Escamoso
LOC100506098,-1.225511797989893,-0.8433795161332502,-0.8323850994862045,-0.9670921378697827,0.8323850994862045,True,Adenocarcinoma
TXNIP,-1.2857627786158916,-0.8776885504710975,-0.832253871388113,-0.9985684001583673,0.832253871388113,True,Adenocarcinoma
COL4A3,-1.4454082533284658,-0.9818089855803513,-0.8321826885068686,-1.0864666424718952,0.8321826885068686,True,Adenocarcinoma
COPZ2,1.8041452036723202,0.8321649984996263,0.8529764355037628,1.1630955458919032,0.8321649984996263,True,Escamoso
HMGA1,1.118831131255765,0.8320668158315919,1.072582653078298,1.007826866721885,0.8320668158315919,True,Escamoso
CLCA4,1.4676061408644376,0.8319684886357029,1.296815272107135,1.1987966338690919,0.8319684886357029,True,Escamoso
TTC23,1.218270011677222,0.8314190852298877,0.8993425573920903,0.9830105514330668,0.8314190852298877,True,Escamoso
PRPF19,0.9473478193347409,0.8311524518750015,0.928775866796174,0.9024253793353054,0.8311524518750015,True,Escamoso
NKIRAS2,1.216200086688437,0.8805520270503844,0.8311152169930117,0.975955776910611,0.8311152169930117,True,Escamoso
MPP5,-0.8441518399030087,-0.8308834411766028,-0.9374608918395877,-0.870832057639733,0.8308834411766028,True,Adenocarcinoma
NTN1,1.182566754550019,0.8306832931765935,0.9133674435377314,0.9755391637547812,0.8306832931765935,True,Escamoso
BRD4,1.1480166410842088,0.830165177297442,1.142777591486811,1.0403198032894874,0.830165177297442,True,Escamoso
FRMD5,-1.2073298726863133,-0.898903866221128,-0.8301578280870007,-0.9787971889981474,0.8301578280870007,True,Adenocarcinoma
TMTC1,1.1659528751138646,0.8296527874501581,1.000356784100359,0.9986541488881272,0.8296527874501581,True,Escamoso
SF3B3,1.107848301993901,0.8885898179603705,0.8293627495567342,0.9419336231703351,0.8293627495567342,True,Escamoso
AADACP1,1.459033569980613,0.8291874556084701,0.8798259923913532,1.0560156726601455,0.8291874556084701,True,Escamoso
OSCP1,-1.326730562311058,-0.8288607270181437,-0.8351173295261938,-0.9969028729517985,0.8288607270181437,True,Adenocarcinoma
DUS3L,1.30159020970662,0.8287681551119859,1.0941622181847719,1.0748401943344592,0.8287681551119859,True,Escamoso
DLX6-AS1,1.2877696520026474,0.8286861376405857,1.0252009355914578,1.0472189084115637,0.8286861376405857,True,Escamoso
GNA15,1.3872730110941307,0.8286224476320557,0.8727128945543119,1.029536117760166,0.8286224476320557,True,Escamoso
RNASE1,-1.4547456680164674,-1.0561438705982948,-0.8284456136181075,-1.1131117174109566,0.8284456136181075,True,Adenocarcinoma
HPS4,1.0975977022296277,0.8283287058048301,0.8471941735005323,0.92437352717833,0.8283287058048301,True,Escamoso
KIAA0101,1.3213571794956056,0.8276519687845272,0.9773623020896112,1.0421238167899147,0.8276519687845272,True,Escamoso
ZNF717,-0.9933496378832113,-0.9717956630153669,-0.8276087241423126,-0.9309180083469636,0.8276087241423126,True,Adenocarcinoma
NPL,0.9713362118269857,0.8274891730134066,1.2857942782799339,1.028206554373442,0.8274891730134066,True,Escamoso
MYBL2,1.0756394797806845,0.9012901061771893,0.8274778651985149,0.9348024837187964,0.8274778651985149,True,Escamoso
GMNN,0.8991144079530484,0.8274522990831192,1.058293773156014,0.9282868267307273,0.8274522990831192,True,Escamoso
FNIP2,-1.4839270455373745,-1.0517592589240885,-0.8273612205247464,-1.12101584166207,0.8273612205247464,True,Adenocarcinoma
NDUFA6,0.9396793881216935,0.8272888588425952,1.2209347778126944,0.9959676749256611,0.8272888588425952,True,Escamoso
COX7BP1,1.288551091373532,0.8267168147273349,1.5874016393151513,1.2342231818053395,0.8267168147273349,True,Escamoso
CYFIP2,-1.8000804669612869,-0.8801667555891701,-0.8261063933695992,-1.1687845386400186,0.8261063933695992,True,Adenocarcinoma
KIT,-1.6209132544478786,-0.8255104262202132,-1.3759445046365075,-1.2741227284348664,0.8255104262202132,True,Adenocarcinoma
CABLES1,-1.5055317847269332,-0.8254221778444437,-0.9772118030354399,-1.102721921868939,0.8254221778444437,True,Adenocarcinoma
PHLDB3,1.4910404907593369,0.8251617120643905,1.0497289784339945,1.1219770604192405,0.8251617120643905,True,Escamoso
FAM83G,1.5499740281666934,0.8250050902799719,1.1051278498961719,1.160035656114279,0.8250050902799719,True,Escamoso
GSS,0.9313544636071678,0.8275246116484721,0.8248833194047139,0.8612541315534513,0.8248833194047139,True,Escamoso
CHDH,-1.3172645842096655,-0.8247629947001694,-1.430562576986199,-1.1908633852986779,0.8247629947001694,True,Adenocarcinoma
NTN4,-0.9016920387846521,-0.822432425347414,-0.8321734048672788,-0.8520992896664482,0.822432425347414,True,Adenocarcinoma
SHANK2,-1.7168435674355271,-0.8223463423110898,-1.3426702131341892,-1.2939533742936022,0.8223463423110898,True,Adenocarcinoma
WRB,-0.972758116841686,-0.822186489630309,-0.8626638077344699,-0.885869471402155,0.822186489630309,True,Adenocarcinoma
PPP1R1B,-0.9081552239430295,-0.8216321877294641,-1.0355199771700265,-0.9217691296141733,0.8216321877294641,True,Adenocarcinoma
GLB1L2,-1.497221775191176,-0.8215691155838585,-0.9451738477364531,-1.087988246170496,0.8215691155838585,True,Adenocarcinoma
RND3,2.192071767423342,0.8776884977756074,0.8214066638410822,1.297055643013344,0.8214066638410822,True,Escamoso
CORO1C,1.2953725900518835,0.8214033658867882,1.1011275413994597,1.0726344991127104,0.8214033658867882,True,Escamoso
RP11-138A9.1,-0.9199968820556149,-0.8209684972404792,-0.9093409159873161,-0.8834354317611367,0.8209684972404792,True,Adenocarcinoma
FAM160A1,1.371063048474287,1.019389611014189,0.8207866409573675,1.0704131001486146,0.8207866409573675,True,Escamoso
CKS2,1.2193067690394126,0.820646160852311,0.8869643213541889,0.9756390837486375,0.820646160852311,True,Escamoso
MAPRE2,-1.1667391470555537,-0.8199674460320818,-1.1150676914797806,-1.033924761522472,0.8199674460320818,True,Adenocarcinoma
BUB1B,1.6079863733921285,0.9320281726041257,0.81963984094811,1.1198847956481215,0.81963984094811,True,Escamoso
FCGRT,-1.5763468821033189,-0.8194648525851908,-1.0587340490187913,-1.151515261235767,0.8194648525851908,True,Adenocarcinoma
ERF,1.3747311243033589,0.8194583336499001,0.9312123751122839,1.0418006110218476,0.8194583336499001,True,Escamoso
CHODL,1.1799852631835954,0.819338321756688,1.2435169190685127,1.0809468346695985,0.819338321756688,True,Escamoso
LRFN1,0.8570007992258709,0.819277811484488,1.1576322954994962,0.9446369687366184,0.819277811484488,True,Escamoso
KRT19,1.3845064996134941,0.8192171529158679,1.1581764076396808,1.120633353389681,0.8192171529158679,True,Escamoso
WNT5A,1.6576599453658072,0.8186425361128885,1.750001663879527,1.4087680484527407,0.8186425361128885,True,Escamoso
PFN2,1.4988979797201905,0.8751832888965134,0.8184790671270635,1.0641867785812558,0.8184790671270635,True,Escamoso
TEAD4,1.5139012445781765,0.8511141596466824,0.8182569416903458,1.0610907819717348,0.8182569416903458,True,Escamoso
PARP8,-1.7260459755080126,-0.8180607426751929,-1.3628449410737928,-1.302317219752333,0.8180607426751929,True,Adenocarcinoma
ORC1,1.268031007874877,0.8960669638688571,0.8179745455971994,0.9940241724469779,0.8179745455971994,True,Escamoso
CTA-29F11.1,1.3331002093869961,0.8484807978436704,0.817954806611199,0.9998452712806217,0.817954806611199,True,Escamoso
CD46,-1.440467167429763,-0.816988113472622,-1.0040660836679252,-1.0871737881901034,0.816988113472622,True,Adenocarcinoma
DUSP14,1.6644442796372276,1.0407251763452487,0.8168603584390234,1.1740099381405,0.8168603584390234,True,Escamoso
HNMT,-1.966874843933633,-0.8163295257094928,-0.8760035540028691,-1.2197359745486651,0.8163295257094928,True,Adenocarcinoma
LHFPL1,0.9866246765661136,0.8162091596751544,0.8866076130892593,0.8964804831101757,0.8162091596751544,True,Escamoso
PTGR1,0.8347915067599778,0.8161177155368742,0.9670115079562785,0.8726402434177102,0.8161177155368742,True,Escamoso
MRPS17,1.044663275675347,0.8161116652355502,0.9356298908496262,0.9321349439201745,0.8161116652355502,True,Escamoso
HSPB1,1.8646037592055342,0.8160990522386231,1.5551718057862685,1.4119582057434752,0.8160990522386231,True,Escamoso
TSPAN18,1.2350788748923542,0.8156566627792069,0.833694385482101,0.9614766410512207,0.8156566627792069,True,Escamoso
FLJ25917,1.32912329522735,0.8154300100574536,1.0237877186130597,1.0561136746326212,0.8154300100574536,True,Escamoso
KLHDC9,-1.150127471896248,-0.8154051926511289,-0.9877278118010036,-0.9844201587827935,0.8154051926511289,True,Adenocarcinoma
HTR2C,1.0849291413398738,0.9564237923414286,0.8150559385155728,0.9521362907322918,0.8150559385155728,True,Escamoso
SH3BP5,-1.2542043238595202,-0.8144784150801895,-0.9286284991958715,-0.9991037460451938,0.8144784150801895,True,Adenocarcinoma
EPHA10,-1.1592013687579892,-0.9414755226978443,-0.8142955488199665,-0.9716574800919333,0.8142955488199665,True,Adenocarcinoma
TMX4,-1.122752242090756,-0.8141983397240709,-0.9286127649454791,-0.9551877822534354,0.8141983397240709,True,Adenocarcinoma
TTC28-AS1,1.2533216835782568,0.8139502893370388,1.1515607185058858,1.0729442304737271,0.8139502893370388,True,Escamoso
RASD1,-1.293608718060613,-0.8143932336026981,-0.8138158842026465,-0.9739392786219859,0.8138158842026465,True,Adenocarcinoma
CYB5A,-1.3469087626315026,-0.8136657090530888,-1.0447486303912634,-1.068441034025285,0.8136657090530888,True,Adenocarcinoma
TECR,1.4313260467326114,0.8124610763918949,0.944750410549138,1.0628458445578814,0.8124610763918949,True,Escamoso
CCDC34,1.1508208283837855,0.8120083516955846,1.0588409501603813,1.007223376746584,0.8120083516955846,True,Escamoso
ZNF706,1.1645730497059994,0.8112844867447323,0.9385609684625946,0.9714728349711089,0.8112844867447323,True,Escamoso
XPC,-1.320196336914486,-0.8112760889819326,-0.8823654505430779,-1.0046126254798322,0.8112760889819326,True,Adenocarcinoma
TMBIM4,-1.439149129776604,-0.9605698957255797,-0.811203448231851,-1.0703074912446782,0.811203448231851,True,Adenocarcinoma
ZDHHC16,-1.5586925840546542,-0.8108496473186896,-0.883135199416226,-1.0842258102631899,0.8108496473186896,True,Adenocarcinoma
CYSTM1,-1.2522069449052522,-0.8413473393834527,-0.8103198877441982,-0.9679580573443008,0.8103198877441982,True,Adenocarcinoma
ATP5G1,1.0404834463766217,0.995448140913023,0.8099773882212398,0.9486363251702947,0.8099773882212398,True,Escamoso
OAZ3,-1.3129287678363946,-0.8342499330340829,-0.8096939391405034,-0.9856242133369936,0.8096939391405034,True,Adenocarcinoma
TNFRSF10C,-1.1885521481580064,-0.8576401989190511,-0.809474474238818,-0.951888940438625,0.809474474238818,True,Adenocarcinoma
KLHL21,1.4502032268292813,0.8093545911309883,1.16469695379105,1.1414182572504397,0.8093545911309883,True,Escamoso
MRPS22,1.5485712643408784,0.809352913809179,1.1863478107558272,1.1814239963019615,0.809352913809179,True,Escamoso
THAP11,0.8637282349900938,0.8090958191557576,0.849547651457871,0.8407905685345741,0.8090958191557576,True,Escamoso
C14orf2,0.8090247603642597,0.8104332365947411,1.0537700124425178,0.8910760031338395,0.8090247603642597,True,Escamoso
SHFM1,1.31732755396946,0.8086996709360559,1.4494301493952588,1.191819124766925,0.8086996709360559,True,Escamoso
GSTM3,0.9195415644178224,0.8079659271774091,0.9083937117984517,0.8786337344645611,0.8079659271774091,True,Escamoso
FGFBP2,0.9597057335437238,1.0008914502214972,0.8076018613249992,0.9227330150300733,0.8076018613249992,True,Escamoso
MAP1LC3C,-1.2094606879273475,-0.8075787338442659,-1.0307426133592046,-1.015927345043606,0.8075787338442659,True,Adenocarcinoma
FOXK1,1.4549276568965706,0.8287728626404469,0.8075752330463524,1.0304252508611234,0.8075752330463524,True,Escamoso
ACSF2,-1.591350405169714,-0.80736097539327,-0.928587591128008,-1.1090996572303309,0.80736097539327,True,Adenocarcinoma
SLC4A4,-1.6113381970948752,-0.8072162274536631,-1.1672780654337256,-1.1952774966607547,0.8072162274536631,True,Adenocarcinoma
CCDC51,1.286741335174508,0.8071697315473721,1.130138219575605,1.074683095432495,0.8071697315473721,True,Escamoso
NDUFA9,0.9071096656135045,0.8063405931771489,1.1000798528836837,0.9378433705581123,0.8063405931771489,True,Escamoso
AK1,-1.1979285651448959,-0.9710998275250107,-0.80614703353844,-0.9917251420694487,0.80614703353844,True,Adenocarcinoma
PXYLP1,1.2304899309064132,0.8060455226064331,0.9925994693208728,1.0097116409445732,0.8060455226064331,True,Escamoso
RND1,-1.0878046175469192,-0.805774133378617,-0.8974003279993549,-0.9303263596416304,0.805774133378617,True,Adenocarcinoma
NOD1,-1.2752029755498926,-0.8606930968117218,-0.8057393780535622,-0.9805451501383922,0.8057393780535622,True,Adenocarcinoma
MB21D2,1.3806629875190601,0.805512910182526,0.9248396958226154,1.0370051978414006,0.805512910182526,True,Escamoso
ZNF320,-1.1802334198273194,-0.8169307790337775,-0.8052137579128786,-0.9341259855913252,0.8052137579128786,True,Adenocarcinoma
CALB1,0.864023594010169,0.8046257665813882,1.2133725070109467,0.9606739558675014,0.8046257665813882,True,Escamoso
CDK1,1.5019269790434393,0.8044281283975243,0.821507471438424,1.0426208596264626,0.8044281283975243,True,Escamoso
PLA2R1,1.8081990556042968,0.8042754793111394,1.5125425563201336,1.3750056970785234,0.8042754793111394,True,Escamoso
LINC00491,1.6106014954660777,0.80359039399392,1.2698122344335814,1.228001374631193,0.80359039399392,True,Escamoso
MAGEA9,1.2541565353014843,1.0087412112663203,0.8031107661230064,1.0220028375636037,0.8031107661230064,True,Escamoso
SKA1,1.4923436168119673,1.035324962384669,0.803106166115154,1.1102582484372634,0.803106166115154,True,Escamoso
GLYR1,-1.0954176635499373,-0.8031021772378251,-0.9273430888062192,-0.9419543098646606,0.8031021772378251,True,Adenocarcinoma
BCL7A,0.8027715691629648,0.8514173497547403,1.018819765941696,0.8910028949531337,0.8027715691629648,True,Escamoso
DISP1,-1.5061215329303328,-1.0662604573925354,-0.8026898799905845,-1.1250239567711509,0.8026898799905845,True,Adenocarcinoma
ABCA7,-1.130107649370459,-0.8863576204490761,-0.8023906926893623,-0.9396186541696324,0.8023906926893623,True,Adenocarcinoma
ASB9,-1.2420669263796478,-0.8547579036587271,-0.8021567413261563,-0.9663271904548436,0.8021567413261563,True,Adenocarcinoma
IGF2BP3,1.1945909348530617,0.9716863387097975,0.8021389934529104,0.9894720890052565,0.8021389934529104,True,Escamoso
PARD6B,-0.9360663981855272,-0.8018816052182286,-1.1241998252769971,-0.9540492762269176,0.8018816052182286,True,Adenocarcinoma
UBXN7,2.1183310290385267,0.8013144153900225,1.6119222912191826,1.510522578549244,0.8013144153900225,True,Escamoso
KIAA1244,-1.3941826449184145,-0.8012097636803817,-0.8236602613362508,-1.0063508899783489,0.8012097636803817,True,Adenocarcinoma
MIR6132,-0.8674275120658835,-0.8011419804977897,-0.829493979814389,-0.8326878241260207,0.8011419804977897,True,Adenocarcinoma
LRP4,1.087824494169837,0.9689087392438903,0.8010310635759395,0.9525880989965557,0.8010310635759395,True,Escamoso
CACNA1D,-1.4057498508589208,-0.8898124933874342,-0.8001645808902342,-1.0319089750455297,0.8001645808902342,True,Adenocarcinoma
