GENE_SYMBOL,Puntuacion_Consenso,LogFC_Medio,Importancia_Media,Consistencia_Signo,Num_Estudios
SLC6A4,0.8901759241618121,-3.5848062434756662,0.4126615151273047,11.0,6
KANK3,0.6622163963677864,-2.5985931991661633,0.3139713951855832,10.0,6
TOX3,0.5669062705062242,2.3624457695311034,0.2567284700763337,11.0,6
S100A10,0.5630238014989282,-1.1405538364486822,0.3643505271400609,-11.0,4
COL10A1,0.5556852365764905,3.8232878048416254,0.1149682232963338,8.0,5
AGER,0.5,-4.584141699035543,0.0,0.0,5
FAM107A,0.4943968758951368,-3.3168152979612255,0.1103228949124974,10.0,6
SPINK1,0.49413026906571644,3.114826521377867,0.1284233641435263,11.0,5
GPM6A,0.4624885557948408,-2.98409901639476,0.1141657943878107,9.0,6
TMEM100,0.45628590945958647,-4.1863688040561735,0.0,0.0,6
MMP12,0.44698336330835997,4.101721024186851,0.0,0.0,5
LAMP3,0.4463501894514117,-2.2968571851962634,0.163179684792436,-10.0,5
TNNC1,0.4422157709325308,-4.058338696018273,0.0,0.0,5
PTPRB,0.44084611338871804,-2.042151059675971,0.1817390459437973,10.0,6
CLDN18,0.4387057997884217,-4.026399992364,0.0,0.0,6
WIF1,0.43808858954463376,-4.020783736771184,0.0,0.0,5
MMP1,0.43683161905258,4.00934603361079,0.0,0.0,5
RETN,0.4338719075100349,-1.4876619054970974,0.226275579763008,10.0,4
FCN3,0.4307008030709943,-3.953559160512593,0.0,0.0,5
SFTPC,0.4225279582221036,-3.879191007919895,0.0,0.0,5
SH3GL3,0.42078624946809673,-0.8183164910854067,0.2761857246487285,-10.0,6
AKR1B10,0.4194790529425103,3.029570437935419,0.0745447753265142,8.0,4
CPB2,0.41424762698187867,-3.803844791446116,0.0,0.0,4
COL11A1,0.40374622887427497,3.604331838550726,0.0094289015514969,2.0,4
MT1M,0.4018464454367408,-3.69100122491203,0.0,0.0,5
CA4,0.4005500606225868,-3.5052753200419007,0.0157755173000096,4.0,5
KRT6A,0.39703942802013603,2.713021043281768,0.0847360604347567,9.0,4
TMPRSS4,0.39692630315711086,3.6462307810097494,0.0,0.0,5
CXCL13,0.3916556875310345,3.281668526402221,0.0287160597482427,3.0,5
SOSTDC1,0.38867438852480196,-3.571143139202777,0.0,0.0,5
SCGB1A1,0.38590798813312277,-3.5459704985538085,0.0,0.0,4
LRRC31,0.38561508778666487,1.9225988984362723,0.146999062917968,11.0,2
KRT5,0.38331022141404497,3.5223323266153272,0.0,0.0,2
FABP4,0.38279464808134384,-3.5176409080226634,0.0,0.0,6
SPP1,0.38083548831073794,3.4998136892918845,0.0,0.0,5
PTPRZ1,0.37879259346427985,1.943113608936154,0.1395076043986447,10.0,3
GREM1,0.37478285998214317,3.4447382785322005,0.0,0.0,5
ELMO1,0.36753702658849546,-0.9797126826523712,0.2175991810464576,-10.0,5
HIST1H2BM,0.36698884125514775,0.4061420406333887,0.269169960271156,11.0,4
FIGF,0.3652856293948972,-3.358318983099692,0.0,0.0,5
MMP7,0.36383031694840473,1.61023774949429,0.1573509377271032,10.0,5
CLEC3B,0.3603840502287429,-3.3137174527741493,0.0,0.0,6
ZNF702P,0.35618030491174846,0.3312482927228766,0.2670423351979514,11.0,2
RAB11FIP1,0.35310405279699764,-1.1140176044510717,0.1935057765573511,-11.0,5
CYP4B1,0.3473712496640438,-3.1953085075480283,0.0,0.0,4
DHCR24,0.34561723393929594,-0.7667878962760412,0.2188206801411912,-11.0,3
EDNRB,0.34040220230940077,-3.131894214645334,0.0,0.0,6
FOSB,0.33763051814994754,-3.106673494771157,0.0,0.0,5
ABCA4,0.32639169628684916,0.8919805830640988,0.1915983476309042,11.0,4
PPBP,0.32632827339146225,-3.0038296162466382,0.0,0.0,5
ADH1B,0.3216774552233639,-2.961509865706779,0.0,0.0,5
SFTPA1,0.3216366425990761,-2.9513312555841447,0.00088952258552,-1.0,4
NELL1,0.31889958560889653,0.704284209523416,0.2024391124039822,11.0,4
NAGLU,0.3175789907728642,0.1570592325975666,0.2509828362862522,11.0,3
SFTPD,0.3169327205799555,-2.91833552965894,0.0,0.0,5
SGCG,0.3162325149487255,-2.9119640641298172,0.0,0.0,6
LEPREL2,0.31595948882361025,0.5849078321616602,0.2108400934984351,11.0,3
CCDC25,0.3146641064654605,-0.1718174781854483,0.2472385332055438,-10.0,3
AQP4,0.3142910556892071,-2.8942979097938557,0.0,0.0,4
IL6,0.31317190113090404,-2.8841142517769054,0.0,0.0,4
ACAA2,0.3131174795063242,-0.4810505055156415,0.2179144410159599,-11.0,4
S1PR1,0.312217042226803,-2.0250992256429035,0.0771251229643387,8.0,6
SDPR,0.3120671698886761,-2.874061837579042,0.0,0.0,5
C1orf106,0.3113350617658755,1.7816493816579444,0.0984782544211569,8.0,4
PSD3,0.3081137904037934,0.6666541642562162,0.1969504154191714,11.0,5
CST1,0.3072589814679638,2.4755834236822425,0.0321739280309766,5.0,4
NFASC,0.3042605320553323,-0.8945539072438892,0.1730995860220481,-9.0,6
MMP13,0.3016462396876861,2.7792374108740288,0.0,0.0,5
FMO2,0.3013595424520325,-2.7766286321484808,0.0,0.0,5
CHRDL1,0.3009967773560387,-2.7733276799692854,0.0,0.0,5
FLRT3,0.3006099826501926,-1.8670110072061563,0.0818842478059378,-8.0,5
MME,0.29984164878584063,-2.7628166792882514,0.0,0.0,6
DCC,0.2989720277211417,-0.6116161352517984,0.1943974911450754,-10.0,3
TIPRL,0.2977362784292087,0.3695773942987587,0.2153306611273541,11.0,4
SPRR2B,0.29728506262821486,1.8368360259202516,0.0818770040576806,10.0,3
SOX17,0.29635409005885033,-1.8771382402956511,0.0774532153801767,8.0,5
FHL1,0.29630499103031,-2.730635142932872,0.0,0.0,6
TCF21,0.2933186697476736,-2.70346134960336,0.0,0.0,6
MARCO,0.29298444292379383,-2.700420079164678,0.0,0.0,5
S100A2,0.29052592106377945,2.678048954762035,0.0,0.0,5
DLGAP5,0.2901014006362434,2.674186064848249,0.0,0.0,5
LINC00312,0.2894940297606272,-1.647593116614957,0.0926113332062872,10.0,6
CDC20,0.28847514637134763,2.65938809332641,0.0,0.0,5
RRM2,0.287712649733221,2.6524498157273544,0.0,0.0,5
CDH3,0.2873781833454539,2.649406365396106,0.0,0.0,5
ADAMDEC1,0.2857341658495441,2.508523350052006,0.0114213304436488,4.0,5
RGS17,0.28463167903228437,1.843178589126257,0.070858600790388,8.0,4
NDRG4,0.2827180419151615,-1.8716679223748336,0.0666952319978314,-9.0,5
EMCN,0.28115689121902937,-2.5927962118038126,0.0,0.0,5
ACADL,0.28096095640564855,-2.591013318531135,0.0,0.0,5
AOC3,0.2797572040402422,-2.5800598694874384,0.0,0.0,5
SELE,0.2794964248736043,-2.5776869301724146,0.0,0.0,4
OGN,0.27895408828577134,-2.5727519814652897,0.0,0.0,4
MFAP4,0.2780318579401185,-2.564360219681088,0.0,0.0,4
SPRR1B,0.27787740895612173,2.389895012940073,0.0156966310092259,5.0,4
LYVE1,0.277563177905432,-2.560095502929314,0.0,0.0,5
GCNT3,0.2757570641293444,2.5436609140703217,0.0,0.0,5
GPR87,0.2741665574823886,2.3629478586442763,0.015078103256963,3.0,4
TOP2A,0.2734737302224378,2.5228838985330744,0.0,0.0,5
LPL,0.2731735003064328,-2.520151980257471,0.0,0.0,4
BUB1B,0.2725550919951872,2.514524822944978,0.0,0.0,4
HAND2,0.2724315457615349,0.1651234354979742,0.2129901820095495,-11.0,1
TTK,0.2721432573343217,2.510777366157473,0.0,0.0,4
PLA2G1B,0.2721009394445107,-2.5103922978801405,0.0,0.0,4
CRABP2,0.2714243270336197,2.5042355169856534,0.0,0.0,5
MELK,0.27113395116382905,2.5015932648209427,0.0,0.0,5
FCGBP,0.2699412406377514,1.4683704030624534,0.0927295761374498,8.0,4
CAV1,0.26987850312272943,-2.490169415082088,0.0,0.0,6
CFD,0.2696916073608947,-2.4884687719410477,0.0,0.0,5
TPX2,0.269414633197664,2.4859484675407786,0.0,0.0,5
CLCA2,0.26930086654569035,2.484913256926804,0.0,0.0,2
KRT13,0.26867408625926875,2.4792099194911223,0.0,0.0,2
NRIP3,0.26834695727042623,0.9817716968792708,0.1355485786118014,11.0,4
DSP,0.26796121868896183,2.1878260071272178,0.0258403536370733,5.0,4
PGC,0.2678565830940345,-2.47177111436742,0.0,0.0,4
KRT15,0.2671423709736931,2.465272197903061,0.0,0.0,5
HIGD1B,0.26705036260673926,-2.464434975075522,0.0,0.0,5
VIPR1,0.2670368691325842,-2.4643121922791367,0.0,0.0,6
FGFBP1,0.26658627401389284,2.460212037784107,0.0,0.0,1
RAMP3,0.2664004913506753,-2.458521523195528,0.0,0.0,6
PCOLCE2,0.26565273123349753,-2.451717339398431,0.0,0.0,4
FOXF1,0.26529228745367145,-2.4484375098513382,0.0,0.0,6
TGFBR3,0.26334647263396255,-2.430731722441354,0.0,0.0,6
ZBTB16,0.2631139585874051,-2.428615979341609,0.0,0.0,5
S100A7,0.2625612940743929,2.4235870524995877,0.0,0.0,2
HBB,0.26208526359372825,-2.4192554509484276,0.0,0.0,5
HSD17B6,0.26139431435431315,-2.4129682132214563,0.0,0.0,4
KCNJ2,0.26049520238239243,-0.4856429174515621,0.1740675292203978,-10.0,3
GTF2I,0.259545668733726,0.2653930224238966,0.1932606578684352,10.0,5
CLIC5,0.2593325527695216,-2.394207377431413,0.0,0.0,5
SEC13,0.25924268841046283,0.3554391005370929,0.1848433666879107,10.0,3
NMU,0.25909099450949075,2.3920093372294824,0.0,0.0,5
SLC34A2,0.25888531705865386,-2.3901377916010604,0.0,0.0,2
CDH5,0.25871413536201215,-2.3885801373481894,0.0,0.0,6
CEP55,0.2584153811051258,2.3858616467155356,0.0,0.0,5
GDF10,0.25749323305059046,-2.3774706337328224,0.0,0.0,5
CHCHD2,0.25564385538217865,0.5222946474717207,0.1667392664090481,9.0,4
KL,0.25496632111518847,-2.3544771992709177,0.0,0.0,6
SCG5,0.25471373940808584,2.090770655560466,0.0237098838392746,4.0,4
COMP,0.2542400234569786,2.3478683114145915,0.0,0.0,5
PBK,0.2541590757167867,2.3471317338818074,0.0,0.0,4
HABP2,0.25373299664304244,2.3432546611906413,0.0,0.0,3
GNB3,0.2536119108932343,0.2128431863049028,0.1931296932501442,11.0,2
BCHE,0.25336581904604394,-2.3399135578090067,0.0,0.0,5
TERT,0.25225218587716225,0.1789215490266809,0.1950841941968567,10.0,3
CACNA2D2,0.25188931452692276,-2.3264782222053073,0.0,0.0,5
SLC14A1,0.24985737460705978,-1.8658543695078271,0.040101859291469,8.0,5
KIF4A,0.24979598610517978,2.3074301464895495,0.0,0.0,4
CP,0.24976181933914027,2.3071192487155914,0.0,0.0,5
SULF1,0.24814317746883882,2.292390545573766,0.0,0.0,5
OLR1,0.24751804584721027,-2.286702210032427,0.0,0.0,4
PKP1,0.246955069785802,2.2815794540747474,0.0,0.0,2
ADAMTS8,0.2463955970388765,-2.276488576248961,0.0,0.0,5
KIF20A,0.2463496277190203,2.276070282073939,0.0,0.0,5
GINS1,0.24633510055200605,2.2759380932714803,0.0,0.0,5
IL33,0.24598971526793154,-2.272795287310492,0.0,0.0,4
DSC3,0.245530996817942,2.2686212152074914,0.0,0.0,2
THBS2,0.2444635152809994,2.2589077517443976,0.0,0.0,5
AIM2,0.2441748859935227,1.2732763752027352,0.0891591582910071,8.0,5
SPRR3,0.24414347919366264,2.2559956087858217,0.0,0.0,3
LRRN3,0.24304623668033307,-2.246011337681793,0.0,0.0,6
SEMA3G,0.24286350278850646,-2.2443485651463444,0.0,0.0,6
ZBED2,0.24191992213513827,-2.2298847822810304,0.0005331151375177,-1.0,4
UBE2C,0.24191624830734407,2.2357290982285596,0.0,0.0,5
UPK3B,0.2418368721779471,-2.159911073782495,0.0068112303956638,-1.0,5
CES1,0.2412458164656816,-2.1664075969048886,0.0057341798703477,-1.0,5
WISP2,0.24104416284645647,-2.227793625840635,0.0,0.0,5
ANXA11,0.24047510103305714,-0.6028324910417151,0.1469153122702585,-9.0,4
TPPP3,0.24017996321764853,-2.2199299099554053,0.0,0.0,5
HYAL1,0.2399654339868358,-2.2179778182581256,0.0,0.0,4
PSAT1,0.23930692531366293,2.211985770887156,0.0,0.0,4
STX11,0.239284758740707,-2.211784067917074,0.0,0.0,4
GSK3A,0.23888050491275425,0.1876759242364257,0.1832542107400306,10.0,4
ANKRD1,0.23863707276404295,-0.9536441993898228,0.1135795079853287,10.0,4
FAM189A2,0.2380574955598418,-2.200616684075403,0.0,0.0,6
KLF4,0.23779547974721477,-2.198232491998419,0.0,0.0,6
FXYD1,0.23740506001038944,-2.1946798986113847,0.0,0.0,5
CXCL3,0.2368262545876187,-2.1894131046371985,0.0,0.0,4
HMGB3,0.23640393440611424,2.185570235687427,0.0,0.0,5
STMN2,0.23449607772830372,0.8299952676266238,0.1213768834027722,9.0,4
CD36,0.2337227909941129,-2.161173384153694,0.0,0.0,6
LRRC36,0.2333625055245024,-2.157894995137835,0.0,0.0,5
CLDN5,0.23315118005346117,-2.1559720557981445,0.0,0.0,5
CCL14,0.23282536613870217,-2.1530073379578307,0.0,0.0,5
DSG3,0.2327809836891661,2.1526034833832535,0.0,0.0,3
CCNB1,0.23249570845122228,2.1500076440129265,0.0,0.0,5
KCNK3,0.23247064603799905,-2.1497795905743273,0.0,0.0,6
MMP9,0.23230486017083138,2.1135649022067637,0.0031478675639696,3.0,5
SCN7A,0.23202256164810248,-2.1457022822565563,0.0,0.0,4
CALCRL,0.23137499409091325,-2.1398097927015067,0.0,0.0,6
JAM2,0.2311211273128779,-2.137499752117571,0.0,0.0,6
GPX3,0.23081318264639253,-2.1346976340826984,0.0,0.0,6
FGG,0.23061134545681428,-2.132861032606595,0.0,0.0,2
MAGEA6,0.22999703942450447,1.7874052526749753,0.0308260503141003,6.0,4
CDKN3,0.22960172778799465,2.123674096815779,0.0,0.0,5
KRT14,0.22898567582247523,2.1180683808840737,0.0,0.0,4
ADRB2,0.22892518756194863,-2.1175179727615556,0.0,0.0,6
ENTPD4,0.22866802400891661,0.1645039059748525,0.1769273313299891,11.0,2
S100A12,0.22765510243564074,-2.105960934028366,0.0,0.0,5
PPAP2C,0.2272088019669813,2.101899858360208,0.0,0.0,5
CLIC3,0.22567874325946313,-2.0879772106726113,0.0,0.0,5
HPGD,0.225606368077138,-1.9740421790032483,0.0102742443843307,-3.0,4
PDK4,0.2255122683351214,-2.086462385320459,0.0,0.0,5
ANXA3,0.22511089408727963,-2.0828101122304683,0.0,0.0,5
CXCR2,0.2247373281824513,-2.079410878949113,0.0,0.0,5
MLPH,0.2243572425890454,-2.0759523202793577,0.0,0.0,2
CSF3,0.22362531255486573,-1.8345294918631188,0.0212931199737432,6.0,4
DACH1,0.2235701449206389,-2.014697362864333,0.0049062523941093,-1.0,6
SUSD4,0.22351012720398677,1.4396339085833276,0.0570153265837271,7.0,5
HMMR,0.2229962583462823,2.063568152255441,0.0,0.0,5
SLIT2,0.2228021194339095,-2.0618016006413504,0.0,0.0,6
C4BPA,0.222650508081794,-2.0604220251841654,0.0,0.0,4
AQP1,0.2220532310079275,-2.0549871498879027,0.0,0.0,4
PCSK1,0.22134779580305403,1.128968136278901,0.0834082808688636,-9.0,2
KRT6B,0.22091575273455458,2.044636756680994,0.0,0.0,4
ABCC3,0.22078749362928524,2.043469673139286,0.0,0.0,5
ABCA3,0.22062015453972145,-2.0419469843843303,0.0,0.0,4
FOXM1,0.21890069640117799,2.0263009116167416,0.0,0.0,5
RAMP2,0.21886769996826794,-2.026000663196144,0.0,0.0,5
GGH,0.21858931877578053,2.0234675556449035,0.0,0.0,2
FCN1,0.218218136595296,-2.020090012873893,0.0,0.0,4
PAPSS2,0.2179263824409834,-1.2969871420427286,0.0653450826967773,-8.0,5
ZNF652,0.21784010716143068,0.3033364227394884,0.1553986077203669,10.0,2
E2F8,0.21756205080100177,2.014120012296848,0.0,0.0,5
STXBP6,0.21691834873269197,-2.008262696450849,0.0,0.0,5
PLEKHA6,0.21650799014209798,0.5655056584808728,0.13052027030232,9.0,3
GNG11,0.21613128335619922,-2.001100857568347,0.0,0.0,5
GJB1,0.2159775375922954,1.127959996590656,0.0790675219774836,8.0,2
AGTR1,0.21533859413471376,-1.9938878449549953,0.0,0.0,5
CXCL14,0.2151217037678793,1.9919142682880135,0.0,0.0,5
NQO1,0.21475623981354983,1.763911673413193,0.0203783494516613,2.0,4
HSPB1,0.21395611089534677,0.8139481645045192,0.1058802578354142,10.0,5
TCEAL2,0.2135927424844025,-1.9780016065233204,0.0,0.0,6
TRHDE,0.21272407848480557,-1.9700972674506687,0.0,0.0,6
ADAMTS1,0.21263581417962765,-1.969294113415896,0.0,0.0,5
NDC80,0.2124706679759642,1.9677913786520256,0.0,0.0,4
CD24,0.21237296483629492,1.7949465914009886,0.0155964916193023,3.0,5
NR4A2,0.21235890972803503,-1.966774443351141,0.0,0.0,4
MMP11,0.2120290137334236,1.96377258094942,0.0,0.0,5
SLC6A14,0.21178638160341545,-1.961564769152921,0.0,0.0,3
TSPAN7,0.21159972343411726,-1.9598662879662967,0.0,0.0,5
GIMAP6,0.21152072811718725,-1.959147476353917,0.0,0.0,6
PRC1,0.21134214205258417,1.957522446642857,0.0,0.0,5
GPM6B,0.21131952983837915,-1.9573166885956224,0.0,0.0,5
PCP4,0.21082513989249155,1.9528180265488255,0.0,0.0,4
EFEMP1,0.2104051569019233,-1.2171399731032342,0.066379829265015,-6.0,5
FOLR1,0.21031591827359974,-1.9481844048714991,0.0,0.0,4
MLLT11,0.20972023245107851,1.942764009040471,0.0,0.0,2
ZWINT,0.20962965813515363,1.9419398352463737,0.0,0.0,5
ECHDC3,0.2095352309655366,-0.6685341558842427,0.1154207436311284,-10.0,4
CCL2,0.20941169279130048,-1.939956476911388,0.0,0.0,3
STRA13,0.20908470763413142,0.81859505915572,0.1014383003378254,11.0,5
KIF11,0.20892412779470737,1.93551991794864,0.0,0.0,5
TEK,0.20848296214503112,-1.9315055661579985,0.0,0.0,6
NRGN,0.20847858610051384,-1.2713206320232795,0.0598755670009584,-8.0,4
GRAMD3,0.2079728716905329,1.079351011392398,0.0768699516458554,9.0,4
KRT16,0.20753086601226436,1.922842043015977,0.0,0.0,4
COL1A1,0.20740369057163227,1.921684820194568,0.0,0.0,5
SFTPB,0.207386130798461,-1.9215250364332412,0.0,0.0,4
SLCO2A1,0.2068275002596663,-1.9164418222134507,0.0,0.0,6
VSIG4,0.2067219842557793,-1.9154816877164516,0.0,0.0,4
ARC,0.2058290535479753,-1.5395240392824645,0.0333626331433823,6.0,4
CKMT1A,0.20544028830180955,1.9038189971791164,0.0,0.0,4
KLRF1,0.20543421701241038,-1.9037637519634272,0.0,0.0,6
NUSAP1,0.20532512988123833,1.9027711222773265,0.0,0.0,5
NDNF,0.20453713270131327,-1.7596435060431517,0.0123314104029354,-3.0,5
CDC45,0.20437865227974608,1.8941587245143985,0.0,0.0,4
MMRN1,0.20422773558380158,-1.8102579121717113,0.0074853001407551,2.0,5
KRT19P2,0.20352418690019464,0.0945724894937389,0.1625183658837352,11.0,3
LY6D,0.2030928435603238,1.6125951310562443,0.0244767831606963,6.0,4
THBD,0.2030681400212491,-1.8822338223026875,0.0,0.0,5
CST6,0.20293477305149654,-1.5694389073387365,0.0282606199035332,-5.0,3
SRD5A1,0.2028291811375232,1.880059434918995,0.0,0.0,5
SERPINB3,0.2019812258003049,1.778489656354454,0.008512604176092,1.0,3
NUP62CL,0.2016706506011607,0.6073080125874509,0.1144831731018201,10.0,4
ADRB1,0.20160902904558012,-1.868956757866189,0.0,0.0,4
C1orf116,0.20152081970016905,-1.868154103933449,0.0,0.0,2
HJURP,0.2012298131829308,1.8655061132423765,0.0,0.0,5
COL3A1,0.20069413994017715,1.86063179711458,0.0,0.0,5
MSMB,0.2006535025715653,1.860262020606428,0.0,0.0,3
KIAA1462,0.2005593251376717,-1.8594050605265433,0.0,0.0,6
CDCA8,0.2004411248878482,1.8583295067410628,0.0,0.0,4
PTHLH,0.20011427175873164,1.85535533265224,0.0,0.0,3
ASPA,0.19986225983425468,-1.853062170160941,0.0,0.0,5
JUP,0.19951270860382225,1.8498814565019397,0.0,0.0,4
CYP7A1,0.1992836001816136,-1.0937781549333656,0.068389944980966,11.0,1
BEX1,0.1990368555022482,-1.8455514689977268,0.0,0.0,4
EMP2,0.19864108437054967,-1.8419501810180663,0.0,0.0,5
TRIP13,0.1985325683204345,1.840962747838686,0.0,0.0,4
KIF14,0.19835388641995758,1.8393368460767032,0.0,0.0,4
FBLN5,0.198325167723537,-1.839075522579542,0.0,0.0,4
SPOCK2,0.19819212133641012,-1.8378648775467905,0.0,0.0,6
SRPX,0.1968561726168448,-1.825708518277822,0.0,0.0,5
DMBT1,0.19656832223103604,-1.8230892465540236,0.0,0.0,3
PPARG,0.19653338963601638,-1.8227713801800849,0.0,0.0,4
ARHGEF26,0.1961016922551745,-1.8188431841497057,0.0,0.0,4
PIAS3,0.19584828617700156,0.737598248935297,0.0978604372621254,10.0,5
HMGB3P1,0.19538014086549652,1.812277484586924,0.0,0.0,6
KIAA0101,0.19529629485353825,1.81151453446039,0.0,0.0,5
SIX1,0.19526458691081072,1.8112260105538731,0.0,0.0,5
KIF2C,0.19459696381680708,1.8051510272344464,0.0,0.0,5
PAM16,0.1945957772929689,0.3547165910111201,0.131554314165197,10.0,4
LRRC32,0.19452267869149967,-1.8044750756366403,0.0,0.0,6
HOXA5,0.19442623648499352,-1.8035975074382424,0.0,0.0,6
WFDC1,0.19426274159045956,-1.802109798630644,0.0,0.0,5
SOCS2,0.1940455832455259,-1.8001337835182325,0.0,0.0,5
FGR,0.19382365633850934,-1.79811437725388,0.0,0.0,5
NEK2,0.1937862038716084,1.7977735815058924,0.0,0.0,4
CDKN2B,0.19348697562681577,-0.9248831442719444,0.0789247383482764,-9.0,4
ALPI,0.19325949446042723,0.258128479847026,0.1392120501228504,10.0,3
AGR2,0.1930165439674307,1.7907701223363308,0.0,0.0,3
COL5A2,0.1929211075767656,1.7899017064792937,0.0,0.0,5
ICAM4,0.19248296722377095,-1.7030651637352847,0.0075145203906809,-1.0,3
GOLM1,0.19231150836901473,1.6357010088686614,0.0134829816338091,4.0,5
SLC6A8,0.19224511810733771,1.783750593991175,0.0,0.0,4
PRG4,0.19211221034612502,-1.221846102148074,0.0508553903889951,8.0,4
S100A3,0.1912139946213823,-1.774367967725383,0.0,0.0,5
EPAS1,0.1908643361056047,-1.7200553601111166,0.0046376056139781,1.0,6
EZH2,0.19075601742586473,1.7702006406085773,0.0,0.0,5
C7,0.19048346022433751,-1.7677205280005217,0.0,0.0,5
MDK,0.19045788730334268,1.767487829237001,0.0,0.0,5
CHI3L2,0.19045384501145524,-1.767451046723021,0.0,0.0,4
GRIA1,0.1901713002709291,-1.6866513250689004,0.0070953936556842,3.0,5
BMP2,0.19011477960876746,-1.7643657480207693,0.0,0.0,5
CD69,0.18994130811165144,-1.7627872579103447,0.0,0.0,4
MRC1,0.1899376552358951,-1.762754018857521,0.0,0.0,4
SH3GL2,0.1894045458563743,-1.7579030323995828,0.0,0.0,4
ACSS3,0.18932392693350708,-0.9420198172723768,0.0739345716284867,-10.0,5
DPEP2,0.18925918075389364,-1.7565802941948558,0.0,0.0,4
MMP3,0.18915650334299855,1.749605844384739,0.0005478448457794,1.0,4
NCAPG,0.1890290417616227,1.754486162712957,0.0,0.0,5
CPA3,0.18898796573946725,-1.754112394711724,0.0,0.0,4
GALNT14,0.18894420402776593,1.4179046350223496,0.0304581325706213,8.0,4
LGSN,0.18892824593493063,1.753568979093454,0.0,0.0,4
CAV2,0.18874346877811057,-1.751887614030479,0.0,0.0,5
WNT7B,0.18863054133586019,0.6798177175948499,0.0971441958680746,8.0,4
CEACAM5,0.18843429341311263,1.685417043041726,0.0057737520295051,2.0,4
TMED9,0.18822020337220474,0.5787456111635445,0.1059728365731245,10.0,5
CFP,0.18800222223892496,-1.7451427000189952,0.0,0.0,5
IGF2BP3,0.18758741102977006,1.741368158366736,0.0,0.0,4
STIL,0.18757944066714777,1.7412956326850824,0.0,0.0,4
ABCA8,0.1875604679199859,-1.7411229916791506,0.0,0.0,5
HBG1,0.18721009589976698,-1.7379348093086768,0.0,0.0,5
EXO1,0.18714396917367457,1.7373330944165648,0.0,0.0,4
IGFBP2,0.18666831134671913,1.733004883798235,0.0,0.0,3
CLC,0.18660618873268808,-1.6593722469268977,0.0066272541251481,-1.0,3
SELENBP1,0.18614568321663108,-1.7282492706370598,0.0,0.0,4
ZNF750,0.18591562991172605,1.5727339751504748,0.013915464442524,2.0,5
MMP10,0.18590958263779453,1.7261008921716934,0.0,0.0,4
CD93,0.18572149081394612,-1.724389365559354,0.0,0.0,6
ADORA3,0.18552177844299378,0.7435547467155441,0.0887974746032481,9.0,2
SPAG5,0.18549347112178968,1.7223145184805264,0.0,0.0,4
MAD2L1,0.1850735325735566,1.7184933210135522,0.0,0.0,5
APBB3,0.18505956663716028,-0.4603731539168256,0.1141007447974571,10.0,1
CA5BP1,0.18480844825671044,0.2321256471162076,0.13459567994661,10.0,4
CCNA2,0.18466454003896782,1.714771725928372,0.0,0.0,4
AKAP12,0.18438082887441054,-1.5731702864243378,0.0126091840992852,-1.0,6
MCM2,0.18431080128255914,1.7115529082093346,0.0,0.0,5
GPR110,0.18426443498587025,1.711131001775153,0.0,0.0,2
DPY19L1,0.1841556753164373,0.7450497595740115,0.0875343996475143,9.0,5
C14orf132,0.1840322310887373,-1.7090180808554627,0.0,0.0,5
RAI2,0.18396154258859498,-1.7083748564626926,0.0,0.0,4
NKG7,0.18362450677302666,-1.7053080258272388,0.0,0.0,6
FBP1,0.18356117652249826,-1.704731757242418,0.0,0.0,4
SPOCK1,0.18347286769086937,1.703928198042741,0.0,0.0,3
CLEC1A,0.18346408421660015,-1.703848273516236,0.0,0.0,6
ITM2A,0.18329451560985643,-1.7023052974467758,0.0,0.0,6
MAGEA12,0.18308594968973715,1.7004074684215285,0.0,0.0,2
WFDC2,0.18295412493812926,1.6992079395641564,0.0,0.0,3
P2RY14,0.18290124162428945,-1.6987267320500088,0.0,0.0,6
FAP,0.1826526499470797,1.6964646918270725,0.0,0.0,5
UPK1B,0.1825740410794967,1.6957493966798334,0.0,0.0,2
ITIH5,0.18249323480870838,-1.6950141064366508,0.0,0.0,5
CDCA3,0.18246979968299987,1.6948008603715483,0.0,0.0,5
VGLL3,0.18239857613610158,-1.6941527673633168,0.0,0.0,5
TSPAN8,0.18208268808783745,-1.6912783691568336,0.0,0.0,2
UGT8,0.18193650737944025,1.689948209410847,0.0,0.0,4
IL1RL1,0.1819136190125457,-1.6782737008800184,0.0010399947915344,1.0,5
DDC,0.18154728279209695,-1.686406491191602,0.0,0.0,1
DEPDC1,0.18150810230818337,1.6860499714900523,0.0,0.0,4
TM4SF4,0.18126484432094164,1.6707544184705068,0.0011865496258892,1.0,3
CLDN22,0.18120591902658945,-1.6833002787194142,0.0,0.0,5
PYCR1,0.1811397338827826,1.6826980322599496,0.0,0.0,5
SLC1A1,0.18092554302760364,-1.6807490195848749,0.0,0.0,4
ROBO4,0.18082634417072824,-1.6798463674653827,0.0,0.0,5
UBR7,0.18079842902095003,0.2340102123496506,0.1311151874964283,11.0,3
MYCT1,0.1807121986517294,-1.6176097959175122,0.0055506883054956,4.0,4
GRK5,0.18069730422075378,-1.6786721786892973,0.0,0.0,5
ARHGAP6,0.18055595531590765,-1.6773859855559683,0.0,0.0,6
TK1,0.18047284352306872,1.676629716397997,0.0,0.0,5
GNLY,0.18041495465132418,-1.676102961207251,0.0,0.0,5
SLC2A1,0.18012812730380018,1.673492998539072,0.0,0.0,5
GNGT1,0.18008688464901113,0.7159266622787905,0.0868178158005901,10.0,4
DTL,0.18001634379828632,1.6724758334088017,0.0,0.0,3
GHR,0.1799437611038923,-1.6718153729458802,0.0,0.0,5
CD52,0.17963180466499165,-1.668976750106541,0.0,0.0,6
TWIST1,0.17947949381558304,1.6675908096292933,0.0,0.0,3
SYNM,0.17901866365010013,-1.6633975221388788,0.0,0.0,6
CA12,0.17896881789535427,1.5975882005680886,0.0059278070012854,1.0,2
MNX1,0.17895848271677547,1.662849910515826,0.0,0.0,5
RAD51AP1,0.17874572507810155,1.6609139392805086,0.0,0.0,4
IGFBP3,0.17869453752345002,1.660448162192413,0.0,0.0,4
SPRR1A,0.17866441936238478,1.660174104377867,0.0,0.0,5
ACVRL1,0.17865878321769105,-1.6601228187268646,0.0,0.0,5
HK3,0.17840616088143543,-1.6578241018420663,0.0,0.0,5
BIRC5,0.178301136831236,1.6568684438385752,0.0,0.0,5
TBXAS1,0.17815813902250144,-0.5300225699115977,0.1020875928740612,-8.0,3
COX7A1,0.17814140509095594,-1.65541497755423,0.0,0.0,6
PLLP,0.17782215478195493,-1.6525099847232116,0.0,0.0,4
CA2,0.1777578404129016,-1.6519247612300347,0.0,0.0,5
PMAIP1,0.1776572247335671,1.3410113608997454,0.0281169957659133,5.0,3
F10,0.17705368462885468,-0.8165930965763786,0.0751839386034143,-9.0,4
AKAP2,0.1770482431298841,-1.645467837111382,0.0,0.0,6
LIMS2,0.17699747109705385,-1.6450058410310977,0.0,0.0,6
SPAG4,0.17675518951091493,1.6428012189806953,0.0,0.0,5
GGTLC1,0.1766679997325846,-1.64200784251763,0.0,0.0,3
RHCG,0.17657732068221282,1.6411827157007512,0.0,0.0,2
STEAP4,0.17588834803035017,-1.6349134637752272,0.0,0.0,3
RPL39L,0.175754743007407,1.6336977354802338,0.0,0.0,4
LINC00341,0.17567057134967903,-1.6329318221658824,0.0,0.0,5
CRIP1,0.17548574991854043,-1.5059483093089852,0.0113649451564839,-1.0,4
ERO1L,0.17541827038576102,1.630636029583146,0.0,0.0,5
FOS,0.1754144828719079,-1.630601565401654,0.0,0.0,4
ZFP36,0.17519902040508967,-1.6286409817974623,0.0,0.0,4
WASF1,0.17508335984409198,1.4661949899698352,0.0146384938197482,2.0,2
PTTG1,0.17495465626033577,1.6264174096703456,0.0,0.0,5
CDK1,0.17473141504481415,1.6243860439601372,0.0,0.0,4
ADH7,0.17469817637900117,1.624083591360478,0.0,0.0,2
EGLN3,0.17467402593090742,1.623863836276144,0.0,0.0,4
CDC6,0.17430302532328676,1.620487945712987,0.0,0.0,4
CD207,0.174211565448145,1.619655713843129,0.0,0.0,2
OIP5,0.17412814618337868,1.618896646868775,0.0,0.0,4
TMEM47,0.1740514668744673,-1.6181989095874172,0.0,0.0,6
TMPRSS11E,0.17391537887072883,1.616960587605882,0.0,0.0,4
EEF1A2,0.17381799097109457,1.6160744141479746,0.0,0.0,5
CENPE,0.17378440895892844,1.6157688372954442,0.0,0.0,4
KAL1,0.17372060149595758,-1.6151882263539048,0.0,0.0,5
RFC4,0.17367695026769986,1.614791025469274,0.0,0.0,4
TREM1,0.1736734104082888,-1.4329163703669698,0.0164932212984301,-3.0,4
APOBEC3B,0.17353665745537383,1.613514442165954,0.0,0.0,3
PECAM1,0.17336310944213124,-1.6119352558031128,0.0,0.0,6
HIST1H2BG,0.17331361920904859,1.6114849233578277,0.0,0.0,5
PTGDS,0.17326902453622842,-1.6110791376743316,0.0,0.0,4
CDO1,0.17326277258010928,-1.6110222484961731,0.0,0.0,5
LDB2,0.17302555290018756,-1.6088636868593642,0.0,0.0,5
CD302,0.17267313341672275,-1.605656873759699,0.0,0.0,4
FSCN1,0.1726474168471522,1.6054228678773728,0.0,0.0,2
LIMCH1,0.1725708148108346,-1.6047258337318449,0.0,0.0,6
FOXA2,0.17234278472072728,-1.54213382225893,0.0054889353654878,-1.0,2
S100A4,0.1722555515378356,-1.59048917817088,0.0010310793559635,-4.0,5
LYPD1,0.17209750202196755,1.6004189616013504,0.0,0.0,5
ADAMTSL3,0.1717558163978276,-1.5973098204020997,0.0,0.0,5
MSLN,0.17170801927345505,-1.5968748942650508,0.0,0.0,3
MNDA,0.17164902191922063,-1.5963380525259263,0.0,0.0,5
TFF1,0.17163585694095723,1.1291000615660125,0.0423679071428685,6.0,4
ARNTL2,0.17151775648218015,1.587918723735842,0.0006553018995512,1.0,5
SEMA5A,0.1715072675351141,-1.5950481697662715,0.0,0.0,5
CD83,0.17119928465802245,-1.5922457040370217,0.0,0.0,3
GPX2,0.17114441626734725,1.5917464334738711,0.0,0.0,4
TCN1,0.17094792567234668,1.589958482910486,0.0,0.0,4
CENPA,0.17082392693101908,1.5888301662120965,0.0,0.0,4
NCAPH,0.1707697505833054,1.5883371928389098,0.0,0.0,4
PFN2,0.17060830050521908,1.586868090676172,0.0,0.0,3
BIK,0.1703701257223769,1.5847008381561951,0.0,0.0,4
MMRN2,0.17026541063173092,-1.583747991505622,0.0,0.0,6
FGFR4,0.17015850209157235,-1.582775185735419,0.0,0.0,5
CYP24A1,0.17007738651226414,1.5442641678011806,0.003426026403368,1.0,4
C5AR1,0.16982372939337417,-1.5797289481567316,0.0,0.0,5
PTX3,0.1697293785549145,-1.5788704101957705,0.0,0.0,4
XDH,0.1696599612905485,1.5782387533119822,0.0,0.0,4
PLAU,0.16958488510853081,1.4765528347367685,0.0091610131127206,4.0,4
SLPI,0.1695695044525914,-1.5189328683661227,0.0053044240462851,-3.0,4
TRIM29,0.1694076725656459,1.575943072097194,0.0,0.0,2
CAMK2N1,0.16936517122327538,-1.575556334507867,0.0,0.0,5
KLK2,0.16936195726913483,0.1092998956937483,0.1329877062244995,-11.0,1
GPR116,0.16924506983528678,-1.5744634814666467,0.0,0.0,4
AOX1,0.1691281360692971,-1.5733994519502246,0.0,0.0,5
KIF15,0.1689515431666197,1.5717925588578048,0.0,0.0,5
PI3,0.16840008023777503,1.566774565735483,0.0,0.0,3
ASPM,0.16823734593636772,1.5652937778846323,0.0,0.0,4
NKIRAS2,0.16816278934813125,0.386249287683957,0.1068785255174818,9.0,4
RAPGEF4,0.16812148814941089,-1.5642395391539623,0.0,0.0,5
KRT4,0.16794735829397806,-1.471455286140012,0.0082718753058687,-1.0,5
MAGEA4,0.16790860930041993,1.5623024649749917,0.0,0.0,2
MFAP5,0.1678970492008143,-1.5621972747667652,0.0,0.0,1
NME1,0.16777044593267815,1.5610452583835397,0.0,0.0,6
FAT2,0.16768859266509006,1.5603004410761332,0.0,0.0,2
LGALS7,0.1676291529267995,1.5597595738984256,0.0,0.0,3
HIST1H2BD,0.16721818796476423,1.5560200308663514,0.0,0.0,5
PAFAH1B3,0.16673167740143607,1.551593066635352,0.0,0.0,6
STX1A,0.16659394357581508,0.8341763705815407,0.0649564596795229,6.0,4
LCN2,0.1665428395307396,1.5498747514289717,0.0,0.0,3
EGR3,0.16639464358611594,-1.5485262542009974,0.0,0.0,4
COL5A1,0.16633420990950923,1.5479763427605235,0.0,0.0,5
SELP,0.1662748390950967,-1.5474361027501695,0.0,0.0,5
EPN3,0.16575055174372483,1.5426653916367026,0.0,0.0,5
SASH1,0.16565924683559705,-1.5418345698768805,0.0,0.0,6
ALOX15B,0.16558415656482728,-1.5411512919218864,0.0,0.0,2
CD55,0.16547016751267862,-1.091153073113932,0.0407210367992455,-6.0,4
BCL11A,0.16493845617214412,1.384349719437329,0.0136890874415678,3.0,4
PLOD2,0.16473250341507806,1.5334017417263754,0.0,0.0,4
MAL,0.16463352139113951,-1.532501062660971,0.0,0.0,5
ALOX5AP,0.1646059581221016,-1.532250252883511,0.0,0.0,4
FHL5,0.1645050412375852,-1.5313319677079502,0.0,0.0,5
HLA-DMA,0.16405933126233874,-1.5272762651877052,0.0,0.0,2
LYPD3,0.16398648570973018,1.5266134128673374,0.0,0.0,5
CCL23,0.1639485335366392,-1.526268070082562,0.0,0.0,4
STEAP1,0.16393654415910155,1.5261589736938874,0.0,0.0,4
PTGS2,0.16387360457765004,-1.525586259971304,0.0,0.0,4
PODXL2,0.16375155100382552,1.5244756431701176,0.0,0.0,5
ARRB1,0.16358663338914986,-1.5229749884335864,0.0,0.0,5
OR7E47P,0.16333033189124416,-1.5206427933095623,0.0,0.0,6
SEMA6A,0.16325966824118576,-1.5199997950381572,0.0,0.0,6
MYBL2,0.16321384421245516,1.5195828229281931,0.0,0.0,4
GDF15,0.16304229349282046,1.5180218107799066,0.0,0.0,3
CTSW,0.16290000012273323,-1.5090707505041936,0.0006944286644774,-1.0,5
MYO5C,0.16288855557264628,-1.5166228847855694,0.0,0.0,2
RPS4Y1,0.16282646405195036,-1.289447133600584,0.0205537344778193,-5.0,2
PLA1A,0.1627372891112986,-1.515246447634534,0.0,0.0,5
WASF3,0.16267490849250346,-1.5068192529251103,0.000712867570195,-1.0,5
ANGPT1,0.1625977456163603,-1.5139766826852707,0.0,0.0,5
EFNA4,0.162435843008915,1.5125034627675715,0.0,0.0,5
SSTR1,0.162426202537323,-1.4382245832588108,0.006729183449764,1.0,5
PLAC8,0.16241818667962507,-1.5018457176117654,0.000952091850609,-1.0,5
NR4A3,0.16225939092917416,-1.5108978510822784,0.0,0.0,5
DSG2,0.162206435162648,1.510415984290666,0.0,0.0,5
ETV4,0.1620828653104508,1.5092915702348548,0.0,0.0,5
ABI3BP,0.16201502334879245,-1.5086742476929396,0.0,0.0,5
S100P,0.1617903524569211,1.5066298727563356,0.0,0.0,2
RASIP1,0.16178819241343892,-1.5066102176122258,0.0,0.0,5
PPP1R15A,0.16151461725093255,-1.50412084214909,0.0,0.0,5
SMPDL3B,0.16151217232489956,1.2506821783594222,0.0229850244756623,6.0,5
ICAM2,0.16139680378473192,-1.5030488078704665,0.0,0.0,5
AQR,0.16132852076570203,-0.2658405175738627,0.1121591955997911,-9.0,4
SLC7A11,0.1612136309261694,1.3511636826529323,0.0136248972834869,1.0,4
RCAN2,0.16116501312299292,-1.262607107395555,0.0216169076098039,-1.0,3
LEPREL4,0.16114217505940234,1.5007318340076428,0.0,0.0,5
FERMT1,0.16111298860745732,1.5004662542062368,0.0,0.0,6
AGTR2,0.16106471296748895,-1.5000269738545289,0.0,0.0,5
RCN2,0.16095296024670025,0.725889690667104,0.070122494543538,10.0,2
KIF18B,0.16086380218904386,1.4981988021829535,0.0,0.0,4
TMPRSS11D,0.1608199661092617,1.4977999192565574,0.0,0.0,2
PLEK2,0.1607241742254347,1.4969282686177283,0.0,0.0,5
HSPA6,0.16070458056743955,-1.4865559781385178,0.0009246020142737,1.0,1
ETV5,0.16052978287982558,-0.463715212429917,0.0935526225773577,-10.0,5
SCEL,0.16048474756427114,-1.4947496247303935,0.0,0.0,4
TFAP2A,0.1603474263033652,1.4935000808232115,0.0,0.0,4
SERPINB5,0.16024992868438978,1.4926129089828732,0.0,0.0,4
LOC730101,0.16010706007763356,1.4913128874427122,0.0,0.0,2
PALMD,0.16010366768257003,-1.4912820186132647,0.0,0.0,5
CCDC68,0.1599503802636641,-1.4898871919194383,0.0,0.0,5
CD97,0.15988677006198648,-1.4893083759413694,0.0,0.0,5
SERPINB4,0.15939002080764428,1.4847882455546726,0.0,0.0,3
MXRA5,0.15936309286814296,1.4845432169078714,0.0,0.0,4
CORO2B,0.15934642660948278,-1.484391563610873,0.0,0.0,5
KIF26B,0.15934022928737918,1.4843351715705997,0.0,0.0,5
AQP9,0.15928202268540817,-1.4838055252188929,0.0,0.0,4
CH25H,0.15920069145183416,-1.483065458118536,0.0,0.0,3
EHF,0.15916307503426302,1.1917557244519188,0.0263909259112681,5.0,6
KCNN4,0.15905218177506664,1.4817141061098362,0.0,0.0,5
AK4,0.1589574652787499,1.4808522408742464,0.0,0.0,4
HSPB2,0.15888351925142136,-1.4801793748715668,0.0,0.0,5
S100A8,0.15876076602700326,-1.4790623916553725,0.0,0.0,5
RASL12,0.15875425603946283,-1.4790031545407896,0.0,0.0,5
HLF,0.15870515276126645,-1.478556343160759,0.0,0.0,4
S100A11,0.1587009490960274,0.6254962775107207,0.0773696020566216,8.0,4
CTSE,0.15848463227388876,-1.476549734500208,0.0,0.0,2
PYCARD,0.15818075927732528,-0.5700734740259873,0.0819671597056445,-8.0,3
CASQ2,0.15813244623023642,-1.4733450455675765,0.0,0.0,5
MAP3K8,0.15791630818030278,-1.4713783145484831,0.0,0.0,4
ICAM1,0.1577359624739778,-1.46973727311733,0.0,0.0,3
RND1,0.15766661564084145,-1.4691062571169218,0.0,0.0,3
IL18R1,0.1576549890223633,-1.469000461625498,0.0,0.0,5
CDH19,0.15764365743889508,-1.468897350781714,0.0,0.0,5
ABLIM3,0.15759265366911382,-1.4684332460294491,0.0,0.0,5
KLF2,0.15755660063717078,-1.468105184328714,0.0,0.0,5
ZNF331,0.15734102173212153,-1.4661435412040873,0.0,0.0,5
TIE1,0.15713019880658202,-1.464225174737276,0.0,0.0,5
SPC25,0.15704931210651543,1.463489152634264,0.0,0.0,5
LIFR,0.15679861939389797,-1.461207994206505,0.0,0.0,5
CENPF,0.15676503442242745,1.46090239042602,0.0,0.0,5
FPR2,0.15673691173605103,-1.4606464902749186,0.0,0.0,5
FXYD6,0.15672021987463897,-1.4604946040077131,0.0,0.0,6
ART4,0.15654549318658006,-1.4589046923869944,0.0,0.0,5
GZMH,0.15650896311072135,-1.458572289863037,0.0,0.0,5
GALNT7,0.15646268042816797,1.4581511442690402,0.0,0.0,5
PRX,0.15645591296722527,-1.2217210524889306,0.0214387690694036,6.0,6
CALML3,0.15641571746499988,1.45772380851562,0.0,0.0,2
CA3,0.1563902490705091,-1.4574920608827209,0.0,0.0,5
PRAME,0.15632656921324725,1.456912611079196,0.0,0.0,4
B3GNT3,0.1561128265391159,1.454967676591968,0.0,0.0,5
CALB1,0.15604246255357668,1.4543274050940544,0.0,0.0,2
COL17A1,0.15594112062973825,1.453405252306941,0.0,0.0,4
PCDH17,0.1558997840554045,-1.4530291134318551,0.0,0.0,5
HOXC6,0.1557919047802715,1.4520474745358505,0.0,0.0,3
UFD1L,0.1554828194049263,0.550043841272241,0.0815571877767446,10.0,2
VWF,0.15527576679449073,-1.4473509179273347,0.0,0.0,5
AURKA,0.1552545400293034,1.4471577666634006,0.0,0.0,5
CDH13,0.15490203080322626,-1.4439501369579626,0.0,0.0,4
MKI67,0.15480540824786573,1.443070927689488,0.0,0.0,5
GPA33,0.15479806647980185,-1.4430041218540943,0.0,0.0,5
BMP5,0.15458359115961529,-1.4410525207122755,0.0,0.0,4
PTGER2,0.15441132330779056,-0.8830432996665523,0.0504696021480686,-8.0,4
CCDC102B,0.15420287413059544,-1.4375882163443017,0.0,0.0,4
HPGDS,0.1540839397714798,-1.436505982589622,0.0,0.0,4
PDLIM1,0.15406597749198464,-0.7900902321438552,0.0586154805582313,-9.0,5
REXO4,0.15401104900245047,0.2517961683149528,0.1073937487264989,10.0,4
RNF128,0.15391673533627823,-1.4349845191113406,0.0,0.0,3
CENPM,0.15388298890020582,1.4346774460965348,0.0,0.0,4
PPAT,0.15384999978411387,1.434377264254742,0.0,0.0,4
HEG1,0.15379118473138073,-1.43384208135365,0.0,0.0,5
ITGA1,0.15377671777239166,-1.4337104404093344,0.0,0.0,5
ABCG2,0.15331015533905396,-1.4294649926028478,0.0,0.0,4
GGCT,0.1528478029063378,1.4252578533626472,0.0,0.0,5
KDELR3,0.15281622946134188,1.4249705533075565,0.0,0.0,5
KCNK7,0.15275079390164548,-1.4243751276291707,0.0,0.0,1
NKX2-1,0.1527053671782947,-1.4239617707679555,0.0,0.0,2
TENC1,0.15268278746742384,-1.423756308482229,0.0,0.0,4
SFN,0.15243422197714732,1.4121657923746622,0.0008461200998735,1.0,5
PDZD2,0.15242981008958914,-1.42145436092478,0.0,0.0,4
TNNT1,0.15236334499693216,1.4208495670929882,0.0,0.0,2
GPRC5A,0.15231105258723787,-1.4006945663212909,0.0017849128081657,-1.0,5
DNAJC12,0.1521929397678906,1.3541775727428678,0.0059065514411018,1.0,4
SPARCL1,0.15197773981503657,-1.4173407833661518,0.0,0.0,6
MZB1,0.1519341746499923,1.4169443656068963,0.0,0.0,5
TIMP3,0.15192289063932726,-1.416841687648057,0.0,0.0,5
SHCBP1,0.15190341909694163,1.4166645078946023,0.0,0.0,5
C8B,0.15184287582705247,-1.416113599218759,0.0,0.0,4
DAPK2,0.15164810827421507,-1.4143413273406886,0.0,0.0,5
F8,0.1515298360716682,-1.4132651188271168,0.0,0.0,5
ERG,0.15135676155337927,-1.411690240994,0.0,0.0,6
OLFML1,0.1510081558634357,-1.40851813120558,0.0,0.0,5
GSTM5,0.15060409730715485,-1.4048414324641427,0.0,0.0,6
FRY,0.1504965170944411,-1.4038625148628696,0.0,0.0,5
GPD1,0.1503255421277841,-1.4023067417330757,0.0,0.0,5
ARHGAP8,0.15028556300972723,0.602443309054024,0.0725151084966873,10.0,5
CCDC69,0.15010176500716868,-1.400270499597029,0.0,0.0,4
HSPB8,0.14993959599774367,-1.3987948555756744,0.0,0.0,5
SLC7A5,0.14980745662676392,1.3975924638643158,0.0,0.0,5
CLDN1,0.14970638687164045,1.3966727876548075,0.0,0.0,4
SMAD9,0.14970632578962909,-1.0903201467217152,0.0277863221148271,-3.0,4
P2RY13,0.1496725473160309,-1.396364867306169,0.0,0.0,3
NCF2,0.1496168926306597,-1.3958584419168814,0.0,0.0,4
NUDT1,0.1494522836647953,1.3943605957056946,0.0,0.0,5
ITGA8,0.14944276772787266,-1.3942740061934489,0.0,0.0,5
DNASE1L3,0.14943908671779987,-1.3942405111346476,0.0,0.0,5
TYRP1,0.14928202271826346,-1.3928113197453202,0.0,0.0,3
REEP1,0.1491214959200911,-1.3344043129998062,0.0051650648900187,-1.0,5
NRN1,0.14890480460144873,-1.389378853451063,0.0,0.0,5
SLC16A4,0.14888987794971167,-1.3892430295690976,0.0,0.0,2
LHFP,0.14877368798438728,-1.3881857682077543,0.0,0.0,6
FUT2,0.14848971914347753,1.3856018162934811,0.0,0.0,6
SH2D3C,0.14810534428158442,-1.382104227765792,0.0,0.0,5
RAD54L,0.1480925569880524,1.3819878708038993,0.0,0.0,4
MYH10,0.1480461832222314,-1.3815658964049429,0.0,0.0,6
DYRK2,0.148020956051018,0.5464099427417848,0.0757283369288207,10.0,4
FOXD1,0.14799595594517198,1.3731356919970814,0.0007231709845193,1.0,3
NEDD4L,0.14794380244368888,-1.380634290641958,0.0,0.0,5
FLVCR2,0.1478616831479496,-0.6181517197509587,0.0690898621344476,-9.0,4
CLDN3,0.14782341367862117,1.3795388226358307,0.0,0.0,4
EML1,0.147808627896884,-1.3794042805892408,0.0,0.0,6
GADD45B,0.14778220543101114,-1.3791638514595757,0.0,0.0,4
ABCA6,0.14768603916003473,-1.3782887941146151,0.0,0.0,4
POLE2,0.14760921696397208,1.377589756642973,0.0,0.0,4
TRPC6,0.14755609779853016,-1.3771064030159037,0.0,0.0,6
IL7R,0.14725475597961615,-1.3743643670680907,0.0,0.0,6
DPYSL2,0.14715774013491476,-1.373481579094495,0.0,0.0,5
EMR1,0.1471403976824075,-1.3257401086618747,0.0043158675395374,1.0,5
IL3RA,0.1471162155664112,-1.3731037295813922,0.0,0.0,5
FANCI,0.14708594524813606,1.3728282872243995,0.0,0.0,5
RGS2,0.14707957554963388,-1.372770326658778,0.0,0.0,4
MYOC,0.14707063698483747,-1.3726889908983382,0.0,0.0,5
SLC12A8,0.14694453825781306,1.3715415655468868,0.0,0.0,5
HAS1,0.14684198318635647,-1.370608373819373,0.0,0.0,4
SLC19A3,0.14676014844775626,-1.36986372511502,0.0,0.0,4
MUC16,0.1467296550611419,1.3695862529653915,0.0,0.0,5
PGLYRP1,0.14649626314973732,-0.636299414258925,0.0663169425356712,-9.0,4
NXF3,0.14644297998063638,-1.3021288106965292,0.0058818318631876,1.0,5
CRTAC1,0.14641541362523294,-1.2801794239053692,0.0078499035665047,-2.0,5
HIST1H2AE,0.1461870345959161,1.359720566660017,0.000446986635379,1.0,4
ATAD2,0.14596792933220376,1.362654990193268,0.0,0.0,4
MAG,0.14578662261889733,-1.281052238847982,0.0072517830168574,-2.0,1
TMEM158,0.1457781687575795,1.3609282789157806,0.0,0.0,4
IGLV1-44,0.1455168955236982,1.3585508438751153,0.0,0.0,5
SLC27A3,0.14551489712839735,-1.1156151054092698,0.0220327712357243,-4.0,4
HCAR3,0.14534057010307075,-1.356946384714365,0.0,0.0,4
TYMS,0.14532161004633498,1.3567738591839578,0.0,0.0,5
LAD1,0.1452360835126505,1.3559956172834482,0.0,0.0,5
SPINT2,0.14506386197483723,0.925505387415187,0.0389035896197279,7.0,5
DRAM1,0.14493299545530533,-1.3532376915777216,0.0,0.0,3
TM6SF1,0.14476054585272793,-1.3516685001154898,0.0,0.0,5
CNTN6,0.14466767227094657,-1.3508234043343448,0.0,0.0,4
SLC16A1,0.14465356942252508,1.3506950765852204,0.0,0.0,2
PTRF,0.14452181295910402,-1.349496169110781,0.0,0.0,6
AHNAK2,0.1445104499880182,0.9830804200617196,0.0332247551695858,5.0,3
ORC6,0.1444925540154104,1.3492299296764665,0.0,0.0,4
SOX2,0.14426193617906696,1.3471314409909614,0.0,0.0,4
AFF2,0.14398343826824414,-1.1936174779802329,0.0136939599098821,5.0,1
PHGDH,0.14396108650800565,1.3443938833034457,0.0,0.0,2
SEZ6L2,0.14381095551642004,0.9931084547453788,0.0317378973730865,4.0,5
PITX1,0.1436717889867514,1.3417614434855962,0.0,0.0,4
CXCL2,0.14366766004331938,-1.3417238724927687,0.0,0.0,4
CKS1B,0.1435394217575273,1.3405569783962403,0.0,0.0,4
ZNF204P,0.14353580564404975,-1.3405240738588533,0.0,0.0,2
DLC1,0.14346218556864407,-1.3398541738298078,0.0,0.0,5
APP,0.14340122103879072,0.1999286529594712,0.1033416288325122,10.0,1
PROS1,0.1433816292258513,-1.3391211577865711,0.0,0.0,4
CHIA,0.14328916600778385,-1.338279796077449,0.0,0.0,3
MAFF,0.1432222925373959,-1.3376712862449285,0.0,0.0,4
VTCN1,0.14317577587191174,1.3372480115418366,0.0,0.0,4
RACGAP1,0.14305761359321997,1.3361728032716536,0.0,0.0,4
COL9A3,0.14302757423914478,0.8513852660422649,0.0439457349478841,8.0,4
MIF,0.1429755717910845,1.335426270409107,0.0,0.0,5
SEC14L1,0.14292036781968417,-0.7603582725287023,0.0521134591916896,-7.0,5
RNASEH2A,0.14282807206153103,1.334084108334869,0.0,0.0,4
PIP5K1B,0.1427929440478147,-1.3337644637640205,0.0,0.0,5
GPC3,0.1427492652858756,-1.333367012338843,0.0,0.0,5
NR3C2,0.1427045371090559,-1.3329600118463067,0.0,0.0,4
GMFG,0.14248442392694308,-1.3309571094276644,0.0,0.0,5
CAMP,0.14239243330325868,-1.2565059773684004,0.0066768413847313,-1.0,5
PPAP2B,0.14230668153070078,-1.329339756609847,0.0,0.0,6
ORC1,0.14230534104074088,1.0227071105515542,0.0278106628266641,5.0,4
RASSF2,0.14219786881921384,-1.328349623983876,0.0,0.0,6
COLEC12,0.1421840272545119,-1.328223673765206,0.0,0.0,4
C5,0.14206559475212838,-1.3271460066160017,0.0,0.0,2
ELTD1,0.14196405213261595,-1.3262220276145418,0.0,0.0,5
DEPTOR,0.14194402052285604,1.326039751572497,0.0,0.0,4
ARSE,0.14178032066890775,1.3245501777529864,0.0,0.0,3
BAALC,0.14169824457655392,-1.3238033328693215,0.0,0.0,2
MGAM,0.14143964067118062,-1.3214501871714095,0.0,0.0,4
PKIG,0.14140452595299274,-1.3211306635821662,0.0,0.0,6
CXCL6,0.14138528248917487,1.3209555592115243,0.0,0.0,3
PRF1,0.1413295780907991,-1.3204486814627006,0.0,0.0,6
DUOX1,0.14130435814875625,-1.3202191946031183,0.0,0.0,4
MFAP2,0.1411616760626134,1.3189208702924646,0.0,0.0,4
CEBPD,0.14114694841954672,-1.3187868572740893,0.0,0.0,4
CYP3A7,0.14113940970539182,-0.534059563313668,0.0711690252390034,-7.0,4
STK39,0.14088534359558236,1.1470824506248518,0.0153577865641735,5.0,5
NCAPG2,0.14086658494077794,1.3162357120662704,0.0,0.0,4
TUBB6,0.1408230570350471,-1.0747638229377086,0.0218657239411423,-3.0,5
ARHGDIG,0.1406352281842762,0.1702637861803142,0.1037494128490015,-11.0,1
CR2,0.14061813689325225,1.3139749787902364,0.0,0.0,4
RRAS,0.14059698928701733,-1.3137825478269027,0.0,0.0,5
FEN1,0.1405263135519971,1.3131394395893474,0.0,0.0,5
SYNC,0.14035611242582155,-1.3115907079595537,0.0,0.0,5
HLA-DPA1,0.14029511776119052,-1.3110356918531074,0.0,0.0,2
GIMAP4,0.14028558612845457,-1.3109489595180552,0.0,0.0,5
MB,0.14028546980406068,1.3109479010334717,0.0,0.0,5
GZMB,0.14021835284391643,-1.3103371755852524,0.0,0.0,4
HILPDA,0.14005284559144637,1.3088311554864416,0.0,0.0,4
ID4,0.14001075075493732,-1.3084481168649151,0.0,0.0,4
TEX14,0.14000004920358844,-1.3083507389483624,0.0,0.0,5
F2RL1,0.1399327210297647,1.2549149670043152,0.0047910898139695,1.0,5
MRPL24,0.13981178589595808,0.6347085929589801,0.0609443779810333,7.0,5
PTPRM,0.13977492513834983,-1.306302240396695,0.0,0.0,5
DKK2,0.1397679680856826,-1.306238935248498,0.0,0.0,5
FGD6,0.13960089303177597,0.6256087259252306,0.0615956867674402,9.0,4
PDE2A,0.139509121342237,-1.303883579864834,0.0,0.0,5
EDN1,0.13949169050557814,-1.3037249693510615,0.0,0.0,5
EPHX3,0.13940984936354195,1.3029802623791518,0.0,0.0,5
NPY1R,0.1392720221303453,-1.301726114417296,0.0,0.0,5
HSPB3,0.1392530933533356,-1.301553873514272,0.0,0.0,4
CNN1,0.13918767609404833,-1.3009586143590055,0.0,0.0,5
DDIT4,0.13918201490887883,1.3009071008541824,0.0,0.0,2
LPCAT1,0.1390617529935408,-1.2998127871070957,0.0,0.0,2
IFT57,0.13893712800088756,-1.298678771884507,0.0,0.0,3
ASF1B,0.13887875690725637,1.2981476287540024,0.0,0.0,4
MIA,0.1387407791775676,0.5164768315785784,0.0707841447814082,8.0,4
MEP1A,0.1385460939389156,1.295120588494592,0.0,0.0,1
PHKA1,0.13854050159293105,1.160097989570657,0.0122420170876523,2.0,5
APOD,0.13837355533925969,-1.2935505872105124,0.0,0.0,2
CYR61,0.13831916230852442,-1.2930556421473811,0.0,0.0,3
C1orf112,0.13830080078529525,1.2928885629250797,0.0,0.0,5
ATP1A2,0.13815903578681657,-1.2915985835807884,0.0,0.0,5
IL18RAP,0.13815746493532752,-1.291584289742425,0.0,0.0,5
PLSCR4,0.13800190982016436,-1.2901688283266124,0.0,0.0,5
GSTTP1,0.13794264087471458,-0.6180217350184427,0.0609152378032826,-10.0,1
PC,0.13790298088754196,1.2892686323614224,0.0,0.0,5
GJA4,0.13781085953831915,-1.2884303814607,0.0,0.0,5
ST6GALNAC5,0.13773242805875743,-1.2877167004416716,0.0,0.0,5
DPT,0.13763873822040942,-1.2868641771987284,0.0,0.0,5
STARD13,0.13756831779246628,-1.2862233921076436,0.0,0.0,6
LEPR,0.1375157303862266,-1.285744877181202,0.0,0.0,5
UGT2B4,0.13728656773966794,-1.283659629879568,0.0,0.0,2
IVL,0.1372543568060514,1.2833665290474048,0.0,0.0,4
CTNNAL1,0.13718950637861688,-1.2827764277335636,0.0,0.0,5
LMOD1,0.1369900798840169,-1.2809617621849507,0.0,0.0,5
C11orf80,0.13693984024571484,1.2805046105863915,0.0,0.0,5
ACAD8,0.13692197612727114,1.2803420574594302,0.0,0.0,3
SH3BP5,0.1368883476185853,-1.280036057515512,0.0,0.0,6
CBX7,0.13686743903687787,-1.279845801536882,0.0,0.0,5
CASKIN2,0.13682686124522067,-1.2794765671444972,0.0,0.0,5
KDR,0.13682421343579387,-1.2794524736129145,0.0,0.0,4
CAB39L,0.1367958864633207,-1.2791947145767004,0.0,0.0,4
ESRP1,0.1366694992007059,1.2780446637185607,0.0,0.0,4
UBE2S,0.1366287568178525,1.277673931641658,0.0,0.0,4
RTN1,0.1365978146947822,-1.2773923762502883,0.0,0.0,6
PGR,0.13657934959932733,-0.7678471396149769,0.0462008259788651,9.0,4
TUBB2B,0.13656914011230795,1.2771314541644778,0.0,0.0,4
BDNF,0.13644488507241548,-1.2760008052976528,0.0,0.0,4
GNAT2,0.13641007478243747,-1.2410110380127837,0.0031448636303468,3.0,1
APOBEC3A,0.13632790426699296,-1.2749363477496476,0.0,0.0,4
DENND2A,0.13606431994581378,-1.2725378831536682,0.0,0.0,5
LOX,0.1358879823310567,1.270933313033404,0.0,0.0,2
ALOX5,0.1358790658748733,-1.2708521784485327,0.0,0.0,4
GAS6,0.13581303329530034,-1.2702513202351973,0.0,0.0,5
CCRL2,0.13575196369014542,-1.269695622213406,0.0,0.0,6
KCNJ8,0.13568597057092038,-1.2690951230663725,0.0,0.0,5
EVI2B,0.1355883426705183,-1.2682067657405398,0.0,0.0,3
COTL1,0.13514445959806323,-0.5252467538017396,0.0670205820809473,-6.0,4
HRASLS,0.13512824313843205,1.264020126590689,0.0,0.0,4
TPSAB1,0.13503595511323935,-1.2631803590352166,0.0,0.0,4
C8orf4,0.13494999994107384,-1.2623982167728924,0.0,0.0,3
C3orf14,0.13490135972187714,0.7002795068751039,0.0509443680411398,7.0,3
ULBP2,0.1348929128837508,1.2618787576287922,0.0,0.0,2
TNFRSF21,0.13486660825615476,1.2616394007591678,0.0,0.0,5
NPR1,0.13484825904623843,-1.261472433580879,0.0,0.0,4
PCDH12,0.13483742649258154,-1.261373863619229,0.0,0.0,5
MAGEA11,0.13476249395228024,1.2606920209201056,0.0,0.0,2
ID1,0.13470473797457833,-1.2601664749881452,0.0,0.0,4
FAM189A1,0.13469651146543196,-1.1268970862405765,0.0120808258132682,-5.0,5
TBX2,0.13467699275829145,-1.259914009596144,0.0,0.0,6
HBEGF,0.1346331785851493,-1.2595153260074792,0.0,0.0,5
GMNN,0.13447030635929486,1.258033283124076,0.0,0.0,5
EGFL7,0.13440770306275088,-1.2574636293992998,0.0,0.0,5
SFRP4,0.1342643134386666,1.025181596727849,0.0209497801450904,4.0,4
LRRC15,0.13410137274462477,1.2546762009991066,0.0,0.0,4
ADAM12,0.13403459910681262,1.2540685995851804,0.0,0.0,4
CKAP2,0.13400359729322164,1.2537865010446587,0.0,0.0,5
MS4A2,0.13399662480388186,-1.2537230554316854,0.0,0.0,4
CDT1,0.13381195583270564,1.2520426747953846,0.0,0.0,4
CABYR,0.13360322643450645,1.250143358214333,0.0,0.0,4
RARRES2,0.13359090762074813,-1.1542186931588931,0.0086902589844023,-1.0,5
DDX43,0.13354693710835772,-1.2496311579616954,0.0,0.0,3
ABCA12,0.1334153094675232,1.2484334226981502,0.0,0.0,4
BNC1,0.1333783071235285,1.2480967228077984,0.0,0.0,2
TOMM20,0.13337782191273279,0.421610375551766,0.0749624184173003,8.0,2
ARHGEF6,0.13326301796825077,-1.24704765829593,0.0,0.0,6
LGR4,0.13309985842644517,1.1253420034735842,0.0109041182501157,1.0,5
GGT1,0.1329594641904393,-1.2442854948038091,0.0,0.0,2
CRTAM,0.13295065156568392,-1.2442053050247703,0.0,0.0,4
RBM14-RBM4,0.1329336879644688,0.1784018602165142,0.0966550260281156,-7.0,3
LPHN3,0.13255084929937283,-1.2405673360558669,0.0,0.0,5
TNS1,0.13253388215728573,-1.2404129448940224,0.0,0.0,6
PODXL,0.13246984998475098,-1.2398302892256534,0.0,0.0,6
NCOR1,0.1324691506063737,-0.182472354812225,0.095902436290359,-9.0,4
ATP10B,0.13240165774090876,1.2392097793188264,0.0,0.0,4
BPIFA1,0.13223671337200665,1.2377088811343364,0.0,0.0,4
HCG9,0.13207941472451235,0.1800957000060157,0.0957963423407096,9.0,1
WFS1,0.1319739176081384,-1.2353175919529784,0.0,0.0,5
STAC,0.13196276341898716,-1.235216095294693,0.0,0.0,4
ALDH18A1,0.1316729597036362,1.232579049403864,0.0,0.0,5
GIT1,0.13165589889045168,0.2940373218948355,0.0851122299431105,-10.0,1
SLC37A4,0.1316399638160861,0.5229318227137397,0.0643382066729002,9.0,4
FHL2,0.1315963000468154,1.2318814909451437,0.0,0.0,4
CRYAB,0.13157838273875316,-1.2317184538234731,0.0,0.0,5
LST1,0.1315696238887661,-1.231638753363668,0.0,0.0,4
WISP1,0.13152796625694596,1.231259693051484,0.0,0.0,5
OR7E12P,0.1314569784286505,-0.3827425357945169,0.0769024389697685,-10.0,4
DENND3,0.13139152430286272,-1.230018150326898,0.0,0.0,5
IRF1,0.13132885272077907,-1.2294478752432771,0.0,0.0,3
POSTN,0.13125304437709223,1.2287580632408055,0.0,0.0,4
SLC39A8,0.13113766294505402,-1.2277081590638843,0.0,0.0,5
NR2F1,0.13110608327190507,-1.0636419939934052,0.0148548384202468,-3.0,4
EMP1,0.1311003958290304,-1.2273690499014838,0.0,0.0,4
TSPAN6,0.13102553154311378,1.226687828277713,0.0,0.0,5
CD1A,0.13101551005164297,1.2265966385120086,0.0,0.0,3
IRF6,0.13101088699163613,1.2265545713446522,0.0,0.0,5
LIN7A,0.13100665984695134,-1.2265161067773245,0.0,0.0,5
FGF14,0.13100430705302385,-0.620908700805622,0.0549270215401509,-8.0,4
SERPING1,0.13097841805059696,-1.2262591227944388,0.0,0.0,5
IL1B,0.13095766155505592,-1.226070250711801,0.0,0.0,4
FERMT2,0.13094433054755117,-1.225948946267797,0.0,0.0,6
GLB1L2,0.13092800440494798,1.1918385945915315,0.0030803554875124,1.0,5
SCNN1B,0.1308074341346011,-1.224703268230847,0.0,0.0,3
FCGR3A,0.13064834528212083,-1.223255651852976,0.0,0.0,4
CBFA2T3,0.13058978673088328,-1.222722802966871,0.0,0.0,5
PCDH7,0.1304570922438029,0.793052961272746,0.038861802494187,6.0,5
SVEP1,0.1304485929515007,-1.2214380213853773,0.0,0.0,6
HEY1,0.13043548828021007,-1.2213187764697768,0.0,0.0,3
LAPTM4B,0.13037989552085696,1.2208129145713729,0.0,0.0,5
SLIT3,0.1302858509416813,-1.2199571633924429,0.0,0.0,5
LY86,0.13027142360481436,-1.2198258829864808,0.0,0.0,3
VNN2,0.13019044466709565,-1.219089021574279,0.0,0.0,4
CLIC2,0.129997706360906,-1.0604239576328764,0.0142319473020583,-2.0,4
ZNF423,0.12992589926678064,-1.2166818117150346,0.0,0.0,5
CD1C,0.1297830904688311,-1.2153823344003598,0.0,0.0,2
CYP2B6,0.12972985826433892,-1.214897952183431,0.0,0.0,2
SDC1,0.1297191223954291,1.187653390839338,0.0024622378727878,1.0,6
NR4A1,0.1295909730081385,-1.2136341768252836,0.0,0.0,5
PPP1R14B,0.12956592431620587,1.2134062482424788,0.0,0.0,5
DES,0.12954029194744945,-1.2131730085387726,0.0,0.0,5
WNT11,0.12940343335800097,-1.2119276746737713,0.0,0.0,2
SNCA,0.12939002592430185,-0.6350336157718222,0.0523135796920634,-6.0,5
GATA6,0.12936605888684224,-1.211587588641846,0.0,0.0,5
BCL2A1,0.12930589962923378,-1.211040174255251,0.0,0.0,4
SECISBP2L,0.12921117725970402,-1.2101782555768257,0.0,0.0,5
TGM1,0.12899201803152832,-1.2081840335862688,0.0,0.0,4
SMAD6,0.12897167960067632,-1.207998965650065,0.0,0.0,6
CX3CR1,0.1289232318949479,-1.2075581195996388,0.0,0.0,4
PHACTR1,0.1287783877542151,-1.2062401218449603,0.0,0.0,4
APBB1,0.1287640669991876,-0.5292920072177463,0.0613877901598106,-8.0,4
CYP4F12,0.12875036601590456,-1.2059851402627668,0.0,0.0,1
CD40,0.12869693992395284,-0.287661169120789,0.0832484539318396,-9.0,3
PLBD1,0.12855848499661615,-1.0765981348522442,0.0115771169653269,-3.0,4
KIT,0.12855521380171975,-1.2042093681893171,0.0,0.0,4
NEBL,0.12849055642480822,-1.203621023523377,0.0,0.0,5
TAAR5,0.1284536697663981,0.6725544735919549,0.0481376185613065,-6.0,1
G0S2,0.12845122261196612,-1.20326310861742,0.0,0.0,4
KLF6,0.12825359473588194,-1.2014648094551403,0.0,0.0,4
BZW2,0.12813894192896483,1.200421535344639,0.0,0.0,5
HIST1H2BH,0.12813128997911555,1.2003519070347242,0.0,0.0,4
MSR1,0.12810227983932404,-1.2000879315717567,0.0,0.0,4
FOXF2,0.12807859293851007,-1.1998723944990786,0.0,0.0,5
MEIS1,0.12805927597469838,-1.1996966213210805,0.0,0.0,6
CYBRD1,0.12801151722933116,-1.1992620444107418,0.0,0.0,4
ESPL1,0.12792755829126173,1.1984980667220286,0.0,0.0,4
TYROBP,0.12791709805146756,-1.1984028846008026,0.0,0.0,5
HN1,0.12760473904613745,1.1955605986402111,0.0,0.0,5
FAM13C,0.12758803686019832,-1.1954086184257915,0.0,0.0,4
DLX5,0.12745853526018683,1.1942302289018598,0.0,0.0,4
CTSH,0.12742613018791932,-1.1939353615204615,0.0,0.0,3
PID1,0.12736629119179044,-0.9380101531289424,0.0231631869490786,-6.0,5
PLK1,0.12735970552258918,1.1933309355539192,0.0,0.0,4
CXorf57,0.12732612524518047,-1.1930253744866763,0.0,0.0,4
PAICS,0.1273075115776659,1.1928560008974762,0.0,0.0,5
GYPC,0.1272615985639712,-1.192438219075899,0.0,0.0,5
H2AFY2,0.12718723461326192,0.7026024618804335,0.0443670294862598,7.0,3
CCL4,0.12707667981644938,-1.1907555656195792,0.0,0.0,3
SEMA6D,0.12703433918200432,-1.1447931703794954,0.0041338727525696,-1.0,4
CAPN3,0.12696697551498656,-1.1897573200414349,0.0,0.0,4
COL1A2,0.1269415277064633,1.1895257597289124,0.0,0.0,5
CCR4,0.12686026816547188,1.1887863449895169,0.0,0.0,1
PCDH9,0.12675733213722767,-1.1878496867759707,0.0,0.0,5
DNASE2B,0.12674568794770658,-1.1877437313982369,0.0,0.0,4
PROM1,0.12670552249752104,1.1873782490743243,0.0,0.0,2
GCHFR,0.1265670094592402,-1.1861178606835736,0.0,0.0,2
GUCY1A2,0.1265598436709114,-1.186052656161802,0.0,0.0,4
LMO3,0.12644751285323425,-1.1850305108079708,0.0,0.0,2
GIPC2,0.12640003016817267,-1.1845984458864585,0.0,0.0,5
NINJ2,0.12630230538434345,-1.183709206977575,0.0,0.0,3
TLR8,0.1262626987890213,-1.1833488099091058,0.0,0.0,4
MARC2,0.12608568728947206,-1.181738107827697,0.0,0.0,5
PF4,0.12607482335982834,-1.181639252362747,0.0,0.0,5
KNTC1,0.12605066571910267,1.18141943182963,0.0,0.0,4
CA9,0.12589868091775722,1.1800364582008371,0.0,0.0,4
FGF2,0.12587031458431522,-1.179778341002614,0.0,0.0,5
MT1E,0.12575441312111937,-1.178723704843476,0.0,0.0,4
DONSON,0.1255428364604282,1.176798479823516,0.0,0.0,4
KPNA2,0.12553015984327776,1.1766831299525673,0.0,0.0,5
FAM64A,0.12551684801221868,1.1765620000031074,0.0,0.0,4
CYP27A1,0.12550972643139727,-1.1764971977440386,0.0,0.0,4
MKL2,0.12536389412244683,-0.1446587945400409,0.0934680175994456,-9.0,3
NOTCH4,0.12532725326305805,-1.174836797641256,0.0,0.0,6
CRIM1,0.1251980149774834,-1.1736608041261287,0.0,0.0,5
TBX3,0.1250479967903284,-1.1722957255469686,0.0,0.0,5
MMP28,0.12503662592442238,-1.172192257255762,0.0,0.0,4
SLC15A2,0.12487946310298001,-0.8990241692120644,0.0246468031202731,-4.0,2
SCN3A,0.12482538255611421,-1.1702700650033702,0.0,0.0,2
STYK1,0.12474368020969989,1.169526620991198,0.0,0.0,4
CHAF1B,0.12473068542518534,1.1694083759815894,0.0,0.0,5
HMGCS2,0.12469769789509126,-1.1691082085714586,0.0,0.0,3
C1QB,0.12446196180749157,-1.1669631467651524,0.0,0.0,4
ECT2,0.12444293100223021,1.1667899774641557,0.0,0.0,4
TPBG,0.1243928121960193,1.1663339253676126,0.0,0.0,5
SLC47A1,0.12415496735559926,-1.164169675132501,0.0,0.0,2
SPTBN1,0.12408336919315655,-1.163518173339876,0.0,0.0,6
SCN1A,0.12399665153825837,-1.1627290929264844,0.0,0.0,4
PLCB4,0.12384420618402216,-1.1613419285332407,0.0,0.0,5
BRIP1,0.12384328454331306,1.1613335421368074,0.0,0.0,4
SCD5,0.12375514242394878,-0.4548470174647354,0.0640060156051368,-8.0,3
RGN,0.12362444920347185,-1.159342267342426,0.0,0.0,4
BLNK,0.1235933104829609,0.8508493890610485,0.0279547938649026,7.0,3
MCM4,0.12357904790333903,1.1589291418177634,0.0,0.0,4
TSPAN5,0.12351311181552481,1.0607215639133092,0.0088530690096292,2.0,5
PREX2,0.1233837017757406,-0.8456953584825337,0.0282492727077556,3.0,4
ODAM,0.12324218855744713,-1.1558639169541145,0.0,0.0,4
RNF125,0.12320780227289684,-1.1555510216889024,0.0,0.0,6
C1QA,0.12307354361706582,-1.1543293457133592,0.0,0.0,4
PRKAR2B,0.12306206201747538,-0.9774014432844964,0.016037993294283,-2.0,4
TIMP1,0.1230492555425378,1.1541083383082171,0.0,0.0,6
TKTL1,0.12304820491047139,-1.1540987781651726,0.0,0.0,1
CCNE2,0.12301403396410335,1.153787842352647,0.0,0.0,4
CXCL12,0.12299136338259434,-1.153581553196766,0.0,0.0,4
EGR1,0.1229520192245821,-1.1532235441557543,0.0,0.0,4
FAM60A,0.1228285689886465,1.152100218538615,0.0,0.0,3
RUNDC3B,0.1228246226687348,-1.1520643093140062,0.0,0.0,4
FPR1,0.12277394042736804,-1.1516031302840122,0.0,0.0,4
RNASE4,0.12272519984249204,-1.1511596192030442,0.0,0.0,5
PDIA4,0.12267592349276721,1.1507112329723863,0.0,0.0,4
HOOK1,0.12262979481418985,1.1502914887253377,0.0,0.0,5
TAC1,0.12260410251081609,-1.1500577036513415,0.0,0.0,3
CD34,0.12250751156332643,-1.1491787819961776,0.0,0.0,5
CSF3R,0.12249106045790649,-1.1490290864690011,0.0,0.0,4
KIF23,0.12241240451836558,1.148313362994219,0.0,0.0,4
SDC4,0.12233165859212815,-1.147578621851485,0.0,0.0,2
HAS2,0.12230062359227686,-1.1472962213352231,0.0,0.0,3
SHMT2,0.12228218048633592,1.1471283997575157,0.0,0.0,4
HP,0.1222663991144888,-1.1469847984177926,0.0,0.0,2
KCNQ3,0.12225849064341551,1.1469128359133738,0.0,0.0,3
ACP5,0.12218701228329219,-1.1462624242524393,0.0,0.0,4
CEACAM8,0.12212643823021621,-0.6095278036849576,0.048632166293888,7.0,2
CLEC1B,0.1221108235183533,-0.3774149022793097,0.069672061707127,-9.0,3
FMO3,0.12210695960099925,-1.1455339912279183,0.0,0.0,4
LINC00472,0.12210199880017313,-1.116117055112489,0.0026640398943257,2.0,5
APOL3,0.12206927126840855,-1.1451910492388202,0.0,0.0,5
CETP,0.12202862688760875,-1.1448212089238208,0.0,0.0,4
ERCC6L,0.1219864225886793,1.1444371742576935,0.0,0.0,4
OCLN,0.12188546607965244,-1.143518528522047,0.0,0.0,2
SLC31A2,0.12185492438354656,-1.143240616784037,0.0,0.0,4
ARAP2,0.12183892123626446,-0.6396310095839196,0.0456644926491953,-5.0,5
TAL1,0.12179851364414009,-1.1427273117411034,0.0,0.0,6
HBD,0.12178221120093023,-1.1425789689539,0.0,0.0,4
CCL22,0.1217585291540503,1.1423634760492094,0.0,0.0,2
HLA-DRA,0.12168863092166866,-1.1417274426351622,0.0,0.0,2
ACE2,0.12148487082019191,0.9080479853173048,0.0210267022727155,3.0,3
LMO7,0.12146820601905704,-1.1397217037405991,0.0,0.0,5
COBL,0.12144006146802659,-1.1126504383198883,0.0024321520399127,-2.0,4
SULT1C2,0.12132799299062248,1.1384458464244624,0.0,0.0,2
PCSK1N,0.12117313131833336,1.027445450128942,0.0099399931552197,2.0,4
SELL,0.12112011629757442,-1.1365542889662097,0.0,0.0,3
HLX,0.12094855240899273,-1.1349931569881355,0.0,0.0,5
SDF2L1,0.12085843111720174,0.7996996412046581,0.0303369484582059,6.0,5
EIF4EBP1,0.12084141034769887,1.134018226310909,0.0,0.0,4
KLRB1,0.12073828820050297,-1.133079874522744,0.0,0.0,3
LILRB2,0.1207315847288754,-1.1330188768150768,0.0,0.0,4
HIST1H4J,0.12067701069369938,1.1325222847164127,0.0,0.0,4
PARVB,0.12061702456817444,-0.4754883828464143,0.0595438701603341,-6.0,5
MCM10,0.12059040320935473,1.1317342067912228,0.0,0.0,4
KIAA0040,0.12048826221461646,-1.13080478292192,0.0,0.0,5
STARD8,0.12039028660043381,-1.1299132616021574,0.0,0.0,5
LTBP4,0.12021932393550565,-1.128357600410968,0.0,0.0,5
RERGL,0.12020564658582672,-1.1282331444538574,0.0,0.0,4
CSAG2,0.12018579151015402,1.128052474769718,0.0,0.0,2
OLFML2A,0.12015443169043269,-1.127767118580847,0.0,0.0,5
SERPINB13,0.12001132215596116,1.1264649047380757,0.0,0.0,2
ZFPM2,0.11997577281124622,-1.1261414262992684,0.0,0.0,4
IGFBP6,0.11958336834879721,-1.122570773059054,0.0,0.0,4
GAGE1,0.11955608146231732,1.088932712160903,0.003028472269764,1.0,2
SLC7A7,0.11950751246701351,-1.1218805284874456,0.0,0.0,4
CX3CL1,0.11946757337990024,-1.1215171059363302,0.0,0.0,5
ID3,0.11944242293267002,-1.1212882514392766,0.0,0.0,5
TMPRSS2,0.11942755453125667,-1.121047864279088,9.532028834192756e-06,-1.0,2
FLI1,0.11941111926551934,-1.121003406206262,0.0,0.0,5
TMEM45A,0.11912201755508656,1.118372748153431,0.0,0.0,2
ALDH1A2,0.11893455687913891,-0.9646112982389988,0.0137915422504726,-2.0,4
FAR2,0.11880205015645724,-0.9853415521685552,0.0118019346479616,-1.0,4
HYAL2,0.11877498972987721,-1.1152149960198412,0.0,0.0,4
THY1,0.11876835765847206,1.1151546480128276,0.0,0.0,5
SOX18,0.11864174319099505,-1.0876022447197715,0.0023945220503561,1.0,4
RPGR,0.1185852048462889,-1.1134880635448663,0.0,0.0,5
LSR,0.11856945146492283,1.028522195482767,0.0076934547444488,1.0,4
ACE,0.11853699962906993,-1.113049423999373,0.0,0.0,4
IKZF3,0.11835686567113374,1.111410309355866,0.0,0.0,2
PRDX4,0.11828730897718931,1.1107773837437025,0.0,0.0,5
SGCA,0.11828585388185751,-1.1107641432192985,0.0,0.0,4
DOCK4,0.11825699090437973,-1.110501506848116,0.0,0.0,6
AADAC,0.11824483282026926,-1.1103908753273817,0.0,0.0,4
HCK,0.11822481957163826,-1.1102087663609708,0.0,0.0,4
GPRASP1,0.11811881339987551,-1.1092441716203172,0.0,0.0,5
GPI,0.11811230387018232,1.1091849386718784,0.0,0.0,4
GALNT3,0.11803707917071568,0.7274616052165195,0.034560455913616,6.0,3
EGR2,0.1179450281016188,-1.107662826101336,0.0,0.0,5
SERPINH1,0.1179014894947516,1.1072666500061032,0.0,0.0,5
MBIP,0.11784126983239038,-1.1067186859712583,0.0,0.0,2
KLK7,0.11783749847960788,-1.1066843688461452,0.0,0.0,1
DBF4,0.11761878820105953,1.1046942320370654,0.0,0.0,4
PHACTR2,0.11758062395302768,-1.104346959493209,0.0,0.0,4
SLC39A4,0.11742030946728464,1.102888190562807,0.0,0.0,4
TLR4,0.11740202785363621,-1.1027218384713893,0.0,0.0,4
TBC1D29,0.11734353418728341,0.1300373352110516,0.0881748051676832,9.0,2
PCDHA1,0.1173352588051955,-1.1021142788180842,0.0,0.0,2
BORA,0.11731591683722498,1.1019382781167284,0.0,0.0,4
GPR37,0.11717903412809301,1.100692724776583,0.0,0.0,4
C1orf115,0.11712092408056488,-1.10016395701436,0.0,0.0,5
UCHL1,0.11711022934952006,1.1000666411586226,0.0,0.0,4
SV2A,0.11703329941061952,1.0993666232895842,0.0,0.0,2
KIFC1,0.1170191375670886,1.099237758719147,0.0,0.0,4
NCAPD2,0.11698658660212936,1.0989415637987878,0.0,0.0,4
CHEK1,0.11694885173868942,1.0985981984059223,0.0,0.0,5
FCER1G,0.11692508060003057,-1.0983818948176651,0.0,0.0,4
MAOA,0.11691765547294716,-1.0983143304634937,0.0,0.0,4
SLC44A4,0.11684403280729247,1.0976444068646831,0.0,0.0,3
SLC20A2,0.11674480285065539,0.8706339184305802,0.0205080938384102,5.0,1
FGL1,0.11673724650571043,0.9286154407590068,0.0152428977571093,3.0,4
NPTX2,0.11672570296207427,1.0965676738362014,0.0,0.0,3
KMO,0.11666879923887678,-1.0960498829264158,0.0,0.0,3
ELOVL4,0.1166421326028213,0.7553175132943301,0.0308826264286056,10.0,3
MT1H,0.11642812579317395,-1.0468898907151918,0.0042602081232847,-1.0,4
IFI6,0.11642715229061606,0.6553259463164186,0.0397744947110334,6.0,3
CDKN2A,0.1163977514695259,1.0872320562803748,0.0005760803215479,1.0,5
SESN1,0.11635592738482545,-1.0932029303396178,0.0,0.0,4
TGFBR2,0.11635013252676168,-1.0931502004889102,0.0,0.0,5
CDCA4,0.11605667241549301,0.9741806171067128,0.0105484148306593,2.0,4
ISG15,0.11601335108178876,0.630138589442822,0.0417174837682037,8.0,4
SLC2A3,0.11601196460281732,-1.0900730683232036,0.0,0.0,4
DNAJB4,0.11593850474022681,-1.0894046261379453,0.0,0.0,6
RAB17,0.1158884167570765,-1.088948854513394,0.0,0.0,2
HOXC10,0.11587620489865261,1.0888377336775652,0.0,0.0,4
HOXA1,0.1157409514123907,1.0876070053215283,0.0,0.0,3
SYBU,0.11570791892763825,-1.0873064288500542,0.0,0.0,3
EPB41L3,0.11555089885096148,-1.0858776371332997,0.0,0.0,5
KAT2B,0.11544598356555158,-1.0849229688263724,0.0,0.0,5
SLCO4A1,0.11528975170874729,-0.7329447916020252,0.0317956949176568,-6.0,3
BMX,0.11515440584770402,-1.0210586647552309,0.0055518857642026,-1.0,4
FUT3,0.11512652346711272,1.082016067033026,0.0,0.0,4
RPP40,0.11501122936549872,1.080966957512364,0.0,0.0,4
GNB5,0.11500626009048806,0.362787334665146,0.0651352312490782,7.0,4
ANXA1,0.11495131785433976,-1.0804217974749095,0.0,0.0,4
PRELP,0.1146730452177572,-1.0778896777195035,0.0,0.0,4
TNC,0.11462045160662424,1.077411106332128,0.0,0.0,4
SGCE,0.11461534458806205,-1.0773646354223352,0.0,0.0,5
TGFA,0.1145949384776336,0.6440078209283624,0.0392888873729403,9.0,4
RBMS3,0.1145489245077646,-1.0767602511769336,0.0,0.0,4
C6,0.11453102720033542,-1.076597396049435,0.0,0.0,4
CYP27B1,0.11441649998565244,1.0755552647554931,0.0,0.0,4
NUP155,0.11431682415776337,1.0746482724761446,0.0,0.0,5
CD160,0.11430419830117518,-1.0170159467369662,0.0052168669006436,3.0,5
MS4A1,0.11429944034171911,1.0744900898227203,0.0,0.0,2
FAT4,0.1142333526199199,-1.073888729847077,0.0,0.0,4
TUBA3C,0.11418687668409398,0.3065508082316326,0.0695596627104733,10.0,2
ALDH2,0.11418485369661416,-1.0734474177463738,0.0,0.0,4
PLAGL1,0.11414430027255937,-1.0730784050850517,0.0,0.0,4
CST7,0.11413119845880201,-1.0729591861713486,0.0,0.0,3
PNPLA6,0.11413051995671808,-1.0729530121955242,0.0,0.0,5
BLM,0.11408330391877247,1.0725233736082656,0.0,0.0,4
RAD54B,0.11405341505720656,1.0722514022863023,0.0,0.0,4
RRAD,0.11399087231145971,-1.0716822995386952,0.0,0.0,4
DKK1,0.1139485250900414,1.0712969643607322,0.0,0.0,2
BEAN1,0.11393599899953606,1.071182984195035,0.0,0.0,5
SOX4,0.11388637904070208,1.0181433197782406,0.0047697776158304,1.0,6
NME5,0.1138531141337662,-1.070428779941906,0.0,0.0,3
SYNE1,0.11382443642026922,-1.070167829365603,0.0,0.0,5
JUNB,0.11379425010655925,-1.069893151401479,0.0,0.0,4
ANKRD28,0.11375695573474678,-1.0695537942271929,0.0,0.0,2
PAK6,0.11365646791190334,1.068639413264248,0.0,0.0,5
COCH,0.11351099128232753,0.9253484569349596,0.0128765124574116,4.0,4
SPI1,0.11350034860631533,-0.9182635086061331,0.0135103379729281,-1.0,3
PPARGC1A,0.1134714819197635,-1.0669561479208671,0.0,0.0,5
NUBP2,0.11332086389468797,0.2994460377101925,0.0694893294570484,9.0,4
ADCY8,0.11330653915955825,-1.0654552643745865,0.0,0.0,2
ALX3,0.11329856842188707,0.4480339248340133,0.0559939159461631,8.0,5
SYNGR3,0.11320916238919902,1.064569192186633,0.0,0.0,4
CCNE1,0.11310559782331193,1.0636268146447256,0.0,0.0,5
SPDEF,0.11308556388315975,1.0634445173974614,0.0,0.0,6
SSR4,0.11305727774549545,1.063187129934348,0.0,0.0,6
FMO1,0.11301475438894312,1.0503289148973398,0.001131152488868,1.0,3
B3GALNT1,0.11293485036887776,-1.0620731117443338,0.0,0.0,6
PLP1,0.11292189458852818,-1.0397154613302142,0.0020171599085294,1.0,2
MAGEA9,0.11275244646793617,1.0604133419347344,0.0,0.0,3
PGM5,0.11270322294897686,-1.0599654364334314,0.0,0.0,4
EYA2,0.11269914808216687,1.059928357506531,0.0,0.0,4
TACC1,0.11260394671330863,-1.0590620802117594,0.0,0.0,5
ARHGEF15,0.11259871975724384,-1.059014517940187,0.0,0.0,6
KDM5D,0.11259739539675237,-1.0590024670270792,0.0,0.0,2
HPCAL1,0.11259643685028019,-1.058993744809586,0.0,0.0,5
FZD4,0.11248112407388414,-1.0579444653592276,0.0,0.0,6
SLC35F2,0.11228564252903026,1.0561656965675108,0.0,0.0,5
HLA-DQA1,0.11226280457672123,-1.0559578844343278,0.0,0.0,2
DPP6,0.11225601692649737,-0.9741014394205696,0.0074188277902485,2.0,5
ST14,0.11214168797618372,1.0548557935471496,0.0,0.0,5
SERPINA1,0.1121152149181175,-1.0546149040578394,0.0,0.0,3
ALDH1A1,0.11209648287043394,-1.0544444532776935,0.0,0.0,4
MT1X,0.11204425155453912,-1.053969178567063,0.0,0.0,4
NCF1,0.1120068417102662,-1.053628770660294,0.0,0.0,5
SH2B3,0.11198424629102767,-1.0534231654375232,0.0,0.0,4
PFKFB2,0.1118528034168877,-0.4298650680134559,0.0564486192542209,-8.0,4
LMO2,0.11182956081462364,-1.0520156172305302,0.0,0.0,5
HMOX1,0.11180430295764911,-1.051785785367039,0.0,0.0,3
CLDN11,0.11178044896671374,-0.7088152599037136,0.0310879498767463,-5.0,4
DOK2,0.11175502672742653,-1.051337400223782,0.0,0.0,4
KLF9,0.11175038303466626,-1.0512951453103248,0.0,0.0,4
CASS4,0.11172157432900616,-0.6122977486736216,0.0397935567792943,10.0,4
GRB14,0.11170112611002733,1.050846935836693,0.0,0.0,2
EPB41L5,0.11154989023656238,-1.049470777017667,0.0,0.0,4
ID2,0.11152020188654109,-1.0492006302345789,0.0,0.0,5
HOXB7,0.11150237786373095,1.0490384419546506,0.0,0.0,4
C2orf27A,0.11144481176887577,0.2897493635494884,0.0688204747284382,9.0,4
CCNB2,0.11142584275492456,1.0483420168106956,0.0,0.0,4
ENC1,0.11136891990719773,1.047824051878774,0.0,0.0,5
VCAN,0.11136551336793168,1.0477930543452794,0.0,0.0,5
MAGEA1,0.11127184437551452,1.046940720788228,0.0,0.0,3
DNALI1,0.11123690126222766,-1.0466227587041523,0.0,0.0,3
KLK10,0.11104737312999638,-0.8687361143281128,0.0159780058733825,-2.0,3
NETO2,0.11096157751068972,1.0441174720940012,0.0,0.0,4
SLCO1B3,0.11095687732457123,1.0440747031237176,0.0,0.0,3
NPM3,0.11094517555913647,1.0439682238385304,0.0,0.0,4
SULT1A2,0.11088721558989066,-1.0434408217017184,0.0,0.0,5
CKS2,0.11088078923244617,1.043382345572551,0.0,0.0,4
DIO1,0.11085071612631955,1.0431086977318405,0.0,0.0,2
UNC13B,0.11082051074182772,-1.0428338462346518,0.0,0.0,4
CDKN1C,0.11071200982551932,-1.0418465507641443,0.0,0.0,5
PI15,0.1106238176217751,1.0410440528106408,0.0,0.0,2
UGT2B15,0.1103396763778076,1.0384585321284363,0.0,0.0,3
SMYD3,0.1103218216334915,0.7540235445850777,0.0257836919832254,7.0,4
RPL23AP32,0.11026288647526734,-1.037759788509136,0.0,0.0,5
NES,0.11026153052960741,-1.0377474501892967,0.0,0.0,5
AGTPBP1,0.11023206360108179,-1.037479318213522,0.0,0.0,5
CHGB,0.11022400984714378,1.0374060337192146,0.0,0.0,4
PDK1,0.11019392813810067,1.0371323075969487,0.0,0.0,4
CDC42EP2,0.11019168177018666,-1.037111866950528,0.0,0.0,5
GPR65,0.11016851549954457,-1.0369010673107488,0.0,0.0,5
NT5E,0.11016806855471524,0.9752444497155578,0.0055919241778656,1.0,3
DBH,0.11015664336211159,-1.026868485077773,0.0009001630166254,-1.0,1
APOC1,0.11004044824403075,-1.0357357294906542,0.0,0.0,3
MSH2,0.11001147876204728,1.0354721239901814,0.0,0.0,3
CYP26A1,0.10997637304446403,1.035152682301225,0.0,0.0,4
CCR6,0.10993916311703629,0.5577648067959098,0.0432686630493491,5.0,1
MYC,0.10973348925868809,-1.032942580583054,0.0,0.0,2
SCN3B,0.10971786769973807,-1.0328004334480956,0.0,0.0,2
SLC6A1,0.10970523196468801,-0.575639856969743,0.0414543162619557,10.0,1
CSF2RB,0.10966589484078462,-1.0323275105458758,0.0,0.0,5
KCNJ15,0.1096137093212058,-1.0318526525551857,0.0,0.0,4
DAGLA,0.1095475377028129,1.0312505291691512,0.0,0.0,1
NCF4,0.10946154017528789,-1.030468001497597,0.0,0.0,3
ABCB1,0.10927435927556006,-1.0287647637669448,0.0,0.0,4
FYN,0.10916868414843442,-1.0278031813406738,0.0,0.0,5
FOLR3,0.10914509355798138,-0.806221071291407,0.0200781634986639,8.0,4
CST2,0.10913969011869888,1.0275393524698808,0.0,0.0,4
PYCRL,0.10909564115680138,1.027138532439584,0.0,0.0,4
DST,0.10908866685756344,-1.0270750703575864,0.0,0.0,4
IGFBP5,0.10908493556900974,1.027041117793741,0.0,0.0,2
RAB38,0.1090644188022135,1.0268544271037767,0.0,0.0,4
HDC,0.1089621012347038,-1.0259233965245644,0.0,0.0,4
MARCKSL1,0.10893887114192656,1.0257120161403357,0.0,0.0,4
PRSS2,0.10891510816671779,1.0254957868347443,0.0,0.0,4
RNF43,0.10887919160352702,1.025168966920582,0.0,0.0,5
NPR3,0.10884455147940483,-1.024853761862346,0.0,0.0,4
ZWILCH,0.10879611322145369,1.024413001781219,0.0,0.0,4
TMEM106B,0.10874779425063157,0.7722771266267683,0.022828999841331,4.0,5
HLA-DQB1,0.10873618106072211,-1.0238676538446188,0.0,0.0,2
C10orf10,0.10870911994626788,-1.0236214133829105,0.0,0.0,4
SLC22A4,0.10867442543840838,-1.023305713464176,0.0,0.0,3
SEPP1,0.10866678176337376,-1.0232361604502802,0.0,0.0,4
CYP1B1,0.10866145260130906,1.0231876681633292,0.0,0.0,3
CELF2,0.10862432692887418,-1.0228498460556308,0.0,0.0,4
FKBP11,0.10860323603133568,1.0226579311085762,0.0,0.0,5
RAPGEFL1,0.1085837065865426,1.0224802244767637,0.0,0.0,2
PRSS16,0.10846041981111791,1.021358386255561,0.0,0.0,2
CYP4F11,0.10845957939423333,1.021350738948868,0.0,0.0,3
LTF,0.10818969428220897,1.0188949408070191,0.0,0.0,3
LMNB1,0.10818881438920501,1.0188869342905131,0.0,0.0,4
PTPN21,0.1081507835825906,-1.0185408759862364,0.0,0.0,4
KLK11,0.10807580754965725,-1.017858637529362,0.0,0.0,3
SLC2A14,0.10802724101294237,-1.0174167101858125,0.0,0.0,4
PDLIM2,0.10798361329584365,-1.0170197232391058,0.0,0.0,5
KIF17,0.10797447105011544,-1.0169365341002043,0.0,0.0,5
NET1,0.10794490310938765,0.9460032061218993,0.0064092932737274,2.0,5
C2,0.10794125852591,-0.787525236185061,0.0207803344389915,-5.0,5
PKNOX2,0.10791611276058656,-1.016405507479612,0.0,0.0,5
AURKB,0.10790187999099682,1.0162759975231357,0.0,0.0,4
GABARAPL1,0.10786624077742611,-1.0159517013298132,0.0,0.0,5
LGALS4,0.107740781281136,1.014810092607659,0.0,0.0,1
ALDH3A1,0.10771684705039725,1.0145923049759742,0.0,0.0,4
TUFT1,0.10769683622769766,1.0144102180841337,0.0,0.0,3
TNR,0.10764825780999746,-1.013968182630502,0.0,0.0,4
GFRA3,0.1076475352176816,1.0139616074591142,0.0,0.0,4
FEZ1,0.107402174684302,-1.011728968772834,0.0,0.0,5
AHCY,0.10733049769967215,1.0110767497439777,0.0,0.0,4
BGN,0.10732466052012171,0.5395679833651771,0.0427613168951797,7.0,3
HIST1H1C,0.10732165594927805,0.9508710862151284,0.0054533933272972,1.0,4
EGF,0.10731530591794788,1.0109385133327506,0.0,0.0,4
OLFM1,0.10725651811758544,-0.5181696065993239,0.0446459233048964,-8.0,4
SLC22A18,0.10709912621155855,1.0089714032640469,0.0,0.0,4
CEACAM7,0.10692340575568138,0.9732502793874064,0.0030949017169069,2.0,5
PRKCZ,0.10682141824115646,-1.0064444216437027,0.0,0.0,4
CDKL2,0.10679776441914543,-1.006229185568965,0.0,0.0,2
CCK,0.10675910326999283,-1.0058773915128254,0.0,0.0,5
MGP,0.10671306020513441,-1.005458426301013,0.0,0.0,3
LAMC3,0.10664153685613466,-1.0048076052673705,0.0,0.0,5
EIF1AY,0.10654784514280184,-1.0039550649631517,0.0,0.0,2
PTPRH,0.10652257934360006,1.0037251608299942,0.0,0.0,4
SOX9,0.10644780959426511,0.8868453074964009,0.0105393652250779,1.0,4
GAD1,0.10641107499947114,1.0027105359065744,0.0,0.0,4
ADAMTSL4,0.10632472644128989,-1.0019248140594437,0.0,0.0,4
KCNA5,0.10630586318840281,-1.001753169387969,0.0,0.0,5
FABP5,0.10622845690553893,-1.0010488170648688,0.0,0.0,4
TFAP2C,0.10619550267832988,1.0007489526916953,0.0,0.0,5
SIAH2,0.1061844777745796,1.0006486324556476,0.0,0.0,2
CAT,0.10615836639331128,-1.0004110340156342,0.0,0.0,5
PAQR5,0.10613581475316362,-1.0002058271572238,0.0,0.0,4
CLGN,0.10612827730855638,1.0001372407786648,0.0,0.0,3
PITX2,0.1060970434886606,0.9998530311151989,0.0,0.0,4
ANKS1A,0.10604264531937758,-0.99935803929426,0.0,0.0,5
EPHB2,0.10601357448262144,0.9990935115240832,0.0,0.0,6
GPD1L,0.10596841190203657,-0.9986825582089874,0.0,0.0,4
ZEB2,0.10594486907934193,-0.9984683321637132,0.0,0.0,4
EFNB2,0.10584242346132575,-0.9975361363990872,0.0,0.0,6
MRPS17,0.10581372609640984,0.9972750070062584,0.0,0.0,4
PARP8,0.10576060280628669,-0.9967916158469804,0.0,0.0,2
POLQ,0.10567195694010494,0.9959849898281578,0.0,0.0,5
UBXN7,0.10561927709935572,0.9955056338012378,0.0,0.0,2
FAM65B,0.10561727598967348,-0.995487424862618,0.0,0.0,4
HS3ST2,0.10560459657654482,-0.9953720495498876,0.0,0.0,2
CXCL5,0.10554038282302294,-0.9936954307213436,9.907326697243636e-05,-1.0,5
HMGA1,0.10551311093170701,0.994539583190727,0.0,0.0,5
FKBP10,0.10544009300784105,0.8704134315896424,0.0111980547465653,2.0,3
PTGER4,0.10541774816752474,-0.993671837292023,0.0,0.0,5
PLA2G3,0.10525380243039309,-0.9921800260780144,0.0,0.0,3
SEMA3E,0.1052456331949363,-0.9921056907687984,0.0,0.0,4
IL37,0.10522856320012922,0.9919503637067972,0.0,0.0,3
TTLL7,0.10517971025902287,-0.9915058302492348,0.0,0.0,4
KIAA0408,0.10510975632609014,-0.9908692899924468,0.0,0.0,5
CLEC4E,0.10510044062362159,-0.990784522497713,0.0,0.0,4
ETS2,0.10499975655361243,-0.98986835579927,0.0,0.0,5
COL13A1,0.10490725299873342,-0.9890266270485348,0.0,0.0,5
GCLM,0.10484862214905646,0.9884931202885224,0.0,0.0,2
RGS13,0.10480742491962726,-0.9881182493713284,0.0,0.0,4
ST6GALNAC2,0.10479553858879007,-0.9880100906479204,0.0,0.0,4
FAM184A,0.10476786997906608,-0.987758322331254,0.0,0.0,4
MYL9,0.10471259691449011,-0.9872553694700836,0.0,0.0,5
KCTD12,0.10470276986254407,-0.987165948991392,0.0,0.0,5
CSRP1,0.10468751560839762,-0.9870271441173212,0.0,0.0,6
OGDHL,0.10467251016201623,0.5085046414295975,0.0433899003006447,7.0,4
CDH1,0.10465950017999064,0.986772219951594,0.0,0.0,5
CEACAM1,0.10445834307314106,0.9648244970434828,0.0018246523430958,1.0,5
FAM105A,0.10443814281173891,-0.9847579961599976,0.0,0.0,5
ROR1,0.104353977116522,-0.983992137101042,0.0,0.0,5
ITIH3,0.10435347802546988,-0.9839875956616524,0.0,0.0,4
RELN,0.10434232009045702,-0.9838860649181967,0.0,0.0,4
NAE1,0.10422440272628616,0.350500491922185,0.0573511402341414,8.0,3
FUT8,0.10400089233631818,0.9807792701865402,0.0,0.0,5
C3,0.10389114270586312,-0.9797806121408316,0.0,0.0,3
CD19,0.10384164494520515,0.9793302111989723,0.0,0.0,5
DDR1,0.10381785792881405,0.9791137631325518,0.0,0.0,6
MAOB,0.10378008602588154,-0.9787700607017656,0.0,0.0,5
ACTL6A,0.1037004280873404,0.9780452196166628,0.0,0.0,4
LBH,0.10365564660144173,-0.9776377340423964,0.0,0.0,5
AFP,0.10360719049385075,0.2841713717354046,0.0628578326682421,10.0,4
F13A1,0.10357280689039591,-0.9768839406710924,0.0,0.0,2
IGJ,0.10340359941777738,-0.9753442507129222,0.0,0.0,1
PRKCQ,0.10335559754984652,-0.9749074615281256,0.0,0.0,5
NDRG2,0.10335555068538159,-0.974907035088649,0.0,0.0,6
SORD,0.10325286663794302,0.970023828199893,0.0003581623522198,1.0,4
FCGR1B,0.1032493486404745,-0.973940658015875,0.0,0.0,3
RAD21L1,0.10323504691999645,-0.2419158358019426,0.0663832970456312,-8.0,3
TNFRSF17,0.1032254458401676,0.9737231563829084,0.0,0.0,3
PGAP1,0.1031442253991172,-0.9729840974303208,0.0,0.0,3
SMAD7,0.10312220452773696,-0.9727837202601544,0.0,0.0,4
STEAP3,0.10310243604165598,0.972603838491128,0.0,0.0,6
HIST1H2BE,0.10309979172139595,0.972579776708941,0.0,0.0,4
CLU,0.1030557664976623,-0.9635777628975808,0.0007801531457545,-1.0,4
EFNA5,0.10297147752811461,0.4582116742114503,0.0465476018818478,7.0,3
PDE8B,0.10287667071429449,-0.9705495048257043,0.0,0.0,6
ARMCX1,0.10286678048166278,-0.9704595094393816,0.0,0.0,5
HELLS,0.10282480852360058,0.9700775889405228,0.0,0.0,4
PHYHIP,0.1028069792440321,-0.9699153528271398,0.0,0.0,1
GRHL2,0.10279540539234673,0.9698100374829558,0.0,0.0,4
SPAST,0.10276459801897153,0.9695297082357344,0.0,0.0,2
TRIM2,0.10257038280937648,0.8739459948988468,0.0085092111696988,2.0,5
ARTN,0.10256426808964529,0.9677068219545834,0.0,0.0,3
NFE2L3,0.10256321145028119,0.967697207148611,0.0,0.0,4
MEIS2,0.10252444564214615,-0.9673444607563731,0.0,0.0,5
CLSTN2,0.10250883762502198,-0.9672024368441834,0.0,0.0,2
PHLDA2,0.10241044546669584,0.96630712521407,0.0,0.0,5
PNMAL1,0.10239797457857572,0.9661936473580932,0.0,0.0,3
MAGED1,0.10235931131879229,0.9658418340964362,0.0,0.0,5
RBP4,0.10228679265829385,-0.9651819563048618,0.0,0.0,4
DAAM2,0.10226192354878923,-0.9649556618180974,0.0,0.0,4
CD33,0.10221974336668191,-0.9645718466010778,0.0,0.0,4
HLA-DRB4,0.10200095948888709,-0.9379595644224304,0.0022331829513497,2.0,2
HKDC1,0.10198652159370784,0.962449663601014,0.0,0.0,2
CYB5A,0.10171752387368,-0.9600019402121582,0.0,0.0,4
ABLIM1,0.10170804198895224,-0.9291685100170112,0.0027887854219279,-1.0,5
MT2A,0.10167166402208155,-0.9595846421348536,0.0,0.0,4
PPIF,0.10166028691107727,0.9594811170168716,0.0,0.0,3
RPA3,0.10162203282732589,0.9591330270200202,0.0,0.0,5
MASP1,0.10159715534182058,-0.5978301792086904,0.0327498580497771,-6.0,4
IQCJ-SCHIP1,0.10158979374019901,-0.958839670007226,0.0,0.0,4
INPP5B,0.1014783926473698,-0.2138284120278408,0.067481036390514,-8.0,3
AK1,0.10145777776805368,-0.9576384011537606,0.0,0.0,4
SLC9A3R1,0.10135623912565771,0.9567144583417564,0.0,0.0,4
MYO1F,0.10135589373696809,-0.9567113155048068,0.0,0.0,5
FOXE1,0.10135446127215592,0.9566982809050188,0.0,0.0,4
ZDHHC3,0.10128882216826432,-0.4033970623222207,0.0501305865969522,-6.0,4
PAEP,0.10119016160138855,0.9552032491000022,0.0,0.0,4
PLA2G2A,0.10115587921559946,-0.9548912992533156,0.0,0.0,2
SASH3,0.10113715116037937,-0.954720884802274,0.0,0.0,3
NEIL3,0.1011000347783611,0.9543831472319838,0.0,0.0,4
AFF3,0.10108985870683718,-0.9542905508773634,0.0,0.0,4
RUFY3,0.10103085801478745,-0.6868587774643327,0.0242075313292446,-4.0,2
AHNAK,0.1010140107702608,-0.953600378602538,0.0,0.0,5
EPHB3,0.10099723814361994,0.9534477574185476,0.0,0.0,5
SLCO1A2,0.10097015597483534,-0.9532013253746324,0.0,0.0,3
CCNO,0.10096623525311757,0.953165649078756,0.0,0.0,4
NTNG1,0.10093884583586366,-0.9529164212517968,0.0,0.0,4
ADAM28,0.10090868677593387,0.8720988880765705,0.0073053088862812,1.0,5
LRP2,0.10080370001121322,-0.9516866725540426,0.0,0.0,4
TUBG1,0.10077949117291478,0.9514663861526784,0.0,0.0,5
HLA-DPB1,0.10076592663787658,-0.951342956743431,0.0,0.0,3
KLF15,0.10072761934244642,-0.9509943825511348,0.0,0.0,5
TMEM204,0.10067258824995012,-0.9504936314956852,0.0,0.0,5
GATA2,0.10065488571573655,-0.9503325486915928,0.0,0.0,5
POLR2H,0.10043317931588247,0.9483151489146516,0.0,0.0,4
FGB,0.10021029477510897,0.9335345658049228,0.0011566562136313,1.0,4
LMNB2,0.10020201326259304,0.9462116717725872,0.0,0.0,4
LMCD1,0.10018391955622738,-0.9460470295285648,0.0,0.0,6
HOXA10,0.10012971840011199,0.9455538304132975,0.0,0.0,4
SRD5A3,0.10012694210578,0.9455285677435246,0.0,0.0,4
ASRGL1,0.1000661797740992,-0.9449756657323064,0.0,0.0,2
LGALSL,0.09998762860979692,-0.8819356723320797,0.0056529360012056,-2.0,4
KRT8,0.09998161772156462,0.9442062000514184,0.0,0.0,4
ANG,0.09997306353325991,-0.9441283618943368,0.0,0.0,3
SNRNP25,0.09994683322546456,0.911611137350909,0.0029276837433063,2.0,5
TBX4,0.09989639573793638,-0.9434307293799572,0.0,0.0,4
ZDHHC11,0.09980428450765454,-0.9425925705557344,0.0,0.0,3
SRPX2,0.0997540536455147,0.942135498815166,0.0,0.0,4
PPP1R16B,0.09975000023420602,-0.9420986151208958,0.0,0.0,6
INPP5A,0.09967240391175185,-0.941392533547637,0.0,0.0,5
C16orf59,0.09965431969275497,0.9412279776331732,0.0,0.0,4
MCM7,0.09960448843295881,0.9407745420423936,0.0,0.0,4
SAA1,0.09958625300619847,0.9406086102248956,0.0,0.0,2
PKP3,0.09958315884013226,0.9405804551065232,0.0,0.0,4
GAPDH,0.09954571015306492,0.9402396937528316,0.0,0.0,4
TFPI,0.09954520939127476,-0.9402351371106938,0.0,0.0,4
PZP,0.0995366518723172,-0.9401572686466012,0.0,0.0,4
ITPKA,0.09936979159180165,0.9386389367765516,0.0,0.0,4
COL7A1,0.09936711169929889,0.9386145513075672,0.0,0.0,4
ALDH3B2,0.09934959739625199,0.938455181298026,0.0,0.0,4
TMEM194A,0.09923876393771996,0.9374466610448116,0.0,0.0,2
C9,0.09920730894041992,-0.937160438795122,0.0,0.0,1
CXCL1,0.09917330411749413,-0.9368510146096652,0.0,0.0,2
P4HB,0.09915212438206242,0.9366582912892571,0.0,0.0,5
SLC22A3,0.09914949557383956,-0.9366343706576205,0.0,0.0,2
CERS6,0.09913879741422688,0.936537023603902,0.0,0.0,4
ZBBX,0.09913549697736078,-0.9365069915407688,0.0,0.0,3
RECQL4,0.09911758050216016,0.9363439619976563,0.0,0.0,4
CMAHP,0.09908765970074852,-0.8697465976219881,0.0060157274901371,-2.0,3
CSGALNACT1,0.09908380162572648,-0.9360365937943592,0.0,0.0,4
NEDD9,0.09906269370314749,-0.9358445239293008,0.0,0.0,5
TSPAN12,0.09903972705965068,-0.9356355407808756,0.0,0.0,4
S100B,0.09900920924310042,0.9353578463329852,0.0,0.0,2
VWA5A,0.09897923097282475,-0.9350850614435684,0.0,0.0,2
GAS1,0.09891740518129441,-0.9345224825639122,0.0,0.0,2
F12,0.09883435800794858,0.9337668014058864,0.0,0.0,4
IGLL5,0.09880544720514019,0.9335037298519068,0.0,0.0,4
LOXL1,0.09878402296345115,0.9333087816662295,0.0,0.0,4
PILRA,0.09875488468615047,-0.933043640226174,0.0,0.0,4
IL36G,0.09873842773537973,0.9328938915096918,0.0,0.0,4
PTPRN2,0.09872521112263777,-0.932773627991746,0.0,0.0,5
P2RY6,0.09870098968733933,0.9325532269649808,0.0,0.0,4
PEAK1,0.09867216636551264,-0.9292799391580427,0.0002731006614441,1.0,5
LRP12,0.0985888146037977,0.931532498701547,0.0,0.0,2
SAMHD1,0.09853518163069046,-0.9310444697224356,0.0,0.0,4
ENG,0.0985206094715143,-0.930911871517373,0.0,0.0,5
IL1R2,0.0985171231500726,-0.9308801480123076,0.0,0.0,2
FAT1,0.09845599078549755,0.9303238789161572,0.0,0.0,4
GYG2,0.09837658331497845,0.929601316944928,0.0,0.0,5
KIAA0226L,0.09814470996611926,-0.927491403823002,0.0,0.0,2
SERPINI1,0.09812866156218521,0.9273453726460124,0.0,0.0,2
INA,0.09811634278726727,0.7747099123870844,0.0138339629422325,1.0,4
NOX4,0.09810588996427748,0.9168397257306646,0.0009340746978675,1.0,4
AMOTL2,0.0979905309216407,-0.9260884638530924,0.0,0.0,5
ARHGEF3,0.0979070781300305,-0.9253290918038852,0.0,0.0,5
MYL7,0.09782659737554572,0.118777240092515,0.0730883252739881,-9.0,1
ENO1,0.0978249670538117,0.9245819285873196,0.0,0.0,5
HN1L,0.09773776384699026,0.923788429932766,0.0,0.0,6
ANGPT2,0.09770185134878534,-0.9234616470076196,0.0,0.0,1
KIF1C,0.09754805609036932,-0.9220621992685047,0.0,0.0,5
FA2H,0.09753858962919026,0.9219760599568584,0.0,0.0,5
ACACB,0.09750082868586656,-0.921632457252162,0.0,0.0,5
CUL3,0.09746521625643428,-0.352772612154393,0.0515665452754299,-6.0,3
PLN,0.0974182083164071,-0.9208806597622023,0.0,0.0,4
FLJ11292,0.09740666468866657,-0.2078570180558658,0.0646621546308938,-9.0,1
ASPN,0.09740430779602659,0.8988011674059804,0.0019911510862801,1.0,1
SLCO5A1,0.0973922789098057,0.7976436325127428,0.011156273860017,1.0,4
GPRIN2,0.09737108006791838,-0.9204518200081342,0.0,0.0,5
PCNA,0.0973084549756817,0.9198819679551834,0.0,0.0,5
TARP,0.0972654691680011,-0.9194908220122446,0.0,0.0,5
KRT31,0.09725854541125763,0.9194278198376612,0.0,0.0,2
AP3S1,0.0972433886428524,0.2007230972812718,0.0651744501420106,8.0,2
LPPR3,0.09722128334860292,-0.91908875665799,0.0,0.0,1
FBLN1,0.09716153713395102,-0.9185451007229736,0.0,0.0,4
LAMA3,0.09714343794947908,-0.918380408631358,0.0,0.0,4
UNG,0.09714155159145711,0.9183632438663568,0.0,0.0,3
HGD,0.09714123363828393,0.708107232726982,0.0190700868207503,4.0,4
HSD11B1,0.09704908681890805,-0.9175218680123528,0.0,0.0,5
TRPV2,0.09701845602619524,-0.9172431455468444,0.0,0.0,5
FAM13B,0.09695026141115218,-0.9166226140634636,0.0,0.0,5
ALDOB,0.096931448088139,0.1621702081982127,0.0684137691161112,9.0,4
TNFSF13,0.09691045694251656,-0.916260416462494,0.0,0.0,5
CRBN,0.09689475557090416,-0.916117543078553,0.0,0.0,5
RMI1,0.09689465615514004,0.9161166384527032,0.0,0.0,4
CA10,0.09683552909826991,0.9155786164947468,0.0,0.0,3
SPRR2C,0.09680811362659063,0.9153291515876132,0.0,0.0,2
MGLL,0.09677330098722967,-0.9150123767406636,0.0,0.0,4
ARL14,0.09675243889814975,0.9148225438180052,0.0,0.0,4
C4orf19,0.09674781707220334,-0.914780487879884,0.0,0.0,2
DTX4,0.09673048304030041,-0.9146227582332996,0.0,0.0,2
FAM46C,0.0967108294466153,0.9144439219185044,0.0,0.0,2
SOD3,0.09670658381831308,-0.8529549772786391,0.0055735809969695,-2.0,4
MUC5B,0.09664096790319764,0.913808222352771,0.0,0.0,4
SHC3,0.09661119332389738,-0.9135372909332072,0.0,0.0,4
CLEC2B,0.096573111363165,-0.9131907671560968,0.0,0.0,5
FGL2,0.09655111867994265,-0.9129906464818344,0.0,0.0,4
SPRY4,0.09654448405183089,-0.9129302752102718,0.0,0.0,4
SLC16A5,0.0964899221306232,-0.9124337933417,0.0,0.0,4
ALPL,0.09646654057871347,-0.9122210347671246,0.0,0.0,2
TACC3,0.09643890955182467,0.8954262224669269,0.0015004952589942,1.0,4
MPDZ,0.09642741690795865,-0.9118650320324004,0.0,0.0,4
LAGE3,0.09634761476741242,0.9111388787926052,0.0,0.0,4
SAC3D1,0.0963246841699209,0.9109302236419422,0.0,0.0,4
PDE1C,0.09630971386090265,-0.9107940025040135,0.0,0.0,5
ADARB1,0.09626922754084477,-0.9104256004501816,0.0,0.0,5
STAP2,0.09626642055179566,0.910400058476268,0.0,0.0,4
CCL3,0.09616531197395499,-0.9094800290025278,0.0,0.0,3
PLXNB3,0.0961562544302125,0.8133288495729099,0.0087134955783937,4.0,5
SLC19A2,0.09610543313967786,-0.9089351663057644,0.0,0.0,4
LRP8,0.09610253743407028,0.9089088170625732,0.0,0.0,4
COL21A1,0.09601466057259128,-0.9081091885409668,0.0,0.0,3
LGALS3BP,0.09601208491406332,0.9080857515407574,0.0,0.0,4
MRPL3,0.0959958029159865,0.9079375947924184,0.0,0.0,5
ARHGAP44,0.09594319187688505,-0.907458864820628,0.0,0.0,5
USP9Y,0.09593299473033555,-0.9073660766954862,0.0,0.0,2
NOV,0.09592006184056075,-0.907248394892146,0.0,0.0,4
KIAA1324,0.09587687929802335,0.9068554587760032,0.0,0.0,2
DBNDD1,0.09586209818484945,0.9067209592106338,0.0,0.0,5
SLC16A7,0.09585315659690158,0.9066395959412676,0.0,0.0,3
CRLF1,0.09581879482504087,0.9063269237273274,0.0,0.0,4
NIPSNAP1,0.095787297399565,0.9060403154058218,0.0,0.0,5
CHEK2,0.09572889413253416,0.9055088795160224,0.0,0.0,4
CELSR2,0.09572182735560161,0.6874977346748502,0.019767912246798,4.0,4
SLC27A2,0.09572100874283967,0.9054371270387768,0.0,0.0,2
TROAP,0.09571212909290162,0.9053563273694116,0.0,0.0,5
HHLA1,0.09570195827216668,0.0886380364129841,0.0740684559597724,-9.0,1
BTK,0.0956974107392914,-0.9052223988797076,0.0,0.0,4
ITGAL,0.0956838769199716,-0.9050992489657,0.0,0.0,4
SFXN1,0.0956804875537148,0.9050684076966392,0.0,0.0,5
PLA2G2D,0.09567852110308449,0.9050505141353096,0.0,0.0,3
CTGF,0.09557962131597887,-0.9041505833774346,0.0,0.0,4
PPP1R10,0.09556650347485879,-0.5335758471934127,0.0336005295202523,-6.0,2
GJA5,0.09553604908714844,-0.9037541013418182,0.0,0.0,4
IL13RA2,0.09549704531744653,0.9033991896372022,0.0,0.0,1
UBL3,0.09548739149341975,-0.9033113454322038,0.0,0.0,5
TM7SF2,0.09545709645542425,0.9030356781400788,0.0,0.0,3
EMP3,0.09545454463175788,-0.9030124580232995,0.0,0.0,5
CRIP2,0.09543551215463476,-0.9028392735093294,0.0,0.0,4
TNFSF12,0.0954221613002834,-0.9027177884705206,0.0,0.0,5
FSTL3,0.09541548285054373,-0.9026570184475352,0.0,0.0,5
MRPL13,0.09541112801765914,0.9026173919915748,0.0,0.0,5
DIO2,0.09540255410675341,0.8838805482574447,0.0016923669784987,1.0,4
CYP2J2,0.09539645116445065,0.7710131718873348,0.011924470377973,1.0,5
SETBP1,0.09536486927613617,-0.9021964642470828,0.0,0.0,5
KDELR2,0.09535740331468291,0.902128528323806,0.0,0.0,5
GFOD1,0.09528510116016006,-0.901470620611161,0.0,0.0,6
TMEM40,0.09527457866271187,0.9013748719813568,0.0,0.0,2
MS4A4A,0.09516070490914665,-0.9003386868049563,0.0,0.0,4
CLEC10A,0.09513981625902589,-0.9001486121922164,0.0,0.0,4
CCL19,0.09512505065611807,0.9000142537612814,0.0,0.0,3
CD180,0.09510832895776951,0.8614839922072592,0.0034809175644548,1.0,4
RPS6KA2,0.09510158128637364,-0.8998006960952938,0.0,0.0,4
MYOM2,0.09510102371912908,-0.8997956225564355,0.0,0.0,5
FAM65A,0.09508552323088797,-0.8996545770947768,0.0,0.0,6
ECM2,0.09506619566224131,-0.8994787074189251,0.0,0.0,5
ITIH1,0.09506349996302062,0.1624791459094063,0.0668440876691439,7.0,1
KIF18A,0.09501680734871829,0.8990293023825779,0.0,0.0,4
MACF1,0.09500960024873696,-0.8989637219487056,0.0,0.0,6
BIN2,0.094989040503459,-0.8987766401794601,0.0,0.0,4
RUVBL1,0.09495774803269219,0.8984918968270516,0.0,0.0,3
GAB2,0.09493947634067387,-0.8983256350167188,0.0,0.0,5
RGS9,0.09491519771903702,-0.8981047136274091,0.0,0.0,5
GPR171,0.09486457802778034,-0.8976441037671737,0.0,0.0,2
PREP,0.09483782059576373,0.3186429383124893,0.052493677488366,8.0,4
DUOX2,0.09482953436285677,0.7064319611462402,0.0173141363301281,3.0,1
MT1F,0.09479262848488477,-0.8717899564015403,0.0022856054168012,-1.0,4
SLC1A2,0.0947761434700996,-0.0919505206693506,0.0730039153271035,-9.0,2
GNAQ,0.09476606403428951,-0.8967476835076559,0.0,0.0,4
ENO2,0.09475742383194657,0.674855324231168,0.0201186421935771,7.0,4
BNIP2,0.09475441747070258,-0.8966417065272987,0.0,0.0,5
FBXO17,0.09471931571488945,-0.896322300888155,0.0,0.0,3
DPP3,0.09458822059465787,0.8951294112535422,0.0,0.0,6
EPB41L2,0.09444363676566248,-0.8938137821848433,0.0,0.0,6
TNFAIP3,0.09427584288442153,-0.8922869550891424,0.0,0.0,4
STAT1,0.09427394231271577,0.6144124979264806,0.0252018151978831,5.0,3
SPRYD7,0.09425855614872836,-0.8921296558106623,0.0,0.0,4
CSPG4,0.09422853790833756,-0.8918565072163572,0.0,0.0,3
CCL21,0.09416557744586067,-0.8912836034885416,0.0,0.0,4
SLC1A4,0.09411312781070673,0.8908063421991524,0.0,0.0,5
HSPB6,0.09407385813643869,-0.8904490109170557,0.0,0.0,4
TPD52L1,0.09386349469762051,0.8885348255131718,0.0,0.0,2
CILP,0.0938503469053876,0.8884151882219822,0.0,0.0,4
ITK,0.0938344302554673,-0.8882703559301764,0.0,0.0,3
KLHL2,0.09383111200969521,-0.7951178851154551,0.0084462476416449,-1.0,2
CXCL9,0.09382168856450149,0.8881544139252132,0.0,0.0,3
FZD5,0.09379088315807084,-0.5681134038998605,0.0290024915924275,-7.0,4
SSR1,0.09377758740916607,0.4450619588223227,0.0401523598842213,5.0,4
PTPRD,0.0937240526666924,-0.8872659838276105,0.0,0.0,5
TMEM35,0.09367309834005876,-0.7341920302998652,0.0138418477401799,-2.0,4
SIDT1,0.0936363547638563,0.8864679837259617,0.0,0.0,3
GPR126,0.09359594405576863,-0.8861002696972473,0.0,0.0,5
BYSL,0.09359342288042902,0.8860773284624832,0.0,0.0,5
ELF5,0.093569167560732,-0.8858566191073243,0.0,0.0,1
FKBP1B,0.09356349844082942,-0.8858050334010279,0.0,0.0,5
HOXA4,0.09354813991284894,-0.8856652796954859,0.0,0.0,6
MRPS33,0.09354606774017306,0.8856464241247994,0.0,0.0,5
MAP1B,0.09354124960847492,0.8856025819180814,0.0,0.0,2
EVI2A,0.09352896905619908,-0.8854908360080026,0.0,0.0,3
DNM1,0.09349301905966247,0.852030542742026,0.0030051987721945,1.0,2
MTX2,0.09346718115286244,0.884928601888956,0.0,0.0,5
HIST1H2AM,0.09346101466682788,0.8848724904390436,0.0,0.0,4
HIST1H2BC,0.09344318874415149,0.8826674760138012,0.0001852840169655,1.0,4
ALG3,0.09342697398082186,0.8845627399203367,0.0,0.0,5
S100A9,0.0934158660263233,-0.8844616639706013,0.0,0.0,2
TMEM14A,0.09336921348340879,0.8840371528616238,0.0,0.0,4
SMC2,0.09334573507350397,0.8838235129354146,0.0,0.0,3
HNF4G,0.09333501311731611,0.8837259493466504,0.0,0.0,4
PTCH1,0.09331820045244,-0.8835729638379183,0.0,0.0,3
MIS18A,0.09329347955744675,0.8833480180173285,0.0,0.0,4
ENPP4,0.09325493382982064,-0.8829972742302024,0.0,0.0,4
MEST,0.0932286570639815,0.882758170886422,0.0,0.0,4
GCLC,0.09322618731433006,0.882735697595623,0.0,0.0,4
SLC27A6,0.0931946817880959,-0.8824490155619106,0.0,0.0,3
TTLL12,0.09313767144047998,0.8819302544316979,0.0,0.0,4
OVOL1,0.09313737880855466,0.8819275916507352,0.0,0.0,4
CFI,0.0931243106150497,-0.8818086786618485,0.0,0.0,2
GPC1,0.09307995125051005,0.8814050341473626,0.0,0.0,3
CXCR1,0.09303052776595705,-0.8809553090750214,0.0,0.0,5
FCER1A,0.09302397332432479,-0.8808956674539604,0.0,0.0,4
MCOLN3,0.0929703421994497,-0.8804076552926908,0.0,0.0,5
SLC39A6,0.09292601911761093,0.8800043409297599,0.0,0.0,3
CD79A,0.09292245836588763,0.8799719401522583,0.0,0.0,4
AQP5,0.09288070286483815,0.8795919892867952,0.0,0.0,1
VIM,0.09278093422419735,-0.8786841524651836,0.0,0.0,5
IL10RA,0.09276512482482442,-0.8785402960912155,0.0,0.0,4
GGT5,0.0927553950326778,0.8167915378741641,0.0055926200411335,5.0,4
SOCS3,0.0926789546922839,-0.8777561978140317,0.0,0.0,4
TNFSF14,0.09267748231127998,-0.877742800000027,0.0,0.0,5
AREG,0.09267534097583842,-0.8777233150882473,0.0,0.0,4
KLF10,0.09258933421809891,-0.8769407034270895,0.0,0.0,4
ATF3,0.09258670322355028,-0.8769167629011552,0.0,0.0,4
TP63,0.0925257411045056,0.8763620429406869,0.0,0.0,4
ITPR1,0.0924875560243961,-0.8760145808369945,0.0,0.0,5
NR5A2,0.09247218485408784,-0.875874712093595,0.0,0.0,5
ARHGEF16,0.09242373426724779,0.8754338398267226,0.0,0.0,5
LRRTM4,0.09239618384671361,-0.875183146963202,0.0,0.0,3
CEP72,0.09231617358500405,0.8068747153845015,0.0061295823502988,1.0,4
GFPT1,0.09220904764260278,0.8734803159367667,0.0,0.0,5
SLC25A10,0.09219777227100674,0.8733777165884495,0.0,0.0,4
C1GALT1,0.0921478836049174,0.8729237586336644,0.0,0.0,4
MCAM,0.09210197701694667,-0.8725060352824521,0.0,0.0,4
TDO2,0.0920953611916695,0.8724458351057895,0.0,0.0,5
SIK1,0.09205518804490169,-0.8720802827474374,0.0,0.0,3
TRIM22,0.09193763715676181,-0.871010637777023,0.0,0.0,4
PAX9,0.09192424575007334,0.8708887837354435,0.0,0.0,4
BMPR2,0.09192203024965717,-0.8708686239653678,0.0,0.0,5
MFN1,0.09187333175500347,0.8704254958810346,0.0,0.0,3
MID1IP1,0.09183118295861782,-0.8700419662558966,0.0,0.0,3
SIX2,0.09177260544621475,0.8695089448341717,0.0,0.0,4
TBX5,0.09171086994413458,-0.8689471875361963,0.0,0.0,4
SLC6A10P,0.09166483214038948,0.8685282701974666,0.0,0.0,4
HLTF,0.09163068991214053,0.8682175957031848,0.0,0.0,4
H1F0,0.09159941644513689,0.8679330252740098,0.0,0.0,4
WNT2,0.09159187029038131,-0.8678643596381477,0.0,0.0,5
BNIP3,0.0915803216806264,0.8677592739809051,0.0,0.0,3
QPRT,0.091569891233764,0.8676643629580955,0.0,0.0,3
CLDN10,0.09153067104478659,0.8673074819634706,0.0,0.0,4
BIRC3,0.09148719973475138,-0.8669119182304161,0.0,0.0,3
STAT4,0.09143795530481248,-0.866463822451315,0.0,0.0,2
PHEX,0.09143756882971556,-0.8664603057518655,0.0,0.0,3
VEGFC,0.09139978211133665,-0.8661164685091015,0.0,0.0,4
TLR3,0.09139444405258325,-0.8660678952674382,0.0,0.0,3
DUSP1,0.0913751377210236,-0.8658922188367731,0.0,0.0,4
ITGAM,0.09136584944213626,-0.8658077008807383,0.0,0.0,4
RALGPS2,0.09117475771371333,0.8640688768749838,0.0,0.0,4
COL4A3,0.09115716500438244,-0.8639087934136886,0.0,0.0,4
MMP19,0.09114072931728756,-0.8637592381843362,0.0,0.0,4
LCAT,0.09112090331290715,-0.8635788330321124,0.0,0.0,5
MYH11,0.09109223566729177,-0.8633179740676984,0.0,0.0,4
CYP3A5,0.09105559087919335,-0.8629845277288265,0.0,0.0,4
OASL,0.0910359889316253,-0.8628061613637715,0.0,0.0,4
CD27,0.09103565574561841,0.8505770230573724,0.0011089153627677,1.0,4
PPM1F,0.09101801909435217,-0.8626426462567185,0.0,0.0,5
FAM49A,0.09098482571330069,-0.8623406057221501,0.0,0.0,5
DNM3,0.090871997383803,-0.5720742052109964,0.0262342208307593,-6.0,2
ARHGEF10,0.09085139085197241,-0.8611264257992566,0.0,0.0,5
ARAP3,0.09083847635043173,-0.8610089113181922,0.0,0.0,5
IRF8,0.09080515371909186,-0.86070569468089,0.0,0.0,3
ZCCHC24,0.09077704376998491,-0.8604499104315607,0.0,0.0,5
PLAC1,0.09073404967902261,0.860058689115558,0.0,0.0,4
GNA14,0.09068051556983053,-0.8595715597407907,0.0,0.0,2
MYH3,0.09067810967552815,-0.859549667496669,0.0,0.0,1
LIF,0.09067650654745034,-0.8595350799600497,0.0,0.0,2
INPP1,0.09064659236653179,-0.8592628782466477,0.0,0.0,5
ARHGAP29,0.09057471788087815,-0.8586088620729114,0.0,0.0,5
LTC4S,0.09049157693862331,-0.8578523276721456,0.0,0.0,3
HS3ST3A1,0.09047361352902636,0.8576888710532214,0.0,0.0,3
SLA,0.0903391470938421,-0.8564653044059558,0.0,0.0,4
NEFL,0.0903365447036918,0.8564416241634721,0.0,0.0,3
RPS6KA1,0.09032967691723602,-0.8563791312860762,0.0,0.0,2
CISH,0.09028435061648936,-0.8559666882123713,0.0,0.0,2
FPGT-TNNI3K,0.0902635672523871,-0.5607836107304064,0.0267561332789112,6.0,2
TCF4,0.09026291165921388,-0.8557716061233839,0.0,0.0,6
PLA2G16,0.09025578353459716,-0.8557067443195694,0.0,0.0,2
SRPK1,0.09024731269662495,0.8556296646022185,0.0,0.0,5
MYH1,0.09022394552417137,-0.8554170368723621,0.0,0.0,1
GMDS,0.09021582774899717,0.8553431698219004,0.0,0.0,5
KLRD1,0.09019233843666212,-0.8551294306898933,0.0,0.0,5
TNFSF4,0.09005712912798701,0.8538991043242988,0.0,0.0,4
AP1S1,0.09003186843049234,0.85366924661372,0.0,0.0,5
IBSP,0.09001639301264751,0.8535284292781411,0.0,0.0,4
FAS,0.08990916160467319,-0.8525526855978918,0.0,0.0,4
BUB1,0.08989348461363668,0.8524100340630647,0.0,0.0,4
ABCG1,0.08988371618986907,-0.8464986211084,0.0005281066774468,-1.0,5
MCC,0.08988062717815036,-0.8522930388500298,0.0,0.0,3
ALDOA,0.08985990733113122,0.8521045002477063,0.0,0.0,5
PRIM1,0.08985009264419297,0.852015192283421,0.0,0.0,4
KIAA1614,0.08984251075529709,0.8519462014875875,0.0,0.0,3
DHFR,0.0898341770422454,0.8050251339455732,0.004248891614062,1.0,5
ANP32E,0.08982234132510444,0.851762671359461,0.0,0.0,5
TSTA3,0.08980378333991351,0.8515938044471423,0.0,0.0,4
TIPARP,0.08978368762760212,-0.8514109451090215,0.0,0.0,4
UBFD1,0.08977864746593188,0.8513650825582065,0.0,0.0,5
CLCA4,0.08976808284028409,0.8512689505861961,0.0,0.0,2
PDIA6,0.08976280122923677,0.851220890985951,0.0,0.0,5
TNFRSF8,0.08976019756685186,-0.2242026501444058,0.056868790354179,8.0,2
TSPAN4,0.08974014083568964,-0.8510146945346196,0.0,0.0,5
KAZN,0.08969846855011845,-0.850635500881792,0.0,0.0,5
TTC28,0.08969513846756513,-0.8506051990600824,0.0,0.0,5
SLCO4C1,0.08967450320117357,-0.8504174300924618,0.0,0.0,4
HSD17B11,0.08945171095303339,-0.8354625583675768,0.0011725404692147,-1.0,5
C3AR1,0.08943993272178094,-0.8482829746454602,0.0,0.0,2
CYB5R2,0.08938768326587408,0.8478075348712311,0.0,0.0,2
CASP1,0.08930520366367936,-0.8470570182818168,0.0,0.0,6
SCNN1G,0.08928338301201025,-0.8468584629950098,0.0,0.0,4
GJC1,0.08922661210066853,-0.8463418805961574,0.0,0.0,2
CYFIP2,0.08922228776906574,-0.8463025316841881,0.0,0.0,2
SERPINE2,0.08921068892306566,0.8461969889062226,0.0,0.0,4
PIK3R1,0.0891241088671175,-0.8454091605635481,0.0,0.0,4
SRGAP3,0.08908142602303457,0.1891987511212541,0.0594834596884748,8.0,3
SCG2,0.08906090045921318,0.8448340006760082,0.0,0.0,4
USP53,0.08905376970137939,-0.8447691149114439,0.0,0.0,4
CDKN1A,0.0890295433066791,-0.8445486687569955,0.0,0.0,4
ENPP2,0.08900586937098981,-0.8443332496594398,0.0,0.0,4
SYT1,0.08894427648605902,0.843772790094888,0.0,0.0,3
EYA4,0.08893030690352019,-0.7450702229499955,0.0089408539910948,-1.0,4
LAMB3,0.08890668776329123,0.8434307544974623,0.0,0.0,3
SLC24A3,0.08888599327120522,-0.843242446610339,0.0,0.0,4
IRAK3,0.08886411268239368,-0.8430433459302648,0.0,0.0,4
FUT1,0.08884601158856519,-0.842878636464611,0.0,0.0,4
QKI,0.08878135658607894,-0.8422903134045653,0.0,0.0,6
MGC12488,0.08878073189074173,-0.5994790311809972,0.0220226167243933,6.0,4
ACSL4,0.08876029960505193,-0.8420987070781132,0.0,0.0,4
IRF7,0.08875595080059834,0.8420591354773818,0.0,0.0,3
PSPH,0.08872182577293528,0.8303478129474944,0.0010340599689247,1.0,4
BEX4,0.08870745978015938,-0.8416178952881875,0.0,0.0,3
SLC16A6,0.08869007096865347,-0.8414596671789567,0.0,0.0,4
MYL3,0.08868172407062695,-0.8413837152432979,0.0,0.0,1
FHOD3,0.08861694561040313,0.8407942687893745,0.0,0.0,3
CPOX,0.08860851802660985,0.7324843884568664,0.009816817131978,4.0,4
ZNF35,0.08848394862887568,-0.8253556395006605,0.0012905276786572,-1.0,1
CAV3,0.08846824932127086,-0.7212129168728781,0.0107233795284914,5.0,3
ZDHHC14,0.08846773285772917,-0.8394365191973044,0.0,0.0,5
SEL1L3,0.08845430389234465,0.8393143233933532,0.0,0.0,3
HLA-E,0.08843870435929994,-0.8391723766813707,0.0,0.0,6
ILF2,0.08842405910787249,0.8390391133791726,0.0,0.0,5
PPP1R14D,0.08837232824432657,0.8385683924949439,0.0,0.0,4
ADORA2B,0.08832070735215435,0.8380986722864957,0.0,0.0,5
TMEM144,0.08825960792227754,0.8375427028770162,0.0,0.0,3
ETS1,0.08822346587002365,-0.837213831143033,0.0,0.0,5
LCP1,0.0881749923414664,-0.8367727501198271,0.0,0.0,4
FANCG,0.08816277153261702,0.8366615478403123,0.0,0.0,4
COLEC10,0.08813000522095152,-0.8363633933897026,0.0,0.0,2
CCL5,0.08811269964245665,-0.836205922652645,0.0,0.0,4
SLC15A3,0.08808743792960988,-0.8359760557029505,0.0,0.0,4
IL4I1,0.0880822226221715,0.8359285994271289,0.0,0.0,4
MRAS,0.08803828156976534,-0.4958976070813304,0.0308047541046878,-5.0,4
FAM124B,0.08801619129505099,-0.8353277526103853,0.0,0.0,5
BST1,0.08797169416360409,-0.8349228544968685,0.0,0.0,4
ACOXL,0.08796790714838056,-0.8348883948526171,0.0,0.0,4
AVPI1,0.08794604060505495,-0.7833893463723303,0.004652948337971,-1.0,5
TMEM140,0.08786966697237283,-0.8339944661735395,0.0,0.0,5
PDLIM3,0.08781491328085392,-0.8334962393062516,0.0,0.0,4
B4GALT4,0.08779148752960204,0.8332830785432728,0.0,0.0,4
MAP3K14,0.08775559459969598,-0.8329564736783075,0.0,0.0,3
STX12,0.08772577401954729,-0.8326851236776769,0.0,0.0,5
MT1G,0.08770920638394071,-0.832534367793322,0.0,0.0,4
MAP3K9,0.08769729196307925,0.8324259534669691,0.0,0.0,5
EDNRA,0.08765327573188941,-0.8320254312671471,0.0,0.0,4
CCDC64,0.0876361925913482,0.8068638562178847,0.0022680711881567,2.0,5
SNRPB,0.08759761933793497,0.8315189903307424,0.0,0.0,2
CADM1,0.08759270106472536,-0.8314742368942943,0.0,0.0,4
KCNK15,0.08752888113259157,0.8308935124905972,0.0,0.0,1
DTX2,0.08751791432669095,0.8307937209113183,0.0,0.0,5
ECM1,0.0874881803864215,0.6836457673836298,0.0133218695772372,1.0,4
PCYOX1,0.0874085057648777,-0.829798166392627,0.0,0.0,4
RCC1,0.08740817701757388,0.829795174982646,0.0,0.0,5
BAI3,0.08738965858806731,-0.8296266680041355,0.0,0.0,4
TRPM6,0.08737939462581523,-0.8295332718948147,0.0,0.0,1
CD247,0.0873635158608954,-0.8293887843345619,0.0,0.0,4
HAPLN1,0.08732037805532968,0.3507118960848527,0.0433806848819259,8.0,3
GCAT,0.08728982159974634,0.8287182092582366,0.0,0.0,4
CBX1,0.08724429724161942,0.635686883183624,0.0174704874282526,1.0,5
NOS3,0.08724228690220699,-0.8282856710533135,0.0,0.0,1
EFS,0.08716579569778107,0.8275896454137814,0.0,0.0,2
GALNT6,0.08715986964413547,0.8275357217592967,0.0,0.0,4
CCT3,0.08713493907166368,0.8273088679951442,0.0,0.0,4
NLGN1,0.0870449728034157,-0.8264902270825898,0.0,0.0,1
DNMT3B,0.08702473825880058,0.8263061044509477,0.0,0.0,4
IER2,0.08701883707486249,-0.8262524070963913,0.0,0.0,4
CRY2,0.08699631736776245,-0.8260474908102113,0.0,0.0,4
F3,0.08688868714754364,-0.825068118169618,0.0,0.0,4
NFIL3,0.08684240323994241,-0.8246469614283957,0.0,0.0,4
RAB26,0.08668479634682523,0.8232128300220481,0.0,0.0,4
MYLK,0.08667620832113916,-0.8231346839644024,0.0,0.0,6
KCNJ16,0.08666932093897496,-0.7597688904081741,0.0057416320451173,-2.0,2
CXCL10,0.08666079339200936,0.8229944170410817,0.0,0.0,3
SPTBN2,0.08665068213606585,0.8229024104706875,0.0,0.0,4
GINS2,0.08657853692517496,0.8222459308541566,0.0,0.0,4
ALDOC,0.08657444187492226,0.8222086682696224,0.0,0.0,4
NEK7,0.08655374588613908,-0.8220203467634221,0.0,0.0,5
PLA2G7,0.08650281089170113,0.821556867826931,0.0,0.0,3
PARP1,0.08650242957945443,0.8215533981064271,0.0,0.0,4
FBXO5,0.08649665016973351,0.8215008088266882,0.0,0.0,3
TPM2,0.08648272722826575,-0.8213741181266005,0.0,0.0,1
BDH2,0.08641480423489634,-0.8207560582430662,0.0,0.0,4
SOX11,0.08640185771075555,0.8206382523748956,0.0,0.0,4
WDHD1,0.08637822476167895,0.8204232062317668,0.0,0.0,4
OR7E14P,0.08637211488357369,0.8171026922403561,0.000296130033556,1.0,4
ADAMTS9,0.08635943340841025,-0.8202522158051592,0.0,0.0,5
GRTP1,0.08631175567436193,0.819818376050883,0.0,0.0,4
RHOBTB2,0.08628720135328037,-0.819594945956373,0.0,0.0,4
LAMB2,0.08619800386298436,-0.8187833004777341,0.0,0.0,5
IL7,0.08616722094706276,-0.8185031937791692,0.0,0.0,2
MSMO1,0.08616610866391866,-0.6217517560644902,0.0178445581451735,-1.0,5
ATP13A3,0.0861529385671036,0.8183732323970767,0.0,0.0,2
GSTA3,0.0861368587852779,-0.8182269156994542,0.0,0.0,2
PRB3,0.08611634668315016,0.3670836690586484,0.0409020402059865,8.0,2
DSC2,0.08610565058439176,0.8179429391541317,0.0,0.0,4
KLRC3,0.08609380786486226,-0.8178351772683544,0.0,0.0,3
TPK1,0.08608058138022587,-0.8177148239218893,0.0,0.0,4
MUC4,0.08605381317372256,0.8174712487528168,0.0,0.0,3
ATP12A,0.08604053089172975,0.8173503876827386,0.0,0.0,1
ADAMTS12,0.08603297783108893,0.8172816592073223,0.0,0.0,4
RRM1,0.08596872412088417,0.8166969876745203,0.0,0.0,4
SLC35A1,0.08594879934159354,-0.8165156837278458,0.0,0.0,5
KRT1,0.08593302521579776,-0.8163721483229915,0.0,0.0,1
PROC,0.08591865762809733,0.7138915497700464,0.009283195275384,1.0,4
SLC2A6,0.08591123408958443,-0.7763727613977428,0.003609984221593,-1.0,5
S1PR4,0.08586745867639492,-0.81577553080517,0.0,0.0,5
KRT23,0.08586613902436008,0.8157635227362894,0.0,0.0,2
COL18A1,0.08582675406876551,0.8154051424609179,0.0,0.0,4
KIAA1024,0.0858264177301044,0.8154020819739841,0.0,0.0,5
SOBP,0.08578303444213964,-0.5457569207584974,0.0244211763644462,-1.0,5
MMP14,0.08560205405211549,0.8133605025057035,0.0,0.0,5
SLC50A1,0.08557245004957541,0.8130911232358212,0.0,0.0,4
NCKAP1L,0.08555110060571078,-0.8128968556670064,0.0,0.0,4
SIGLEC1,0.08554296269604897,-0.812822805404374,0.0,0.0,3
TMEM177,0.08553914112200253,0.8127880312948583,0.0,0.0,5
GAL3ST1,0.08553047387416822,0.2886695513078362,0.0475307144830855,4.0,2
PLCL1,0.08550392609821314,-0.8124675949827607,0.0,0.0,5
LSAMP,0.08550076246616263,-0.8124388077641813,0.0,0.0,4
PCGF3,0.0854775918908289,0.3272675653521801,0.0439862062046944,9.0,3
PTPLA,0.08546393633692952,-0.812103711326057,0.0,0.0,5
MYRIP,0.08546315299283776,-0.8120965833487094,0.0,0.0,4
FLAD1,0.08545193310423684,0.8119944888634997,0.0,0.0,5
MAK,0.08542681098462847,-0.811765892131391,0.0,0.0,4
CCR1,0.08539693721547398,-0.8114940581416266,0.0,0.0,4
AOAH,0.08530994918933213,-0.8107025175065767,0.0,0.0,4
CLEC4A,0.0852992958350645,-0.8106055781555371,0.0,0.0,3
GCA,0.08527310494609752,-0.7807635888951567,0.0026850707947314,-1.0,5
VLDLR,0.08525269772089092,-0.8101815623165648,0.0,0.0,4
DKC1,0.0852400222018509,0.8100662224377846,0.0,0.0,5
TIMELESS,0.08522644301606284,0.8099426597152025,0.0,0.0,4
TJP1,0.0851975558875958,-0.8096798035840117,0.0,0.0,6
TMOD1,0.08514835864404897,-0.8092321371737375,0.0,0.0,5
ITGA2,0.08511267753551818,0.8089074597605532,0.0,0.0,4
EDN2,0.0851040637714037,0.8088290794981222,0.0,0.0,3
TUBB1,0.0850785346186099,-0.8051811667072812,0.0003097981309427,1.0,4
FRK,0.08505655877792895,0.8083968115829758,0.0,0.0,4
GTSE1,0.08504983879881092,0.8083356636667106,0.0,0.0,4
RPE65,0.08504851430682826,-0.8083236115571091,0.0,0.0,1
RNASE1,0.08504142974846055,-0.8082591461809172,0.0,0.0,2
PTGES,0.08485385938439913,0.8065523645504937,0.0,0.0,4
ACOT1,0.084821622854381,-0.8062590308059074,0.0,0.0,2
HSPA4L,0.08479643467639349,0.8060298329808244,0.0,0.0,3
STARD5,0.08479099446392774,0.8059803301995689,0.0,0.0,5
SULT4A1,0.08474378154609183,0.4683179744791486,0.0305872169633511,7.0,4
RAB8B,0.08473022454432086,-0.8054273591426201,0.0,0.0,5
CHIT1,0.08466959832157787,-0.8048756956438714,0.0,0.0,1
KCNK1,0.08464311059473482,0.804634672677191,0.0,0.0,5
PCF11,0.0844824395882625,-0.5412691960376773,0.0237548048646003,-1.0,4
PRRG1,0.0844788729635169,-0.8031402053961273,0.0,0.0,5
APOBR,0.08446861603540808,-0.8030468732934345,0.0,0.0,5
PXDN,0.08434582910844593,0.8019295834036173,0.0,0.0,2
FAM149A,0.08433702597160547,-0.8018494799591069,0.0,0.0,2
CRYL1,0.08428473596499189,-0.7650653287031537,0.0032931889449537,-1.0,2
CFB,0.08425299553202678,0.7593318718664849,0.0037870208880831,1.0,4
PUS7,0.08417336475737051,0.800360257738599,0.0,0.0,4
CBLC,0.08416025053496559,0.800240925913393,0.0,0.0,4
NDN,0.08415739894351955,-0.8002149780835109,0.0,0.0,4
CBR3,0.08415289850038991,0.8001740266586903,0.0,0.0,5
SLC2A5,0.08411594623895247,0.7998377824905903,0.0,0.0,5
AMT,0.08410580635592142,-0.7997455154302868,0.0,0.0,2
GTF2IRD1,0.08410013505533864,0.799693909881064,0.0,0.0,5
WWC3,0.08407972514171473,-0.7995081914930546,0.0,0.0,4
GABRP,0.08405992343594167,0.7993280074440785,0.0,0.0,2
MFI2,0.08403737668681406,0.7991228450911166,0.0,0.0,4
VENTX,0.08403671725045198,-0.799116844602314,0.0,0.0,1
EPRS,0.08403443042458321,0.7990960358119472,0.0,0.0,5
LY6E,0.08401359975173125,0.7989064887587601,0.0,0.0,2
ITGB6,0.08398125249892088,-0.7986121475009198,0.0,0.0,2
PEG10,0.08398029224563318,-0.7986034097523942,0.0,0.0,2
MAP2,0.08393526401051757,-0.7981936789032259,0.0,0.0,3
THSD7A,0.08389792377750452,-0.7978539044185874,0.0,0.0,5
SERPINB1,0.08387444290041389,-0.797640242042417,0.0,0.0,3
MFNG,0.08373057499405573,-0.7963311274548951,0.0,0.0,5
ANXA10,0.0836599441242713,0.7956884274649894,0.0,0.0,4
PRKCD,0.08364380305048354,-0.795541553046026,0.0,0.0,2
CDC25A,0.08363503022161516,0.7954617253865004,0.0,0.0,4
FADS3,0.08351249992407715,-0.7943467706757461,0.0,0.0,5
DCN,0.08349389217062983,-0.794177450901131,0.0,0.0,4
LDLR,0.08348471888974027,-0.7940939793602436,0.0,0.0,4
DSE,0.08345191729174066,-0.2138573325370727,0.0526007480172616,-6.0,3
ABHD6,0.08344443760765877,-0.7937274430331931,0.0,0.0,5
SNRK,0.08344416609256329,-0.7937249724031462,0.0,0.0,5
P2RX1,0.08340897413994508,-0.7934047460253384,0.0,0.0,4
LCT,0.08339520375907986,0.7932794435383367,0.0,0.0,3
HDHD3,0.08330915629348905,0.6378349460669606,0.0140278943547762,2.0,4
SCAI,0.08327740009439087,-0.7922074984477899,0.0,0.0,4
EFNA3,0.08320327898616482,0.7749493641198412,0.0015041495164247,1.0,3
EGOT,0.08316197281134806,0.7521069920558254,0.0035418757425806,2.0,3
TCIRG1,0.08311290145150076,-0.7907106561117453,0.0,0.0,2
NAMPT,0.08309985092970652,-0.790591903925187,0.0,0.0,4
TPD52,0.08303164717186952,0.7753551057664325,0.0013256968110315,1.0,5
MAP7,0.08303068088338941,0.7899624965823994,0.0,0.0,5
APOE,0.08296957112454473,0.789406433185297,0.0,0.0,1
PDGFRL,0.08296343617980582,0.7893506087428995,0.0,0.0,3
LEPREL1,0.0829536048628342,-0.784943429159199,0.0003916198804115,-1.0,4
KDM6B,0.08291578683970173,-0.7889170273570638,0.0,0.0,4
LTBP2,0.08288993589305639,-0.7886817987212178,0.0,0.0,4
DENND5A,0.08288745718506936,-0.7886592439147556,0.0,0.0,4
PRMT3,0.08286258400846198,0.7884329124197127,0.0,0.0,4
SGMS1,0.08282985644880562,-0.7881351105899324,0.0,0.0,4
ITPKC,0.0828258791266244,-0.7880989192626341,0.0,0.0,3
DHTKD1,0.08278921002388415,0.7877652516746101,0.0,0.0,5
SERPINA3,0.08275558214313478,-0.7874592574445498,0.0,0.0,3
CCL18,0.08274620559882621,-0.787373936324325,0.0,0.0,2
RAD51,0.08273046910404319,0.7872307433398825,0.0,0.0,4
DAB2,0.08272733139571814,-0.7872021920121841,0.0,0.0,3
PTGIS,0.08270510573086763,-0.7869999513401003,0.0,0.0,5
FAM134B,0.08268376455539833,-0.786805759008892,0.0,0.0,5
SLC5A4,0.08268227968878263,-0.7867922475830547,0.0,0.0,1
DARS2,0.0826669243563278,0.7866525229549447,0.0,0.0,5
CD68,0.08261229424093336,-0.7861554205587867,0.0,0.0,3
CASC5,0.0826065403345595,0.7861030633447288,0.0,0.0,4
MST1,0.08258348267541679,0.7858932520066624,0.0,0.0,2
SELPLG,0.08256281539765942,-0.7857051917541611,0.0,0.0,5
HYOU1,0.08256107567744185,0.7856893613082148,0.0,0.0,5
SGPL1,0.08255662458459125,0.7856488589423387,0.0,0.0,6
GUCY1A3,0.08255503658756147,-0.7856344090894893,0.0,0.0,4
DAPK1,0.08254541031438915,-0.7855468155813028,0.0,0.0,4
TNFSF10,0.08252525309311988,-0.7853633965473049,0.0,0.0,2
TFF3,0.08251267681154068,0.7852489596719178,0.0,0.0,3
ZNF324,0.08248751514589696,-0.766653738534982,0.0016658314660204,-1.0,3
GSTT1,0.08246725496348123,-0.7848356471730288,0.0,0.0,1
TNIP3,0.08244911964771746,-0.784670626307593,0.0,0.0,2
DHRS11,0.0824268949026361,0.6979598346794014,0.0078463794171617,1.0,4
IFIT1,0.08234397054821858,-0.7837138304279332,0.0,0.0,2
HDGFRP3,0.08234007722261492,-0.7836784034208213,0.0,0.0,3
MAPK13,0.08228792538172,0.7832038518866404,0.0,0.0,4
CCL8,0.08228617510095122,-0.783187925345797,0.0,0.0,1
ZNF217,0.08226597934180369,0.7635099526153237,0.0017681361769867,1.0,4
YKT6,0.08226279492644152,0.7829751793047637,0.0,0.0,4
GLS2,0.08222228351465061,0.7826065489306998,0.0,0.0,5
MST4,0.08218655904417299,0.7032579136595275,0.0071674856834902,3.0,4
NEK3,0.08207977654675205,-0.7813098180946016,0.0,0.0,6
SERINC1,0.08207465360811356,-0.7812632023213385,0.0,0.0,4
MGAT3,0.08204704991161516,-0.7810120246774127,0.0,0.0,5
EPCAM,0.08199129828410864,0.7805047171708646,0.0,0.0,5
LMO1,0.08197819823878655,0.1435975628734515,0.0577570579664271,-8.0,1
GJC2,0.08194380559556975,-0.7800725612235047,0.0,0.0,1
WNT5A,0.0818685598004789,0.7793878680873032,0.0,0.0,3
MLC1,0.0818547498079641,-0.7592875077148022,0.0018117173155864,-1.0,5
PIGA,0.08184297456292891,-0.7791550572502669,0.0,0.0,3
SRPRB,0.0818044684615212,0.7788046740387677,0.0,0.0,5
NFE2,0.08177225707633842,-0.7785115690976138,0.0,0.0,3
LRRTM2,0.08177093993969384,-0.778499583917327,0.0,0.0,2
LGI1,0.08173637872564322,-0.7781850968950199,0.0,0.0,1
FBXL7,0.08173277129776374,-0.7781522713915424,0.0,0.0,3
LEPRE1,0.08171073027758106,0.7779517108789484,0.0,0.0,4
SRM,0.08167324733187692,0.7776106377915121,0.0,0.0,5
GLRX,0.08164684732771901,-0.7773704130504381,0.0,0.0,4
A2M,0.0816352273282631,-0.7772646777882812,0.0,0.0,5
EXOSC5,0.08161498643680776,0.7770804974040705,0.0,0.0,4
KLRC1,0.0815956202088763,-0.7769042759511272,0.0,0.0,3
DOK5,0.08155409917529276,0.7765264586037484,0.0,0.0,4
EPB41L4A,0.08151589495569274,-0.38760165911175,0.0352441871569741,-7.0,4
PTPRR,0.08147724231471547,-0.7758271057051083,0.0,0.0,2
WNT2B,0.08143287961043123,-0.7754234308008816,0.0,0.0,3
AIFM1,0.08139439018062858,0.7332775213031407,0.0037908936416222,2.0,5
ARID5A,0.08139236335675692,-0.7750547563684844,0.0,0.0,4
METTL7A,0.08137049006019215,-0.7748557220436305,0.0,0.0,5
RASAL1,0.08134928284229284,0.7746627486486912,0.0,0.0,4
TNFRSF10D,0.08133190459665189,-0.7745046166827094,0.0,0.0,4
SLC18A2,0.08132749987775507,-0.7744645362929428,0.0,0.0,4
BDH1,0.08131218666777722,0.7743251949549664,0.0,0.0,4
ARFRP1,0.0813080940648752,0.186982030890952,0.0532690076867798,9.0,2
MPP6,0.08124873445329789,0.7737478165688608,0.0,0.0,4
CALHM2,0.08124500690977658,-0.7737138980826405,0.0,0.0,5
SLK,0.0812085476010514,-0.773382139498594,0.0,0.0,5
ASB9,0.08120082062826436,-0.4552489273121634,0.0288485003204974,-7.0,3
DIAPH2,0.08119704545649854,-0.7732774766477672,0.0,0.0,6
TAF1D,0.08119147663691367,0.7732268036162457,0.0,0.0,2
SLAMF7,0.08117143099186055,0.773044399861165,0.0,0.0,4
SERPINB7,0.0811551807138562,0.7728965317471062,0.0,0.0,3
PTTG3P,0.08114777041450393,0.7728291023166964,0.0,0.0,4
PMP22,0.0811289848233323,-0.7726581643218335,0.0,0.0,5
KLK12,0.08109698364159082,0.7723669721101986,0.0,0.0,3
PLA2G15,0.08108538448516743,-0.6672326439952646,0.0095261750252193,2.0,2
EPYC,0.08105367276053031,0.7719728681878576,0.0,0.0,4
PDE5A,0.08105273208648021,-0.7719643085990497,0.0,0.0,4
RAB25,0.08104741629036913,0.771915937934532,0.0,0.0,4
INSIG1,0.08104650002521051,-0.6945138357643947,0.0070196619502197,-1.0,4
IL6R,0.081012958832749,-0.7716023950356236,0.0,0.0,4
FOXA1,0.08100120469666568,0.7714954392078791,0.0,0.0,3
BRCA1,0.08092266717660515,0.7707807932817539,0.0,0.0,4
BTN3A2,0.08091166589391079,-0.7706806879836287,0.0,0.0,5
CDC7,0.0808198128450674,0.769315639747982,4.8002276031182184e-05,1.0,3
PKIA,0.080782436763296,-0.7695047777733318,0.0,0.0,4
TPPP,0.08071831542619383,-0.7689213107590633,0.0,0.0,4
SLC4A4,0.0807050790634801,-0.768800867527818,0.0,0.0,2
PIK3C2B,0.08068131508428016,-0.7685846290864886,0.0,0.0,2
MRPL15,0.08067917452132914,0.7685651512039252,0.0,0.0,5
OLFML3,0.08060670869272026,-0.7679057541519337,0.0,0.0,4
ADPRH,0.08059988798161247,-0.767843689632928,0.0,0.0,4
CACNA1D,0.08058599019851091,-0.7677172278593956,0.0,0.0,4
CNTNAP2,0.08055415954123542,0.7674275873215954,0.0,0.0,4
RGL1,0.08053707359331128,-0.7672721150954727,0.0,0.0,4
CYTL1,0.08048370994764104,-0.7667865368399835,0.0,0.0,2
PMCH,0.08046190623154158,0.759366248789167,0.000655029570658,1.0,4
GPR4,0.08041659633804298,-0.7661758418797933,0.0,0.0,4
PCDHB12,0.08041101341804288,-0.7661250405426632,0.0,0.0,1
AHCYL2,0.08037646851762245,-0.7658107019649384,0.0,0.0,3
PLS1,0.08036356894614914,0.7656933233388363,0.0,0.0,2
POM121,0.08035241465501748,0.235075219729712,0.048118181720021,6.0,3
LRRFIP1,0.0802938573552172,-0.7650589882538371,0.0,0.0,5
KIAA0907,0.08027627542443107,0.764899002871054,0.0,0.0,4
RS1,0.08027092707159832,-0.7648503359592332,0.0,0.0,5
EHD2,0.08021456717350015,-0.7643374935427468,0.0,0.0,5
HSD17B2,0.08019454514184317,0.6657338683766731,0.0089268846672531,3.0,1
KANK2,0.08016818163740203,-0.7639154120410886,0.0,0.0,5
IFI30,0.08016229305576357,-0.7638618293601569,0.0,0.0,4
PGBD5,0.08014181667345463,0.7636755061456272,0.0,0.0,4
COL8A2,0.0801385886220102,0.7636461327478893,0.0,0.0,3
KLF11,0.08013548634725527,-0.763617903845148,0.0,0.0,5
CEL,0.0801005575188891,0.7633000717455735,0.0,0.0,3
GARS,0.07995192050414865,0.7619475610351026,0.0,0.0,4
UTRN,0.07995005331172793,-0.7619305706659679,0.0,0.0,4
CD38,0.07990502473922415,0.7615208367467625,0.0,0.0,5
NPDC1,0.07989606776240579,-0.7614393334475917,0.0,0.0,4
C8orf60,0.07987785698993817,-0.7221342298922634,0.0035499672422941,1.0,5
RBMS2,0.07987422003940943,-0.7612405318273925,0.0,0.0,5
BOP1,0.07974798529472658,0.760091868794061,0.0,0.0,4
SHFM1,0.07970814068385433,0.7597293059219973,0.0,0.0,4
ZNF280B,0.0797041408010975,0.7596929093065332,0.0,0.0,4
RASGRF1,0.07963613500200722,-0.7346399062757878,0.0022161959965892,-1.0,3
HIST2H2BE,0.07960497857981219,0.7587905905496836,0.0,0.0,3
LONRF1,0.07957224429953469,-0.7584927275661448,0.0,0.0,5
SLITRK3,0.0795385550830673,-0.7581861752165899,0.0,0.0,1
CHPF,0.07953580915902808,0.7581611888988838,0.0,0.0,4
FAM174B,0.07945096280130721,-0.7573891362055336,0.0,0.0,2
KIF2A,0.0794189865129467,0.7570981705092417,0.0,0.0,5
ATIC,0.07940289382834248,0.7569517364038109,0.0,0.0,5
CYSLTR1,0.07934299043611853,-0.7564066502439609,0.0,0.0,2
SKA1,0.07934003290247539,0.7563797384014707,0.0,0.0,4
KCNMB2,0.07922504906484147,-0.755333452103253,0.0,0.0,2
THNSL1,0.0791239911976375,0.7544138840669237,0.0,0.0,4
DLEU1,0.07912086150277145,0.7543854056570591,0.0,0.0,4
DIEXF,0.07911981628668732,0.7543758947963155,0.0,0.0,4
LILRA2,0.0790771090497011,-0.7539872836852854,0.0,0.0,4
TRAIP,0.07906205922806557,0.7538503390286111,0.0,0.0,4
ELMO3,0.07904688203016554,0.7537122353217345,0.0,0.0,4
PTPRF,0.07901752818399317,0.7534451323298521,0.0,0.0,4
MCM5,0.07901038866352456,0.7533801668303882,0.0,0.0,4
MORC4,0.07899729217631815,0.7532609963852126,0.0,0.0,1
DUSP6,0.07896444628096738,-0.7529621177691794,0.0,0.0,4
FAM169A,0.07895173447665858,0.7175022862021531,0.0032057371383519,1.0,4
SRGN,0.07894152952839943,-0.7527535885992989,0.0,0.0,4
TEAD4,0.07891791725705853,-0.7525387306115837,0.0,0.0,3
RUNX1T1,0.0788913425104573,-0.7522969158155253,0.0,0.0,4
PRR5,0.07882287632662022,0.4762831886790291,0.0249781077099501,1.0,4
EMR3,0.07881054523377333,-0.751561707413481,0.0,0.0,4
LAMA4,0.07879707125294164,-0.7514391019950436,0.0,0.0,6
PDE3B,0.0787175283053277,-0.75071530726075,0.0,0.0,5
TAF1A,0.07869431747217662,0.7505041021279597,0.0,0.0,3
RUSC2,0.0786592240046115,-0.5257979984418345,0.020352018049184,7.0,5
TNFRSF1B,0.07865225877109354,-0.7501213923178718,0.0,0.0,4
FAM136A,0.07864644634212978,0.7500685025821552,0.0,0.0,5
TIPIN,0.07863357278212484,0.7499513606453436,0.0,0.0,4
RCN3,0.0786192540796697,0.7498210687495839,0.0,0.0,4
LRP1B,0.07859774099214688,-0.7327046590454738,0.0015347136171351,1.0,1
DCTPP1,0.07859437628959477,0.7495946952746594,0.0,0.0,4
PCSK5,0.0785833998536075,-0.7494948160671719,0.0,0.0,4
KLK6,0.07857335367340829,0.7494034016483444,0.0,0.0,4
CHRNA5,0.07856085225534447,0.7492896459875696,0.0,0.0,3
ZNF322,0.07853285190524387,0.7490348590256939,0.0,0.0,4
GJA1,0.07843771540937969,-0.7165584160117016,0.0028671149696205,-1.0,3
IFT88,0.07842590921267231,-0.6986961602507439,0.0044774886023454,-2.0,5
CEBPA,0.07838743633822291,-0.7477116616228905,0.0,0.0,2
CFH,0.0783652284366785,-0.7475095825865996,0.0,0.0,2
HHEX,0.07834629106693042,-0.7473372634946348,0.0,0.0,4
TMEM2,0.07829319133723846,-0.7468540867216292,0.0,0.0,4
PIM2,0.0782515815714236,0.7464754619623588,0.0,0.0,4
ALDH3B1,0.0782389442593818,-0.7463604697451245,0.0,0.0,5
PLCE1,0.07819822013280994,-0.7459899037898058,0.0,0.0,5
CHRNA1,0.07817768557680896,0.7369749373079406,0.0008007153499936,-1.0,1
RFC5,0.078170042000676,0.7457334991144376,0.0,0.0,3
BPHL,0.07815930574936374,0.7456358054483243,0.0,0.0,4
RAMP1,0.078130257596119,0.729698950797394,0.001421508386698,1.0,4
ACTG2,0.07806917999170977,-0.7448157132745872,0.0,0.0,4
CIT,0.07805353608812626,0.7446733628164108,0.0,0.0,4
SPAG6,0.07800688331489232,-0.7442488496116599,0.0,0.0,3
CTSS,0.07797649584223951,-0.7439723412177122,0.0,0.0,4
STK10,0.07796675546362514,-0.7438837094161184,0.0,0.0,5
STOM,0.07796241947976462,-0.7438442544753554,0.0,0.0,4
POF1B,0.07794036394451163,0.6681594353131012,0.0068464566011351,3.0,4
SAR1B,0.07791769327862538,0.7434372719603666,0.0,0.0,4
NME4,0.07778276991081144,0.742209547490928,0.0,0.0,5
KRT19,0.07777957856879521,0.7421805081277164,0.0,0.0,4
CD2,0.0777631659163349,-0.7420311625001919,0.0,0.0,1
RYR3,0.07775753546464627,-0.741979928652237,0.0,0.0,2
AGT,0.07775124727106177,0.7419227097341404,0.0,0.0,3
STXBP1,0.0777356155890872,-0.7417804704855241,0.0,0.0,4
PFKP,0.07773312487357516,0.7417578064175416,0.0,0.0,5
SEPT10,0.07773103275140454,-0.7417387693180122,0.0,0.0,4
CDK4,0.07772229991059132,0.7416593055266185,0.0,0.0,4
TOM1L1,0.077717936839325,0.7416196041061578,0.0,0.0,5
SCRN1,0.0776985695240564,0.651828118588001,0.0081281585460941,3.0,4
HMBS,0.07768288918985317,0.7413006908033694,0.0,0.0,4
SORBS1,0.07765987810330398,-0.7410913032489187,0.0,0.0,4
C1S,0.07758839389513675,0.7404408383741732,0.0,0.0,1
ANGPTL7,0.07753950546484133,-0.7399959819855534,0.0,0.0,3
FAM171A1,0.07752820755412484,-0.7398931775442998,0.0,0.0,5
SLC28A3,0.07750092983368131,0.7236939019590163,0.0014467713054439,1.0,4
SYNPO,0.07747453745048265,-0.7394048106988347,0.0,0.0,6
DLK2,0.07746936093814387,0.7393577074359408,0.0,0.0,2
PTS,0.07745276859814504,0.7392067267559307,0.0,0.0,4
FABP3,0.07742963795532828,-0.7389962513087188,0.0,0.0,2
MICAL1,0.07742842148604358,-0.738985182143078,0.0,0.0,4
INSM1,0.0774145372161956,0.738858843332323,0.0,0.0,2
GPR183,0.07741026058046632,-0.7388199284251666,0.0,0.0,2
CLIC4,0.07740767251733849,-0.661957629455685,0.0069693216953018,1.0,2
H2AFZ,0.07739228329965611,0.7075955146603397,0.0028172364255886,1.0,2
CCT6A,0.07738503634718483,0.7385904025177996,0.0,0.0,5
EPB42,0.07735337451498933,-0.4208731123212454,0.0287910219500876,-8.0,2
KLHL7,0.07734112647475432,0.7381908481210608,0.0,0.0,5
COL6A3,0.0773200290238839,0.737998873542483,0.0,0.0,3
APOLD1,0.07730878330029174,-0.7378965439738223,0.0,0.0,4
SLC5A6,0.07727796662100928,0.7376161300482369,0.0,0.0,4
ACN9,0.077274294954223,0.737582720007929,0.0,0.0,4
SEC61A1,0.07727024634583342,0.7375458800174396,0.0,0.0,5
IDH2,0.07723935074426967,0.7372647479448238,0.0,0.0,4
PLEK,0.07723692831706443,-0.7372427052608655,0.0,0.0,3
C10orf2,0.07723086493695544,0.7371875320151341,0.0,0.0,3
MRPL17,0.07720247941301653,0.7369292401945082,0.0,0.0,5
WARS,0.07715923642155983,-0.7365357540282252,0.0,0.0,5
PRMT5,0.07712097025135788,0.7361875540516768,0.0,0.0,5
PLEKHO2,0.07707176110857743,-0.7357397793652714,0.0,0.0,4
COL4A4,0.07703851876216714,-0.7354372932743094,0.0,0.0,4
REV3L,0.07702313117880069,-0.7352972751815905,0.0,0.0,4
GJB3,0.0770143983282828,0.7352178113018899,0.0,0.0,4
HLA-DRB1,0.07692493066820946,-0.7344037074348199,0.0,0.0,3
PLOD1,0.0769165677340167,0.7343276095793401,0.0,0.0,4
PPFIBP1,0.07688161780579192,-0.7340095854832779,0.0,0.0,3
LDHA,0.07687410260219085,0.7339412014849881,0.0,0.0,5
FGF18,0.07687272658498871,-0.7339286805257443,0.0,0.0,5
HIST1H4H,0.07679748291038986,0.7332440066847914,0.0,0.0,4
DNAJC15,0.07676924567528275,-0.732987064206613,0.0,0.0,3
TNIK,0.07676621190410922,-0.7329594586467698,0.0,0.0,2
C1orf186,0.07674804904356256,-0.5790999930181613,0.0139401577219184,2.0,2
COL15A1,0.0766832327872202,0.7322043967630675,0.0,0.0,3
STIP1,0.0766640586523568,0.7320299232457406,0.0,0.0,4
PERP,0.07665736859045061,0.7319690475587682,0.0,0.0,4
PLK4,0.0766319325899292,0.7317375946922207,0.0,0.0,4
FHOD1,0.07661715862993154,-0.7316031602166104,0.0,0.0,3
TXNIP,0.07658901561735663,-0.7313470751088804,0.0,0.0,4
APITD1,0.0765825554502159,0.7312882913310675,0.0,0.0,4
BARX1,0.07648776075450964,0.7304257145263434,0.0,0.0,3
SLC5A3,0.07647690774410003,0.7303269584200971,0.0,0.0,4
ADRA2C,0.07646224582119675,-0.7301935434171289,0.0,0.0,1
CTSO,0.0764612401199729,-0.7301843921187181,0.0,0.0,4
SYNPO2L,0.0764021856618314,-0.6467731170489475,0.0075167148301645,3.0,4
LPPR4,0.07637967233661157,-0.729442172552359,0.0,0.0,2
TJP2,0.07635680662775846,-0.6262288427395275,0.0093426407551981,-2.0,5
HTR2B,0.07634339376621667,0.7291120585823943,0.0,0.0,2
COPG2IT1,0.07633961084934342,-0.7290776362307558,0.0,0.0,4
TRIM68,0.07631754919062868,0.7288768879194786,0.0,0.0,3
TNFRSF12A,0.07626845185788476,0.7284301306396204,0.0,0.0,2
SCARA3,0.076254789262832,-0.5705979025665789,0.0143042038862852,-5.0,4
ITGA10,0.07624750672947835,-0.7282395421072058,0.0,0.0,5
TUBB2A,0.07620217424692738,0.7278270427826634,0.0,0.0,2
MAGEB2,0.07617077577210542,0.7275413348547741,0.0,0.0,2
ALAS1,0.07614856669366132,-0.7273392451093781,0.0,0.0,2
SKP2,0.07612036438763992,0.7270826204656409,0.0,0.0,4
NOVA2,0.07611398095653714,-0.7270245349413108,0.0,0.0,5
PAQR4,0.07607525620611241,0.726672162150447,0.0,0.0,4
SFRP5,0.07606746037463345,-0.7266012246010706,0.0,0.0,4
IRAK1,0.07605065057914136,0.7264482652020704,0.0,0.0,5
CTSK,0.0760474161808949,0.7264188340521116,0.0,0.0,4
SPRY2,0.07604382436475692,-0.7263861506064359,0.0,0.0,4
ARHGDIB,0.0760371142082964,-0.7263250920706624,0.0,0.0,2
BAAT,0.07603109834822612,0.726270351229749,0.0,0.0,4
HHLA2,0.07601959970190957,0.7261657202108456,0.0,0.0,2
RSAD2,0.0760120718918992,-0.7260972215015356,0.0,0.0,2
CD86,0.07600719027747883,-0.7260528016388288,0.0,0.0,2
EHD1,0.07600550182148183,-0.7260374376675859,0.0,0.0,5
TSPAN2,0.07598971840732513,-0.7164714812615142,0.0008546117010205,-1.0,5
PLA2G4A,0.07598087846419638,0.7258133793836216,0.0,0.0,3
PRKCE,0.07597101221887578,-0.7257236022679311,0.0,0.0,4
HYMAI,0.07596365681440156,-0.7256566723491044,0.0,0.0,4
PTGDR2,0.07593933861680599,-0.7254353908415014,0.0,0.0,1
SLCO2B1,0.07592998707677141,-0.7253502972456818,0.0,0.0,4
ECHDC2,0.07592077618256479,-0.7252664834454032,0.0,0.0,2
CDH10,0.0759180342398429,-0.6880388505587609,0.0033743061592359,-1.0,1
NAP1L2,0.07591762673089142,-0.7252378252600394,0.0,0.0,3
PTH1R,0.0758937024019574,-0.7250201277290402,0.0,0.0,5
ALG8,0.07587429321639429,0.7248435153865395,0.0,0.0,4
LACTB2,0.07584808488634354,0.7246050347687802,0.0,0.0,2
JUND,0.07583328649413075,-0.7244703779741689,0.0,0.0,5
GAL3ST4,0.07577213308070613,0.5254977996770712,0.0179964636314281,3.0,5
DFNA5,0.07576715931836557,0.7238686589902956,0.0,0.0,4
MST1R,0.0757162287120768,0.7234052199834196,0.0,0.0,2
CTSG,0.07570727258400188,-0.7086024613066099,0.0013352275969996,2.0,4
ARRB2,0.07569791362604238,-0.7232385633126838,0.0,0.0,4
DAP,0.07569472735756314,0.7232095701157191,0.0,0.0,4
NRTN,0.0756203838486941,0.7225330872613309,0.0,0.0,2
HSP90AB1,0.07559283043647888,0.7222823671752462,0.0,0.0,2
SCG3,0.07555973261022726,0.7219811961339899,0.0,0.0,1
GFRA2,0.07555684283851437,-0.721954900885802,0.0,0.0,5
ADIPOQ,0.07555347648166938,-0.7219242689890564,0.0,0.0,1
MSTO1,0.07555329645297532,0.721922630832253,0.0,0.0,5
ARGLU1,0.0754956312880167,-0.721397911243638,0.0,0.0,4
FCGRT,0.07542733609597688,-0.7207764645678633,0.0,0.0,4
CYP2C18,0.07540005809908648,0.7205282506016525,0.0,0.0,2
CSTA,0.0753602996222547,-0.7201664714994491,0.0,0.0,2
AMH,0.075345520335977,0.3160579782519856,0.0366406906350854,6.0,1
DKK3,0.07531438263018359,-0.7197486534769517,0.0,0.0,4
EGFL6,0.07529834031615766,-0.7196026777145974,0.0,0.0,3
RORB,0.07527163639619765,-0.7193596875158199,0.0,0.0,2
ENDOU,0.0752695217485296,-0.7193404454473157,0.0,0.0,3
C20orf24,0.07526544404971225,0.7193033407507892,0.0,0.0,4
ANXA4,0.07519587852300771,-0.6280907723492832,0.0082156218956917,-2.0,3
CELSR3,0.07518912611787282,0.7186088917913961,0.0,0.0,4
SLC22A18AS,0.07518323632941075,0.7185552981290686,0.0,0.0,5
P2RX7,0.0751566057200506,-0.7183129750142722,0.0,0.0,4
CXorf36,0.07514955282843472,-0.7182487977871734,0.0,0.0,4
IFIT3,0.07511784890430948,-0.7179603104476084,0.0,0.0,4
HSPA2,0.0750861840101494,-0.7176721782581117,0.0,0.0,3
TPI1,0.07505631172409352,0.7174003577636853,0.0,0.0,4
CDK5,0.07505194482488599,0.7173606215111774,0.0,0.0,4
CD8A,0.07496935839517961,-0.7166091328533053,0.0,0.0,3
TUBB,0.07488939685043611,0.7158815291276772,0.0,0.0,3
PRKCB,0.07487804862328912,-0.7157782668360606,0.0,0.0,6
CTAGE4,0.07485948173204407,0.5485226085633433,0.0151548671595287,2.0,3
PRR11,0.07485587200711742,0.7155764724785341,0.0,0.0,3
ACOT13,0.07484268038042523,0.7154564363191636,0.0,0.0,4
DNA2,0.07482307191822282,0.7152780106747108,0.0,0.0,4
RGS4,0.0748170469044696,0.6776981676470191,0.0034035422410322,1.0,2
ADA,0.0746831845618098,0.7140051167852686,0.0,0.0,2
VPREB3,0.07468121286756392,0.7139871755100755,0.0,0.0,4
DDR2,0.07467735888243925,-0.7139521064785276,0.0,0.0,3
AP1M2,0.07453669732538876,0.7126721678118738,0.0,0.0,5
PTPN3,0.07451388973658102,0.5953272328806385,0.0106244339791682,1.0,4
DUSP2,0.07449594155533057,-0.7123013139191645,0.0,0.0,2
ABCC5,0.07449566768634568,0.7122988218700879,0.0,0.0,4
SLC26A2,0.07446519784312129,-0.7120215639516663,0.0,0.0,4
TCTA,0.07443686806776302,-0.6823673566728027,0.0026662735815768,-1.0,2
LPAR1,0.07442469831054456,-0.5222922828253592,0.0171751370293771,-3.0,3
LOC728392,0.0744200356704694,-0.7116106143485241,0.0,0.0,4
CYC1,0.07440162821852345,0.7114431172015123,0.0,0.0,4
CECR1,0.07435570244488802,-0.7110252192718679,0.0,0.0,3
RIMS1,0.07435332095738967,-0.666592039964593,0.0040281511332985,2.0,1
CPVL,0.0743489527298866,-0.7109638007762934,0.0,0.0,4
HOXD10,0.07431303307694742,0.7106369527472107,0.0,0.0,2
RAB11FIP2,0.07430638499339505,-0.61656268144892,0.0085271073193643,-1.0,4
NCALD,0.07429380694639678,-0.7104620060992574,0.0,0.0,5
PTPN6,0.07419500857333344,-0.7095629981504056,0.0,0.0,3
SEC61G,0.07417703407113196,0.7093994405952075,0.0,0.0,5
TLE2,0.07417436171524398,-0.7093751237050506,0.0,0.0,4
PDE6A,0.07412267044100722,-0.7089047630605962,0.0,0.0,2
ACTN2,0.07410467506533357,-0.708741015568896,0.0,0.0,5
ADRA1A,0.07408228147017833,-0.7085372468283417,0.0,0.0,5
SNX10,0.07405965536219454,-0.7083313623557709,0.0,0.0,4
STOML2,0.0740415369360954,0.7081664951764969,0.0,0.0,2
TNS4,0.07403419719668007,0.7080997078006294,0.0,0.0,4
SOX5,0.07400364145525351,-0.5225105764351236,0.0168078297452964,-2.0,4
PLEKHA1,0.07399655729576982,-0.7077572065117608,0.0,0.0,4
SERINC2,0.07391145862773509,0.7069828579407487,0.0,0.0,4
SCRIB,0.07390306507069282,0.706906481435082,0.0,0.0,4
RND3,0.07390012808104258,-0.7068797565310234,0.0,0.0,3
TMEM8A,0.0738807315701644,0.7067032595208116,0.0,0.0,4
SPATS2,0.07386515599510277,0.7065615308125931,0.0,0.0,5
CSTF2,0.07385944117213922,0.7065095292349233,0.0,0.0,4
CD5L,0.07383930691651575,-0.7063263191749953,0.0,0.0,4
CITED2,0.07383699522114906,-0.7063052840866074,0.0,0.0,4
QPCT,0.07379671460674458,0.7059387538350309,0.0,0.0,3
PDGFC,0.07378742806400794,0.7058542516769615,0.0,0.0,2
GPSM3,0.07378325588894806,-0.7058162873013698,0.0,0.0,2
LRRC49,0.07375079605565511,-0.7055209216263697,0.0,0.0,5
XAF1,0.07372832883367389,-0.70531648292436,0.0,0.0,4
AKT3,0.07371781604766629,-0.7052208226630382,0.0,0.0,6
RYR1,0.07371578576083672,0.7052023482292835,0.0,0.0,1
G6PD,0.07370178161981113,0.7050749186602685,0.0,0.0,4
ZYX,0.07369523217425367,-0.7050153225005933,0.0,0.0,4
TUBA1A,0.07367623057081231,-0.7048424189192382,0.0,0.0,5
VCAM1,0.07364739492475729,0.7045800312481667,0.0,0.0,1
KCNAB1,0.07364707820306486,-0.7045771492642814,0.0,0.0,5
HOMER3,0.07363306656732473,0.5970687534753948,0.0097395133453633,1.0,3
FIG4,0.07362643438079922,-0.7043893024431642,0.0,0.0,4
SLC11A1,0.07360388920769691,-0.7041841544311194,0.0,0.0,4
DDX3Y,0.07354089247074029,-0.7036109206265564,0.0,0.0,2
MOB3B,0.07342479455855645,-0.7025544968954547,0.0,0.0,4
CREB5,0.07342273545445957,-0.7025357602412647,0.0,0.0,4
TBC1D2,0.07341549179792031,-0.7024698471638969,0.0,0.0,4
ACSL1,0.07338740483293685,-0.7022142720567738,0.0,0.0,4
TUBAL3,0.07338235837846571,0.2636739453526017,0.0397717117890878,8.0,4
FLJ22184,0.07336820668431275,0.7020395800281385,0.0,0.0,4
FOSL2,0.07327797158070025,-0.7012184928695362,0.0,0.0,2
OMD,0.07324293024645027,-0.7008996370316076,0.0,0.0,4
PDE4B,0.07323564971750499,-0.7008333884367095,0.0,0.0,4
PAK1,0.07318255223128008,0.7003502320779542,0.0,0.0,4
PIAS1,0.0731615352250475,-0.7001589894989692,0.0,0.0,5
PKMYT1,0.0731589630849559,0.7001355845144921,0.0,0.0,5
MS4A6A,0.07314603541324127,-0.700017950192476,0.0,0.0,2
CDC25C,0.07313999529643588,0.699962988629328,0.0,0.0,4
SLC6A16,0.07309619080007033,-0.6995643930937232,0.0,0.0,5
CHI3L1,0.07307637909772303,0.6993841180817137,0.0,0.0,4
CEP76,0.07305771547572454,0.6992142899356545,0.0,0.0,3
MTHFD2,0.07305208117768047,0.6991630210880939,0.0,0.0,4
PTK6,0.07304641393388654,0.6991114524532991,0.0,0.0,4
EXOSC4,0.0730370590431034,0.699026328367609,0.0,0.0,4
SACM1L,0.07303698332201021,-0.6990256393495355,0.0,0.0,5
EVL,0.0729438575422314,-0.6981782487127435,0.0,0.0,2
GINS3,0.07291319523299605,0.6978992394651412,0.0,0.0,4
STON1,0.07288782382017489,-0.6976683743092423,0.0,0.0,5
DNAI1,0.07284339111801738,-0.6972640624649273,0.0,0.0,4
LONRF3,0.07282433989087297,-0.6970907073366276,0.0,0.0,3
RFC3,0.07282337883771949,0.6970819623097869,0.0,0.0,2
DNAI2,0.07278461106421208,-0.6967291980337993,0.0,0.0,5
WDYHV1,0.07273107371678918,0.6962420391930078,0.0,0.0,5
PRDM16,0.07271667036014653,-0.6961109769931921,0.0,0.0,3
CCNF,0.07271615215187831,0.696106261598213,0.0,0.0,4
STYXL1,0.07271462090635838,0.6960923281512201,0.0,0.0,5
IFNGR1,0.07267347230182802,-0.6957178996924313,0.0,0.0,4
CENPN,0.07264592079365213,0.6954671969320012,0.0,0.0,4
JAM3,0.07262334840304453,-0.6952618012564287,0.0,0.0,5
WLS,0.07257400561094664,-0.6948128104386739,0.0,0.0,2
SH3BGRL,0.07253780680473901,-0.6944834222765961,0.0,0.0,4
INPP5J,0.07252897927311537,0.6944030968536937,0.0,0.0,3
SLC44A1,0.07247744148233694,-0.6939341328197782,0.0,0.0,3
TINAGL1,0.07243233205532022,-0.6935236631713542,0.0,0.0,1
SERPINE1,0.07238907346429346,-0.6931300350580223,0.0,0.0,1
ANK2,0.0723619731090974,-0.6928834375283003,0.0,0.0,4
TRPM2,0.07235725137911606,0.5942718797236781,0.0089402318537801,4.0,4
PRKAB2,0.07234349792197678,0.6927153240304463,0.0,0.0,2
COL4A5,0.07234164792106712,-0.6926984900941011,0.0,0.0,4
DGKG,0.07232896206610072,-0.6925830561643798,0.0,0.0,1
CALCOCO1,0.07232081622784259,-0.6925089337561148,0.0,0.0,4
PROX1,0.07231020310107782,0.6924123604520424,0.0,0.0,1
UGCG,0.0722878848774046,0.6922092775483026,0.0,0.0,2
STT3A,0.07224946910210792,0.6918597162520768,0.0,0.0,4
CHN1,0.07218925630913087,-0.6913118147246475,0.0,0.0,3
ARNT2,0.07218850750091978,-0.6913050010038031,0.0,0.0,3
CPPED1,0.0721509470587465,-0.6909632227434008,0.0,0.0,4
PTK7,0.0721002672558568,0.6905020659021351,0.0,0.0,6
SIL1,0.07206228186489662,0.690156420853997,0.0,0.0,2
ITGA5,0.0720605019389345,-0.6901402245590713,0.0,0.0,5
ABCB6,0.07204893811374145,0.690035000450158,0.0,0.0,4
MYOZ1,0.07200986597432275,-0.6896794666207341,0.0,0.0,6
GABBR1,0.07200684090201216,0.6896519402155035,0.0,0.0,2
MEOX2,0.07199297909805848,-0.6895258058313694,0.0,0.0,4
MRTO4,0.07199190355716215,0.6895160190324057,0.0,0.0,4
TNFRSF14,0.07198745939136356,-0.6894755796986892,0.0,0.0,2
ASAP2,0.07193540535064877,-0.6890019180894799,0.0,0.0,3
BLMH,0.0718954055269011,0.6886379428701839,0.0,0.0,2
SLC9A7,0.07188872302342664,0.6885771359605608,0.0,0.0,4
EDN3,0.07187605433651752,-0.6884618582502131,0.0,0.0,2
IFFO1,0.07187133349537332,-0.6884189013311637,0.0,0.0,5
MAPRE2,0.07185255872642468,-0.6882480618122592,0.0,0.0,6
ASPHD1,0.07185003324946307,0.6882250814352273,0.0,0.0,4
ANK3,0.07181487424281684,-0.6879051548466748,0.0,0.0,3
GUCY1B2,0.07181479983579754,0.6879044777859123,0.0,0.0,3
ZNF692,0.0718142180987519,0.6878991843158686,0.0,0.0,5
MYO19,0.0717947702862383,0.6877222204904999,0.0,0.0,4
DUSP14,0.07179023676147196,0.6876809680419536,0.0,0.0,1
CD3EAP,0.07178786761507641,0.6876594101824913,0.0,0.0,4
DCUN1D1,0.07176885846657365,0.6874864379454493,0.0,0.0,2
RUSC1,0.0717587350557162,0.687394320772381,0.0,0.0,5
BTG2,0.07174232661897352,-0.6872450135054441,0.0,0.0,3
CALML5,0.07172654248613379,0.6871013870422882,0.0,0.0,3
TRPM8,0.07170404516590281,0.6868966744636453,0.0,0.0,3
KLHDC8A,0.0716556688426708,0.6864564779525761,0.0,0.0,4
MANF,0.07164566527554286,0.6863654512880062,0.0,0.0,5
JUN,0.07161278621543851,-0.686066270891932,0.0,0.0,3
PAMR1,0.07160879229607457,-0.6860299285398878,0.0,0.0,2
CIRBP,0.07160317586483929,-0.6859788222699347,0.0,0.0,3
PMM2,0.07158208153094514,0.6857868760540349,0.0,0.0,5
LXN,0.07157195627512818,-0.4764871994430635,0.0189752524994288,-3.0,2
FJX1,0.071569977489304,0.6856767362884576,0.0,0.0,2
C17orf75,0.07155647226801864,0.6855538465999932,0.0,0.0,4
CTAG1A,0.07154415750582661,0.6854417893994991,0.0,0.0,2
SAMSN1,0.07154031161755733,-0.6854067940446438,0.0,0.0,3
NAA50,0.07150951003121436,0.6851265174560625,0.0,0.0,2
IQSEC1,0.07147152292357971,-0.6847808567871814,0.0,0.0,5
KCNMB4,0.07146691529387196,-0.6847389300266062,0.0,0.0,3
IFNA2,0.071454016851509,0.6846215616747542,0.0,0.0,1
OSMR,0.07142355800140603,0.6843444037873677,0.0,0.0,3
RNF39,0.07140741749534087,0.6139296835292194,0.0063733372063277,1.0,4
MAN1C1,0.07133830513365591,-0.6835686520882924,0.0,0.0,3
CLDN4,0.07132272731190581,0.6834269029365108,0.0,0.0,5
DPEP1,0.07131739841495678,0.6833784130619588,0.0,0.0,3
KBTBD11,0.07129110724033959,-0.6671554594763067,0.0014497331335983,-1.0,4
GNAI1,0.07126581227384968,-0.6829090090680676,0.0,0.0,1
METTL1,0.0712146212726898,0.6824432006187432,0.0,0.0,4
GALE,0.07119509585192049,0.6822655306032155,0.0,0.0,4
KIR2DS2,0.0711824056783062,-0.6821500573763006,0.0,0.0,2
KCNB1,0.0711710210026241,-0.6820464634241336,0.0,0.0,2
CTLA4,0.07116127154620536,0.3636334369456735,0.0288722104461741,8.0,3
PRPS2,0.07114811908535304,0.6818380692468587,0.0,0.0,4
MAGEF1,0.07112645789969443,0.6816409650083491,0.0,0.0,3
PALB2,0.07112053586590096,0.6815870779321896,0.0,0.0,5
FCGR2B,0.071103958026061,-0.6814362291952234,0.0,0.0,1
POLD2,0.07107207990876752,0.681146156798759,0.0,0.0,4
LRCH1,0.07104981628366443,-0.6809435707103717,0.0,0.0,5
ENTPD3,0.0710149416534712,0.594066438910378,0.0078510263313066,1.0,4
ZBTB20,0.07100668630183367,-0.6805511128662043,0.0,0.0,3
SLC26A10,0.07097379356244428,-0.6802518079965623,0.0,0.0,1
MTFR1,0.07094365059780262,0.6799775244838425,0.0,0.0,5
HIST1H2BK,0.0709301044642413,0.6798542625173725,0.0,0.0,4
RNASE6,0.07091135354024009,-0.6796836399736732,0.0,0.0,2
S100A14,0.07091093781040557,0.6796798570730624,0.0,0.0,2
BRCC3,0.07089363833134456,0.6795224418373189,0.0,0.0,4
FAM129A,0.07085576013596395,-0.4757726953335253,0.0184489652927907,-2.0,3
KIAA0355,0.0708534065032203,-0.6791563555126245,0.0,0.0,4
C4BPB,0.0708410424974581,0.6790438502241747,0.0,0.0,2
ANXA13,0.07081368540671078,0.6787949165496947,0.0,0.0,2
KDM5B,0.07078169965107836,0.6785038647067141,0.0,0.0,5
ITGAV,0.07077739188774666,0.526434065192521,0.0137892688379227,1.0,5
LRRC8E,0.07076769840027555,0.6783764614370518,0.0,0.0,4
PART1,0.0707477391709175,0.3495688512915685,0.0298065792027126,2.0,2
SLC6A15,0.07072618002616977,0.6779986682893795,0.0,0.0,2
CRY1,0.07068119439827929,-0.6775893251412721,0.0,0.0,5
PPFIBP2,0.07067537936639769,0.6775364117205113,0.0,0.0,3
TSKU,0.07065275758582928,0.677330566624913,0.0,0.0,4
OBFC1,0.07060615783262385,-0.6769065358717006,0.0,0.0,3
CHKB,0.07060407950151933,-0.6768876242628817,0.0,0.0,2
DDX39A,0.07059086272332327,0.6767673592393995,0.0,0.0,4
RGS5,0.07057884864071015,-0.6766580380488529,0.0,0.0,4
ERBB2,0.07053956366382341,0.6763005675217928,0.0,0.0,5
MET,0.07053926395514165,0.6762978403464468,0.0,0.0,4
AIF1,0.07050126004116958,-0.611763711136634,0.0058219196155288,-1.0,3
GEMIN2,0.07050124963579228,0.6759519320667289,0.0,0.0,4
INPP5K,0.07049408984115015,-0.6758867820840333,0.0,0.0,5
MSH6,0.07044340343908556,0.6754255651940998,0.0,0.0,3
IDH1,0.07043069716705304,0.675309945480907,0.0,0.0,6
CCL15,0.0704287747155902,-0.6752924522865071,0.0,0.0,4
GPR176,0.0703950826493459,0.598191946651645,0.0069652563359232,1.0,1
MLEC,0.07038443574004548,0.6733923417883455,0.0001357472105391,1.0,5
PRSS12,0.07035943482806789,-0.6746614994871623,0.0,0.0,3
GOT1,0.07032321816762649,0.6743319488619023,0.0,0.0,4
IL15,0.07031445474729373,-0.6742522068145993,0.0,0.0,4
CD163,0.07020406598312692,-0.6732477330224422,0.0,0.0,4
PRKCDBP,0.07019890067313252,-0.6732007316943912,0.0,0.0,4
HAMP,0.07019150564323504,0.6356507581046016,0.0033997023588093,3.0,4
CTPS2,0.07015076585107845,0.4636444658418267,0.0189671551307129,5.0,5
CHGA,0.07014206688999108,0.672683577198591,0.0,0.0,1
GPR56,0.07006762925360838,0.672006237838368,0.0,0.0,5
ACADSB,0.07004018408903705,-0.6325880496653348,0.0035526027300412,-1.0,2
HOXA3,0.06993527675491398,-0.6708019067882973,0.0,0.0,2
SPON1,0.06992159312109775,-0.6706773936491782,0.0,0.0,4
PLXNA2,0.06989709452409659,-0.6704544706115121,0.0,0.0,4
CYP7B1,0.0698644658986419,0.6701575690256422,0.0,0.0,3
TRIM52,0.0698507708837904,-0.6700329523256965,0.0,0.0,2
CBR1,0.06984736420852104,0.6700019535546505,0.0,0.0,4
HOPX,0.06983225542358114,-0.6698644723660712,0.0,0.0,2
CNGA3,0.06981531085181553,0.6697102865810743,0.0,0.0,3
CISD1,0.06978670674266511,0.6694500057616771,0.0,0.0,6
GPR20,0.0697672731060551,-0.6692731709288171,0.0,0.0,4
DUSP4,0.06975990476973215,0.6692061233376599,0.0,0.0,1
CASP4,0.06975294057098021,-0.6691427531642323,0.0,0.0,3
TAF10,0.06974041096900133,0.5128385683684691,0.0141665445086229,-2.0,2
HPS5,0.06973348243050408,-0.6689656953603887,0.0,0.0,4
LGR5,0.06968478873294662,0.53029168956502,0.0125376293935043,2.0,2
SLC35B1,0.06967870229844851,0.6460100556581085,0.0020368793032358,1.0,5
UTS2,0.06966839024649461,0.6480732859559302,0.0018412322751467,1.0,1
HOXD11,0.06963275112164202,0.6680490988157557,0.0,0.0,2
HSDL2,0.06960163486104015,-0.6677659588737479,0.0,0.0,5
TNNI2,0.06957285474091858,-0.6675040764564978,0.0,0.0,4
MYO15B,0.0695585195211074,-0.6673736342623685,0.0,0.0,4
GZMA,0.06955109626758303,-0.6673060869564986,0.0,0.0,4
GMPPA,0.06954814363664986,0.6672792197258284,0.0,0.0,4
PTPRC,0.0695396105825094,-0.6672015738773959,0.0,0.0,4
IFIT5,0.0695313164009193,-0.6671261016307634,0.0,0.0,3
SNAPC1,0.06952942641651556,0.6671089038677893,0.0,0.0,2
IGF2BP2,0.06948263846001454,0.6666831605736363,0.0,0.0,2
KCNK13,0.06945668518466142,0.666447000805841,0.0,0.0,1
PLEKHG6,0.06945254410731024,0.6664093194013796,0.0,0.0,4
VIP,0.06943008105609072,-0.6662049186508848,0.0,0.0,4
EIF4G1,0.06941947178489594,0.6661083804302653,0.0,0.0,3
RAB6B,0.06941360038567998,0.6660549540994224,0.0,0.0,3
VPS37B,0.0694064494358962,-0.665989884599813,0.0,0.0,5
TMEM62,0.06939951074044252,0.6659267464916225,0.0,0.0,2
MAP1LC3C,0.06938364854998727,-0.6657824097493936,0.0,0.0,4
PSMD2,0.06937308712256474,0.6656863068793798,0.0,0.0,4
E2F5,0.0693587790131512,0.6655561113741607,0.0,0.0,3
BSPRY,0.06933856207476656,0.6653721489490145,0.0,0.0,2
PRG2,0.06933703126852513,0.6653582194992014,0.0,0.0,1
FAM69A,0.06933220940739766,0.6653143433568375,0.0,0.0,5
CKAP4,0.06932991729481229,0.6652934864604128,0.0,0.0,5
OLFML2B,0.06931035512161483,0.665115482019084,0.0,0.0,3
TDGF1,0.06930717417305207,-0.6650865372302768,0.0,0.0,1
PSMB5,0.06928435582043517,0.6648789034429355,0.0,0.0,5
FKBP5,0.06921706342107115,-0.6642665815994698,0.0,0.0,3
PTGIR,0.06920669455478087,-0.6641722309241853,0.0,0.0,5
FAM57A,0.0691909653787854,0.6640291045364688,0.0,0.0,4
DLG3,0.06918698041387779,0.6278137614483373,0.0032814649584781,1.0,5
MSX1,0.06918690783309477,-0.6639921832217184,0.0,0.0,5
PVRL3,0.06918550870436214,-0.6639794519609384,0.0,0.0,3
PBLD,0.06916294229241672,0.6637741106877275,0.0,0.0,2
SERPINB9,0.0691243488035579,-0.6634229323010575,0.0,0.0,4
IL32,0.06908048937683374,-0.6630238369310172,0.0,0.0,3
TACR1,0.06907513005190519,-0.6629750701794821,0.0,0.0,1
MPP1,0.06901779660441548,-0.6624533690276294,0.0,0.0,4
GPR19,0.0690169098935137,0.6624453004722036,0.0,0.0,4
ARL4C,0.06899575733883913,0.5510919095652999,0.0100823631972111,1.0,3
KIF21B,0.0689716493427031,-0.6620334556848199,0.0,0.0,4
VAT1,0.06896631814848773,-0.6619849449064752,0.0,0.0,5
RRAGD,0.06892932376819105,-0.6616483174811608,0.0,0.0,2
SQLE,0.0689276399970648,0.6616329961395273,0.0,0.0,2
ART3,0.06891999958291677,-0.6615634727978099,0.0,0.0,1
MOCS1,0.06890561532776242,-0.6614325844104699,0.0,0.0,6
CRYBA4,0.06885677582374515,0.6609881732226324,0.0,0.0,1
ASCL1,0.0688311412932766,0.5800760308020333,0.0073176242012593,2.0,3
LSM5,0.06881819131266127,0.6606370765285124,0.0,0.0,5
AACS,0.06879066675824826,0.6603866190317069,0.0,0.0,4
RECK,0.06874337153119205,-0.6599562598694257,0.0,0.0,5
SGK1,0.06874041037565536,-0.6599293150698027,0.0,0.0,4
HTRA1,0.06872574037307201,0.4872343018804201,0.0156514361803121,1.0,2
MPZL1,0.06871781874477943,0.6597237443189367,0.0,0.0,6
KDELC1,0.06867482011320067,0.659332481685955,0.0,0.0,3
UBE2D3,0.0686712563632901,-0.3885981886141968,0.0245528252739706,-1.0,3
ETNK2,0.06863248518048286,0.658947258328046,0.0,0.0,4
ETV1,0.06862846491321384,-0.6589106762253322,0.0,0.0,3
LIMK1,0.06862661071351095,0.6588938040824014,0.0,0.0,4
ADK,0.06861239669908856,0.658764464787081,0.0,0.0,4
GMCL1,0.06860425617439009,0.65869039072913,0.0,0.0,3
NPTX1,0.06859894550507725,0.6586420667155058,0.0,0.0,4
KRT81,0.06859891167710538,0.6586417589005625,0.0,0.0,3
HIST3H2A,0.06859000993099511,0.6036927012500662,0.004976566432546,3.0,4
C12orf49,0.06858613581600868,-0.658525505967207,0.0,0.0,5
CEP85,0.06857357781769499,0.6584112354589423,0.0,0.0,4
RAC3,0.0685691786248082,0.5649821748178919,0.0084704423780752,1.0,3
EIF2AK1,0.06846210712362434,0.6360487684388072,0.0019362901505332,1.0,5
DDX11,0.06836444920204536,0.6565082862304075,0.0,0.0,4
SLC39A7,0.06835877418060986,0.656456646823581,0.0,0.0,4
BATF3,0.06832899918723599,-0.6561857116361872,0.0,0.0,3
TMEM147,0.06832489128764169,0.4682522445509026,0.0170422904466565,3.0,4
AUTS2,0.06832245951312053,0.6561262043909725,0.0,0.0,3
RYR2,0.0683149440434513,-0.6560578179716166,0.0,0.0,4
BET1,0.06828183405492647,0.655756536260721,0.0,0.0,4
ABHD5,0.0682720420334263,-0.6556674345387894,0.0,0.0,4
TTN,0.06825976943120621,-0.6555557609696115,0.0,0.0,5
KRT75,0.06822276984814615,0.6552190862021651,0.0,0.0,4
FLT4,0.06818116679570538,-0.6548405225307089,0.0,0.0,5
HLA-DOB,0.0681798145406266,0.6548282177930194,0.0,0.0,2
INTS8,0.0681615909657306,0.6546623938206195,0.0,0.0,5
MATK,0.06814407974277448,-0.3416314427821012,0.0283776469363594,4.0,3
TRAK2,0.06814391214344534,-0.6545015267813354,0.0,0.0,5
NCAPD3,0.06810224552122236,0.654122384661695,0.0,0.0,4
ANO1,0.068077516759166,-0.651447615292708,0.0002221940063158,1.0,2
HTR3A,0.0679999271472579,0.6531913467442116,0.0,0.0,4
TGFB1I1,0.06797982274357972,-0.653008408319689,0.0,0.0,4
MYOT,0.06796684230322694,-0.6528902938336412,0.0,0.0,3
DUS4L,0.06792948274697659,0.6525503435187396,0.0,0.0,4
TLR7,0.067887030236849,-0.6521640502745285,0.0,0.0,2
TMPO,0.06786677011217511,0.6519796948791733,0.0,0.0,3
MARCH2,0.06786422461177793,-0.6519565323004798,0.0,0.0,3
IL2RA,0.06786396815627205,0.6519541987039724,0.0,0.0,4
MCM3,0.06785233759078933,0.6518483672970938,0.0,0.0,4
CRISPLD2,0.06780296443618157,-0.6513991001980921,0.0,0.0,4
ADIPOR2,0.06777505584324217,-0.6387720525232587,0.0011222473682534,-1.0,4
LY75,0.0677750180718893,-0.6511448044757916,0.0,0.0,1
CFLAR,0.0677613051070207,-0.6510200244410911,0.0,0.0,4
CALU,0.06775930630057608,0.651001836460599,0.0,0.0,4
ARSD,0.06773145793934204,0.6507484325093431,0.0,0.0,2
GRB7,0.06772004380830851,0.6506445705305451,0.0,0.0,4
LRRC8D,0.06770792099740595,0.6505342599755642,0.0,0.0,4
DIRAS3,0.06770749470337818,-0.650530380946916,0.0,0.0,4
ZNF536,0.06770132855477266,-0.6504742725674125,0.0,0.0,2
FBL,0.06766442054973437,0.6501384311069017,0.0,0.0,3
IL18,0.06763406896477324,-0.6498622492701541,0.0,0.0,2
DNAJB1,0.06757640322330681,-0.649337524435652,0.0,0.0,3
TPRKB,0.0675709102682548,0.6492875417274218,0.0,0.0,2
APLNR,0.06755675276125633,-0.6491587166169173,0.0,0.0,2
CES3,0.06754937396341505,0.6490915738320049,0.0,0.0,2
LOC100129518,0.06753624330362984,-0.6489720924361624,0.0,0.0,1
CKAP5,0.06752845573648429,0.6489012300874315,0.0,0.0,5
CHST15,0.06752480621995602,0.6488680216016371,0.0,0.0,2
PRSS22,0.06747634815375626,0.648427081276925,0.0,0.0,5
POP7,0.06747564446152379,0.6484206780853449,0.0,0.0,4
PTPRG,0.06745724011039927,-0.6482532091540114,0.0,0.0,4
RFC2,0.06744907664431675,0.6481789263427584,0.0,0.0,4
CCT2,0.0674166078502843,0.647883479130221,0.0,0.0,3
GK2,0.06741400007227832,-0.6478597498613725,0.0,0.0,1
HERC2P2,0.06739582232071174,-0.6476943428547193,0.0,0.0,4
ALG6,0.06739568234527243,0.609106224423757,0.0034998504964957,1.0,5
CDH2,0.06737810501144754,0.6475331256062271,0.0,0.0,2
MTIF2,0.06732198264600679,0.6470224445992914,0.0,0.0,4
HIST1H2AD,0.06731259225011021,0.6469369974376415,0.0,0.0,4
CCT5,0.06730780948311911,0.6468934770292664,0.0,0.0,4
MRPS34,0.06728181844272443,0.6466569736214749,0.0,0.0,5
PRKCH,0.06726211581330344,-0.6464776911098954,0.0,0.0,4
LSP1,0.06721240407601195,-0.6460253431046542,0.0,0.0,2
PHF11,0.0671775939471263,-0.6457085911015753,0.0,0.0,3
SMA4,0.067173127158133,-0.6436663306433059,0.0001815477329793,-1.0,5
NDUFA1,0.06716702823942208,0.3016785314839669,0.0311950174009106,5.0,3
SYT2,0.06716161665118435,0.6455632069661122,0.0,0.0,3
SSFA2,0.067158480058824,-0.645534665793046,0.0,0.0,5
SAP18,0.06712764435595477,-0.6452540787638437,0.0,0.0,5
DIXDC1,0.06711149845823809,-0.6451071604499223,0.0,0.0,5
LIMD2,0.0670912531434862,0.644922939816276,0.0,0.0,2
PDCD1LG2,0.06708258131289287,-0.6448440311825325,0.0,0.0,2
LSG1,0.06708068329102441,0.6448267602832867,0.0,0.0,3
ATXN7,0.06707675557137129,-0.6447910203102533,0.0,0.0,4
HHIPL2,0.0670612298680621,0.6149884964543416,0.0026902934816733,1.0,4
EIF6,0.06705341345139468,0.6445786205434214,0.0,0.0,4
AGPAT4,0.06703458938644964,-0.644407332459513,0.0,0.0,4
PPP1R9A,0.06697721179525482,-0.6438852296255215,0.0,0.0,2
LAMC2,0.06695773558320588,0.6437080073808366,0.0,0.0,1
SPINK2,0.06691809121155652,0.643347266569678,0.0,0.0,4
SUV39H2,0.06690448349327566,0.6432234442179436,0.0,0.0,4
GPR27,0.06690158202263888,-0.6431970425163271,0.0,0.0,1
EXPH5,0.06689588791238969,-0.6431452294123565,0.0,0.0,2
ENOSF1,0.06685398031623599,-0.6427638945695723,0.0,0.0,2
STMN1,0.0668536298281152,0.4223501237495005,0.0199913750052999,6.0,4
RPAP3,0.06683638622243708,0.6426037985104204,0.0,0.0,4
NFIB,0.06677148362807851,-0.6420132225077968,0.0,0.0,5
RSRC1,0.06676392976084859,0.6419444866928871,0.0,0.0,4
CANT1,0.06672168062868479,0.6415600440703046,0.0,0.0,5
LSM12,0.06670345008675356,0.6413941567019211,0.0,0.0,4
CAPN9,0.06670135478841746,-0.6413750907011261,0.0,0.0,3
PRRG4,0.06669352019290839,0.6413038004215365,0.0,0.0,2
GDE1,0.06668154816946559,0.6411948619450696,0.0,0.0,2
RAD21,0.06667122676139127,0.6411009431120519,0.0,0.0,2
AIMP2,0.06666620521919364,0.6410552499876493,0.0,0.0,5
HDAC1,0.06666257260231594,0.641022195278883,0.0,0.0,4
NR1H3,0.0666165392140635,-0.6406033181185782,0.0,0.0,1
HSPE1,0.06660146558664153,0.6404661568430408,0.0,0.0,4
TMED3,0.06657409024070307,0.6402170570568989,0.0,0.0,5
SCARF1,0.06649805788967623,-0.6395252067174284,0.0,0.0,4
HDGF,0.0664920749772442,0.6394707656809324,0.0,0.0,4
TLR5,0.06647657346749349,-0.6346890419420614,0.0004209115244395,-1.0,2
SMC5,0.06647507576686498,-0.1987708178427916,0.0399577258664734,-6.0,4
GOT2,0.06641876265775042,0.6388036660523645,0.0,0.0,6
DPAGT1,0.0664134193266248,0.5634022239056323,0.0068345470988844,4.0,4
TDG,0.06640183249149076,0.638649611349125,0.0,0.0,2
PPM1D,0.06639839906211324,-0.6386183691311967,0.0,0.0,5
MARCKS,0.06638512033424822,0.638497540401622,0.0,0.0,2
REPS2,0.06637876469427272,-0.6384397077604472,0.0,0.0,3
FES,0.06635632886034334,-0.6144633080922873,0.0021561573526757,-2.0,4
CPD,0.06634953159766004,0.638173703519593,0.0,0.0,4
DNAJC22,0.0663453510852472,0.6381356632789201,0.0,0.0,4
ATP8A1,0.06634345840506464,-0.5816981360247652,0.0051173562825342,-1.0,4
CD151,0.06631076434127874,-0.6378209439491533,0.0,0.0,2
PGK1,0.06622056965258898,0.6370002245429307,0.0,0.0,5
BARD1,0.06621748884993924,0.6369721910239052,0.0,0.0,4
CAMK1,0.06618104075257115,-0.6366405344567123,0.0,0.0,2
PEG3,0.06616216684789632,-0.636468792860141,0.0,0.0,4
ZAK,0.06615739723278966,-0.6364253921262939,0.0,0.0,5
ZNF239,0.06615021400398893,0.6363600289063335,0.0,0.0,4
COASY,0.06614249960597186,0.6362898323542758,0.0,0.0,4
DENND4A,0.06610011618846316,-0.6359041678128629,0.0,0.0,3
CHPT1,0.06608421849304232,-0.6357595079960194,0.0,0.0,4
PDZRN4,0.06607317374353264,-0.6356590071750604,0.0,0.0,3
FAM83E,0.06600454837109866,0.635034556049013,0.0,0.0,2
RASSF1,0.06595439133932349,-0.634578156121984,0.0,0.0,4
ATXN3L,0.06593521441194479,0.6344036571943859,0.0,0.0,1
GSPT2,0.06589513186896813,-0.6340389292780354,0.0,0.0,1
DYSF,0.06584974717956764,-0.6336259549014123,0.0,0.0,4
RAB3B,0.06584515419029507,0.6335841613603144,0.0,0.0,4
ELL3,0.06581177918965422,0.5358986952988696,0.0088325865602064,2.0,4
PLAGL2,0.06579314051678468,0.6331108670692753,0.0,0.0,1
FUT9,0.06577585213503319,0.5892349257808964,0.0039653062998965,1.0,3
HIST1H2AJ,0.06576593592214904,0.6328633210210519,0.0,0.0,4
RARA,0.065742954524877,-0.2711323600064452,0.0327902530653141,-5.0,3
YEATS4,0.06574205231234836,0.6326459940105725,0.0,0.0,5
MITF,0.06571312085380171,-0.6323827345013432,0.0,0.0,4
HOXC13,0.06569865931521254,0.6322511428795262,0.0,0.0,4
E2F3,0.06567815808715388,0.6320645935830702,0.0,0.0,5
TLR1,0.06564427258383225,-0.6317562551368748,0.0,0.0,3
TDRKH,0.06557892128085632,0.6311615961458253,0.0,0.0,3
SMURF2,0.06557294216262582,-0.6311071896343649,0.0,0.0,3
HEYL,0.06556912194273358,-0.6310724278468677,0.0,0.0,4
CLDN7,0.06556237834495128,0.6310110650144427,0.0,0.0,2
DHX9,0.06555644478515223,0.6309570730583108,0.0,0.0,2
YIF1A,0.06553136009936696,0.6307288169523024,0.0,0.0,5
CLK1,0.06552890832472362,-0.6307065072236621,0.0,0.0,4
FOXO1,0.06551452487566328,-0.6305756261713106,0.0,0.0,5
DCHS1,0.06547325191549498,-0.630200066148271,0.0,0.0,4
CSNK2A1,0.06545797236442735,0.630061031086875,0.0,0.0,3
CASK,0.06545383772785064,0.6300234082897294,0.0,0.0,5
C3orf62,0.06544862366214564,-0.3506514679912512,0.0253349031343303,-5.0,4
OPTN,0.06544261891314869,-0.6299213235763781,0.0,0.0,5
HMGA2,0.0654262274759986,0.4597609042640396,0.015420126220707,3.0,4
PON1,0.06540422142385299,0.5640395063949883,0.0059438309147865,3.0,2
KIF22,0.06539697127799586,0.6295059565457655,0.0,0.0,4
ARG2,0.06535800221028587,0.6291513606091688,0.0,0.0,4
APOO,0.06532783753206921,0.6288768795154979,0.0,0.0,4
HIST1H1D,0.06530794647659165,0.628695882435982,0.0,0.0,4
MCTP1,0.06530004594214647,-0.6286239921502803,0.0,0.0,3
SYN2,0.06529677787258849,-0.6285942546108965,0.0,0.0,3
HIST1H2AC,0.06527993974876543,0.6284410374404986,0.0,0.0,3
NEDD4,0.06525656599679829,-0.6282283498408812,0.0,0.0,4
SLC25A13,0.06523092223218357,0.6279950064414678,0.0,0.0,5
PTPLAD1,0.0651948374233049,0.6276666555890309,0.0,0.0,4
ARPC1A,0.06519400974135711,0.6276591241628837,0.0,0.0,2
SLC1A7,0.06518455996718919,0.6275731366933698,0.0,0.0,3
DEFB4A,0.06515228942662846,0.6272794934725523,0.0,0.0,1
CWC25,0.06511695714444085,-0.4135223535310032,0.0193587432194654,-4.0,4
MORC2,0.06504160807305688,0.6262723572863449,0.0,0.0,5
DNMT1,0.06501833416603515,0.6260605782178783,0.0,0.0,4
RBM28,0.06497686261626065,0.6256832111444895,0.0,0.0,5
PKD2,0.06495840853785848,-0.6255152897237426,0.0,0.0,4
EFHD1,0.0649047259440031,-0.6250268092245745,0.0,0.0,2
IL1A,0.06490255275722676,-0.6250070344841037,0.0,0.0,2
NUPL1,0.06488797856581147,-0.5654859370965009,0.0053865716426049,-3.0,2
SYT13,0.06487362092716205,0.6247437715942753,0.0,0.0,4
CYTIP,0.06481888114306422,-0.6242456712764611,0.0,0.0,3
GAS7,0.06481284751558744,-0.6241907687624434,0.0,0.0,4
CREB3L1,0.06480926620302592,0.6241581808932275,0.0,0.0,2
IQGAP2,0.06480101717079469,-0.6240831194796003,0.0,0.0,2
PSMD14,0.06478055731946815,0.623896946687432,0.0,0.0,4
UQCRH,0.06469955712588704,0.6231598918591985,0.0,0.0,4
TBX21,0.06468201756739811,-0.6230002920397684,0.0,0.0,5
CFTR,0.06465781731009436,-0.6227800837204838,0.0,0.0,4
PDZRN3,0.06462994331416011,-0.6225264465083095,0.0,0.0,4
SEC24D,0.06459791654450807,0.6222350214615147,0.0,0.0,4
VNN1,0.06458466412277053,0.6221144321024576,0.0,0.0,1
FBN2,0.06456499918751381,0.6219354925859323,0.0,0.0,2
DGKA,0.06452027330403723,0.6215285129614896,0.0,0.0,4
LPXN,0.0645171585302876,-0.6215001703251387,0.0,0.0,3
RASSF4,0.06451074534664815,0.6214418140699642,0.0,0.0,1
VARS,0.06449899228029661,0.6213348679761592,0.0,0.0,5
SEC14L4,0.06449376930287379,-0.6212873419079235,0.0,0.0,4
LDB3,0.06449360734478633,-0.6212858681831698,0.0,0.0,5
IARS,0.06444297177311124,0.6208251138203286,0.0,0.0,5
RAB15,0.06442765937434249,0.620685779863885,0.0,0.0,4
ADRA1D,0.06439037106399226,-0.6203464778453931,0.0,0.0,1
CSF2RA,0.06434952380505372,-0.6199747914568834,0.0,0.0,2
DYNC1I1,0.06434908843988041,0.6199708298860667,0.0,0.0,2
PLK2,0.06433842306455954,-0.6198737811504079,0.0,0.0,3
DHCR7,0.06433824950446018,0.6198722018540683,0.0,0.0,4
HEATR2,0.06432481989796177,0.6197500002163523,0.0,0.0,5
MAPK11,0.06430488842899691,-0.6195686353975186,0.0,0.0,2
IRS2,0.06430239188531339,-0.6195459182965527,0.0,0.0,3
SPINK4,0.06429374818688652,0.6194672656492237,0.0,0.0,2
PVRL1,0.06427000998262229,0.6192512617448747,0.0,0.0,5
SNRPD1,0.06425693377502835,0.6191322758324219,0.0,0.0,3
RHOBTB1,0.06425003546378241,-0.6190695051971223,0.0,0.0,4
IFI27,0.06421380216409575,-0.6187398031643717,0.0,0.0,2
HPRT1,0.06421180950362544,0.6187216711086847,0.0,0.0,5
ARHGAP25,0.06420336079030795,-0.6186447927128722,0.0,0.0,5
ADH1C,0.06416485211462034,-0.6182943860769176,0.0,0.0,1
OPLAH,0.06415604851202734,0.618214278394329,0.0,0.0,4
VDR,0.06414613685501458,0.5345997718929001,0.0075757067312725,1.0,4
HMBOX1,0.06414577142541888,-0.6181207628609697,0.0,0.0,4
SFXN3,0.06413918310997513,-0.6180608130078514,0.0,0.0,2
PLA2G4C,0.06413262059645895,-0.6180010979373238,0.0,0.0,4
SEC31B,0.0641228665638519,-0.6179123418923079,0.0,0.0,3
SOX15,0.06407601910840378,0.6174860571922114,0.0,0.0,3
C1orf21,0.06404520986064137,-0.6172057108891523,0.0,0.0,4
MUC13,0.06398644661082742,0.616670999364609,0.0,0.0,4
MCM6,0.0639793884820573,0.6166067744824413,0.0,0.0,4
RFWD3,0.06397463033997858,0.6165634781465007,0.0,0.0,4
SMC4,0.06395908491699402,0.6164220238047129,0.0,0.0,4
KREMEN2,0.06393155821498775,0.616171546766053,0.0,0.0,3
EPHA2,0.06392277531860947,-0.6160916274980207,0.0,0.0,1
MYO9A,0.06392188992810997,-0.6160835709574907,0.0,0.0,4
PTN,0.06391340671486664,-0.6160063786323431,0.0,0.0,3
PTH2R,0.06390260324838858,0.6159080733471669,0.0,0.0,2
CHODL,0.06390217304064566,0.6159041587059785,0.0,0.0,3
TCF7L1,0.0638937521267755,-0.6158275332690292,0.0,0.0,3
MEN1,0.06383328829737793,0.6152773474556292,0.0,0.0,5
NCBP2,0.06382937986644431,0.6152417829987671,0.0,0.0,4
TSPYL2,0.06382026365253993,-0.6151588307343789,0.0,0.0,3
MAST3,0.06380054463272122,-0.6149793990796774,0.0,0.0,5
SPTAN1,0.06379498490592327,-0.6149288087872481,0.0,0.0,6
GBP1,0.0637830838053182,-0.6148205156675104,0.0,0.0,2
EPHX2,0.06376471376515319,-0.6146533589460279,0.0,0.0,3
AKAP13,0.0637488635200199,-0.6145091308993076,0.0,0.0,4
APOL1,0.06371114892135979,-0.6141659499041969,0.0,0.0,2
DROSHA,0.06370123729311697,0.6140757598302101,0.0,0.0,4
IL12B,0.0636881586074312,0.6139567513685575,0.0,0.0,1
NUPL2,0.06367501358486888,0.6138371392797655,0.0,0.0,5
XCL1,0.06365836125553842,-0.6136856127315967,0.0,0.0,3
EFCAB11,0.06364709787026934,0.6135831224519097,0.0,0.0,5
ICOS,0.06363252926743204,-0.5571110222505669,0.0051100303391633,1.0,2
PEX11B,0.06361028559573838,0.6132481520835471,0.0,0.0,2
GABRB2,0.06358650929289489,-0.6130318015042021,0.0,0.0,3
NUDT21,0.06358377872067324,0.6130069548791407,0.0,0.0,3
ZFYVE26,0.06356844838842934,-0.6128674577384645,0.0,0.0,2
ADCY7,0.06355083294875274,-0.4405239330434719,0.0156171250211113,-1.0,4
SFRP1,0.06354309930559254,-0.6126367957724849,0.0,0.0,3
LDOC1,0.06352385974795396,0.6124617269458111,0.0,0.0,3
UST,0.06352034079300957,-0.6124297064947796,0.0,0.0,3
ZNF117,0.06350309727404023,0.6122728004634457,0.0,0.0,2
IRX4,0.0635002988357964,0.6122473362969056,0.0,0.0,2
MSH5,0.06347571039676679,0.6120235957488371,0.0,0.0,4
GPS1,0.06347397517784367,0.5806560191944949,0.0028436263261843,1.0,5
MMP8,0.06346117248443436,0.5216335162144317,0.0081864372081632,-1.0,1
PSMD3,0.0634492899636854,0.6117831851163964,0.0,0.0,5
SIT1,0.0634485887447508,0.4015888075725427,0.0190641802977552,1.0,3
TMEM231,0.063443648963902,-0.611731855286891,0.0,0.0,3
RCAN1,0.06344010543222954,-0.6116996112018744,0.0,0.0,4
ARHGAP28,0.06342430865171053,-0.6115558696521655,0.0,0.0,2
STX2,0.06340143606695121,-0.6113477423837514,0.0,0.0,5
GPR39,0.06338826804748003,0.6112279210364138,0.0,0.0,2
RAC2,0.06338528646127069,-0.6112007903295076,0.0,0.0,3
RNASE2,0.06338191237140393,0.6111700880667446,0.0,0.0,1
FBXL5,0.06338140527012105,-0.6111654737388963,0.0,0.0,5
SDCBP,0.06337166650119452,-0.6110768565845291,0.0,0.0,4
RANGAP1,0.06336169563782125,0.6109861275051774,0.0,0.0,4
FAM173A,0.06336044189183347,0.6109747191431376,0.0,0.0,2
RPS27L,0.06335423591617571,-0.6109182483605354,0.0,0.0,2
TFEC,0.06334886557441732,-0.6108693813622322,0.0,0.0,5
CEP68,0.0633487764286022,-0.6108685701869678,0.0,0.0,1
DHRS2,0.06332886976566621,0.6106874310886236,0.0,0.0,3
MAN1A1,0.06331459917540236,-0.6105575769859272,0.0,0.0,4
THBS4,0.0633122366686362,0.6105360795432452,0.0,0.0,3
TNFRSF11A,0.06329595314667143,0.5128024151721772,0.0088510641674388,1.0,4
RFTN1,0.06329370317625653,-0.6103674355013172,0.0,0.0,5
NFKBIA,0.06328433980713757,-0.6102822342676838,0.0,0.0,4
LAPTM5,0.06327951220942661,-0.610238305925734,0.0,0.0,4
MMACHC,0.06324812131762865,0.6099526669989693,0.0,0.0,4
HCLS1,0.06322582462049561,-0.6097497799742722,0.0,0.0,4
CRELD2,0.0632164232723583,0.6096642331535775,0.0,0.0,5
SDHC,0.06320824466410449,0.3629150438282259,0.0223735528967397,3.0,4
PAXIP1,0.06312846472266426,0.6088638613165461,0.0,0.0,5
KIAA0754,0.0631085514085124,-0.6086826616959915,0.0,0.0,4
TMEM159,0.06309108506808692,0.599728867293818,0.0007976992738033,1.0,4
NFKBIE,0.06308843918913122,0.6084996521531001,0.0,0.0,2
USP2,0.06308169889422943,-0.6084383193749741,0.0,0.0,1
GLI2,0.06307245444441481,0.6083542002381055,0.0,0.0,1
KIR2DL2,0.0630685629896249,-0.6083187902543148,0.0,0.0,2
HEXB,0.06297300680433733,-0.6074492843356252,0.0,0.0,2
ZFAND6,0.06296589526714672,-0.607384573467777,0.0,0.0,1
CREM,0.0629652197591003,-0.6073784267359593,0.0,0.0,4
SLN,0.06294835002389275,-0.5942416158854458,0.0011775938246197,-2.0,4
MYO1C,0.06293245966968872,-0.6070803289042549,0.0,0.0,4
KCNN2,0.06292554929374453,-0.6070174484871917,0.0,0.0,2
FILIP1L,0.06290250474949806,-0.606807756487082,0.0,0.0,4
ITGB2,0.06281493557785162,-0.6060109277646692,0.0,0.0,2
CTTN,0.06281090863845314,0.6059742849494434,0.0,0.0,4
AP1S2,0.06281015516397272,-0.6059674287682518,0.0,0.0,4
POLR2D,0.06280868741082095,0.6059540730650204,0.0,0.0,5
MEOX1,0.0628064629084788,-0.605933831382634,0.0,0.0,3
C1QBP,0.06275272969476278,0.6054448902720645,0.0,0.0,3
CPZ,0.06273991948356306,0.6053283247726747,0.0,0.0,4
ACP6,0.06273935935968572,0.6053232279699395,0.0,0.0,5
TBC1D4,0.06271867133972667,-0.6051349789754215,0.0,0.0,4
CRCT1,0.06271746658712138,0.6051240164247744,0.0,0.0,2
CCDC86,0.06270930561034226,0.60504975626474,0.0,0.0,5
ISLR,0.0627037026188615,0.6049987722887659,0.0,0.0,3
CHSY1,0.06268156373326024,-0.6047973212575682,0.0,0.0,3
TNFSF11,0.06266396491740228,0.604637182230415,0.0,0.0,4
CORO1A,0.06262961377572261,-0.6043246067449629,0.0,0.0,3
CCND2,0.06262781541811545,-0.604308242732747,0.0,0.0,3
MEF2C,0.06257433488745269,-0.6038216008915518,0.0,0.0,4
PTGFR,0.06257427797871579,-0.6038210830550202,0.0,0.0,4
CEBPB,0.06256738567622103,-0.6037583670958747,0.0,0.0,4
GSS,0.062559486529061,0.6036864894336641,0.0,0.0,4
RGS19,0.06255735629971904,-0.6036671055809555,0.0,0.0,2
NONO,0.06253921474070098,0.6035020279055232,0.0,0.0,5
CCL24,0.06251465558240579,0.6032785537951719,0.0,0.0,1
PLXDC2,0.062466925712210686,-0.6028442396321689,0.0,0.0,4
C16orf58,0.062459289479229886,0.6027747543366507,0.0,0.0,3
LAIR1,0.062444510279948656,-0.6026402721865958,0.0,0.0,4
ASTN1,0.06243445751088659,-0.602548797812934,0.0,0.0,2
ENPEP,0.06243069906674387,-0.6025145981489632,0.0,0.0,3
AKR1A1,0.06239637743577576,0.5372185246858097,0.0058940674998442,1.0,4
EPS15,0.062384180362781004,-0.6020913048968964,0.0,0.0,5
DUS1L,0.062348209982784425,0.6017639952809839,0.0,0.0,5
DDIT3,0.062320094408295106,0.5825210023444024,0.0017221468367566,-1.0,1
AMIGO2,0.062314346471107875,-0.6014558569460162,0.0,0.0,2
TMEM97,0.06228766529738382,0.6012130737248063,0.0,0.0,3
ELOVL6,0.062282350473314096,0.6011647119053017,0.0,0.0,3
GNAI2,0.062279202755486505,-0.60113606949693,0.0,0.0,4
LAMA2,0.06226281865849929,-0.6009869837076648,0.0,0.0,4
NSUN5,0.062252048591514286,0.6008889823385231,0.0,0.0,4
NUPR1,0.062193605922729316,-0.6003571879155915,0.0,0.0,3
ITGB4,0.06218070146284418,0.6002397648077743,0.0,0.0,4
PTPN13,0.06213609997030872,-0.5998339170688209,0.0,0.0,3
IFIT2,0.062098400781510965,-0.5994908762945289,0.0,0.0,4
USP18,0.062089910337781835,0.59941361817615,0.0,0.0,4
ZNF146,0.06207318666414875,0.5992614424361659,0.0,0.0,4
ITM2C,0.06205305790946648,0.5990782824316155,0.0,0.0,4
C4orf46,0.062046311907134284,0.3616304677274805,0.0215310948734281,3.0,3
RASGRP2,0.062026965772024156,-0.5988408590992683,0.0,0.0,5
PTRH2,0.06201916673768702,0.5987698924057383,0.0,0.0,5
KIAA0319,0.06199811804666833,-0.5985783615135585,0.0,0.0,1
TIMM8B,0.061993298165371934,0.5985345033865102,0.0,0.0,4
MRPS35,0.061988107031652695,0.5984872670775261,0.0,0.0,5
SIK2,0.061979145631254215,-0.5984057235263391,0.0,0.0,5
EIF1,0.06197909660619705,-0.5984052774267251,0.0,0.0,5
HSF2BP,0.06197044146190815,0.5983265206286836,0.0,0.0,4
VOPP1,0.06196188569304601,0.4115671099973595,0.0169321318768753,2.0,4
P2RY2,0.06195540830101959,0.5981897275751531,0.0,0.0,2
IL11RA,0.061924473609390025,-0.597908239805588,0.0,0.0,5
AVEN,0.06191578016971205,0.5978291345416952,0.0,0.0,4
IL2RG,0.06191551210352214,-0.5978266952946907,0.0,0.0,1
PRKDC,0.061890298051483474,0.597597262030734,0.0,0.0,4
SUPT16H,0.06186150347549922,0.5973352480735097,0.0,0.0,2
LAMB1,0.06183933252283002,-0.5971335052505742,0.0,0.0,2
ERBB4,0.06182269070768336,-0.5969820743753859,0.0,0.0,4
H2AFJ,0.06180565785872377,-0.5968270853190737,0.0,0.0,5
PNMA2,0.06179031114743055,-0.5966874391385389,0.0,0.0,2
PDLIM4,0.06178664001211271,0.596654033934286,0.0,0.0,4
BTBD3,0.06175810773056127,-0.5963944067044208,0.0,0.0,5
B3GALT2,0.06174589266265926,-0.5962832566642007,0.0,0.0,4
CLEC4M,0.06174400266512358,-0.5252528574565175,0.0064409409377467,2.0,4
NR2F2,0.06169896814893118,-0.5958562707784057,0.0,0.0,5
GDAP1,0.06169875377952681,0.5958543201410366,0.0,0.0,2
CSPG5,0.06169364980427078,0.595807876923566,0.0,0.0,2
CAPG,0.06167839825642317,-0.5956690966752465,0.0,0.0,2
CD37,0.061664492416728604,-0.5955425615913857,0.0,0.0,3
SS18L2,0.06161879508692793,0.1888476769990391,0.0368497605438463,9.0,2
SYPL1,0.06159964854444955,0.5949525199256609,0.0,0.0,1
LCP2,0.061597525349274526,-0.5949332000797958,0.0,0.0,5
FRAS1,0.061584378490012415,-0.5948135712780999,0.0,0.0,4
DGKH,0.06155315490312693,-0.5945294547290985,0.0,0.0,2
RASL10A,0.061530363900779365,-0.5943220698133608,0.0,0.0,4
ARL6IP5,0.06152701929707413,-0.5942916358575826,0.0,0.0,3
BASP1,0.06152546698998472,0.594277510762511,0.0,0.0,3
FANCF,0.0615208978833387,0.5942359345394765,0.0,0.0,4
GPX7,0.061505947474879995,0.594099894485109,0.0,0.0,4
CDK16,0.06150093875525571,0.5940543180386941,0.0,0.0,4
PNMT,0.06150026574635553,-0.5940481940476592,0.0,0.0,2
CARM1,0.06149749183264416,0.5940229530401544,0.0,0.0,4
FOXN1,0.061490936140011686,0.5939633000357163,0.0,0.0,2
CCR7,0.061476135977264514,0.593828627130268,0.0,0.0,1
UCN,0.061470019982244876,0.5937729751193359,0.0,0.0,2
BMP6,0.061462196472069734,-0.5937017857098619,0.0,0.0,5
FRMD4A,0.06144692545303683,-0.5935628282850383,0.0,0.0,4
CLK4,0.06143395034835418,-0.5934447623504969,0.0,0.0,2
KLF5,0.06142514452549919,0.5005697910671,0.0084165492401182,2.0,3
MYO1B,0.061408647642640625,-0.5932145223894668,0.0,0.0,4
PRKCI,0.061398994131610096,0.5931266810325528,0.0,0.0,1
EHHADH,0.06137638002841189,0.592920905796575,0.0,0.0,2
GNG4,0.06134550162846646,0.5926399302487189,0.0,0.0,4
TCEAL1,0.06133720810157654,-0.5925644639594787,0.0,0.0,4
ZFYVE9,0.06133513551673039,-0.1712993523514465,0.03820729358195,-6.0,2
MYH2,0.06130454776457855,-0.5922672738169391,0.0,0.0,4
HLA-F,0.061281468955495216,-0.5920572700266677,0.0,0.0,2
BMPR1B,0.061278801274685206,-0.5920329956770116,0.0,0.0,1
TIMM17B,0.06125647026028941,0.4767818273241185,0.0104349213935017,1.0,4
TRAF4,0.06123576571580736,0.5916413970270049,0.0,0.0,4
CNN3,0.061212168986244514,-0.5914266804604649,0.0,0.0,3
DSCC1,0.0612091031799921,0.5913987833999658,0.0,0.0,3
UBE2M,0.06120371360986134,0.5913497414346154,0.0,0.0,2
GSTZ1,0.061202183400113755,0.5913358174125507,0.0,0.0,4
MNS1,0.06118919323853891,-0.5912176144690147,0.0,0.0,1
ASNS,0.06114555062493137,0.5908204919727091,0.0,0.0,4
RFX2,0.06114187270576862,-0.5907870250393981,0.0,0.0,4
TRAP1,0.061139641561705246,0.590766722921197,0.0,0.0,5
ZDHHC13,0.061126524844002626,0.5906473683902278,0.0,0.0,4
ZSCAN18,0.06110344327454889,-0.5904373394821851,0.0,0.0,4
MUC5AC,0.061086710925125576,0.5902850847975368,0.0,0.0,3
PPDPF,0.061078147984478234,0.5902071669992086,0.0,0.0,2
MYD88,0.06107150842636891,-0.5901467508675248,0.0,0.0,4
NUP107,0.061052117146248926,0.4831528343667434,0.0096884098138185,1.0,4
POU3F2,0.061051660244576304,0.5899661439137001,0.0,0.0,3
NIT2,0.06103048354235399,0.58977344819374,0.0,0.0,4
PAIP1,0.0609644148211193,0.5891722611122242,0.0,0.0,5
RAPGEF3,0.060961980730504316,-0.5891501122979953,0.0,0.0,4
FRAT1,0.06089831300578995,-0.5885707728936225,0.0,0.0,4
SMC6,0.060893705132700086,0.5885288439184112,0.0,0.0,3
DGKE,0.06089335224639426,-0.5885256328574985,0.0,0.0,4
FASTKD3,0.060866402799554804,0.588280408506382,0.0,0.0,4
METTL2A,0.06086034725296641,0.588225306541149,0.0,0.0,3
GPR182,0.06085703816910724,-0.588195195795389,0.0,0.0,4
PLD1,0.06081005546168853,0.5877676803807281,0.0,0.0,3
ARHGAP24,0.06080436432468555,-0.5877158943315752,0.0,0.0,4
ATP6V0D1,0.06079076693295326,-0.5875921659454495,0.0,0.0,2
RPN2,0.0607817667619726,0.5875102696044292,0.0,0.0,4
MRPL12,0.06078123148807258,0.587505398922089,0.0,0.0,5
GGCX,0.06076265813907352,0.5873363922080184,0.0,0.0,5
PPL,0.06073560363754196,-0.587047695219539,3.856290829144955e-06,-1.0,2
TMEM186,0.06072158389392977,0.5869626403765622,0.0,0.0,4
GABRR1,0.06072080158579182,0.448762313084638,0.0125342088356665,3.0,3
EGR4,0.06068361387893227,0.5866171352407753,0.0,0.0,2
FANCL,0.06067255470947204,0.5865165032066215,0.0,0.0,4
EFEMP2,0.06061855850850641,-0.5860251690644613,0.0,0.0,4
PBX1,0.06061830222069592,-0.5860228369938849,0.0,0.0,4
CWH43,0.060617567416759464,-0.5860161507038253,0.0,0.0,2
ULK2,0.06059468550244904,-0.585807938541902,0.0,0.0,4
NOLC1,0.0605898082906046,0.5857635587400851,0.0,0.0,2
KPNA5,0.06051443824677973,-0.5850777350123966,0.0,0.0,5
SPINT1,0.06049890135042759,0.5849363582580233,0.0,0.0,4
GAB1,0.0604546430106496,-0.5845336330103323,0.0,0.0,4
PRKG2,0.06044460661369357,-0.5844423076133491,0.0,0.0,3
ADCYAP1,0.060415246611537264,-0.5841751486055798,0.0,0.0,3
SNRPA,0.0604108490826024,0.5841351336403009,0.0,0.0,4
FANCE,0.06041000886519881,0.5841274881487692,0.0,0.0,4
ACAT2,0.06040326592117157,0.5840661312651365,0.0,0.0,1
GEM,0.06037668875891847,-0.5838242944880456,0.0,0.0,2
SPRY1,0.06036611123388589,-0.5837280451391078,0.0,0.0,3
SLCO3A1,0.060360761438883664,-0.5836793651043805,0.0,0.0,4
AGMAT,0.06035020534286453,0.5835833107470485,0.0,0.0,4
GPRC5C,0.060335075949365304,0.5834456420325203,0.0,0.0,2
DDAH2,0.060332027097386394,-0.5834178992460863,0.0,0.0,5
RPL26L1,0.06031087525437558,0.5832254297305469,0.0,0.0,5
ANKRD6,0.060302632937329466,-0.5253422201645682,0.0052432400538284,-2.0,3
AGA,0.06028714606198712,0.564187545782548,0.0017071635077935,1.0,4
DEFB1,0.06028373676362681,0.582978485189392,0.0,0.0,1
ADCY3,0.06028225978354943,-0.5829650455264836,0.0,0.0,2
VPS72,0.060278527060205825,0.5829310799068816,0.0,0.0,5
HSPA5,0.06027474883134369,0.582896700213428,0.0,0.0,4
PGAM1,0.06025148510674065,0.5413678563907593,0.0037474915313813,1.0,3
PCCB,0.060232412056565765,0.5825114600938391,0.0,0.0,5
PRR7,0.06023207438380269,0.5825083874673505,0.0,0.0,3
FNDC4,0.06021901260980211,0.5193769160196378,0.0057152830183018,1.0,4
PACRG,0.06021064167131741,-0.5823133622023355,0.0,0.0,5
SALL2,0.06018873170554711,0.5821139942089584,0.0,0.0,2
PKP2,0.060152238429768135,0.5817819265444037,0.0,0.0,2
PUM1,0.06012680166756104,0.2110374635525391,0.0336057567565962,8.0,4
GMPR,0.06012497807936034,-0.58153387315096,0.0,0.0,3
MX2,0.0601240454060508,0.5815253863642552,0.0,0.0,3
YEATS2,0.06011183435560309,0.5814142728805415,0.0,0.0,2
RHCE,0.060068056737307654,0.5810159219198008,0.0,0.0,4
SHANK2,0.060059923454917806,-0.580941913762662,0.0,0.0,4
KIF20B,0.06005081327684882,0.5808590164208787,0.0,0.0,4
RDX,0.060000443167653905,-0.5804006776127919,0.0,0.0,4
METAP1,0.05996764296423469,0.580102214766861,0.0,0.0,5
FOSL1,0.05996515456705569,-0.580079571794366,0.0,0.0,2
LILRA1,0.05995265371338439,-0.5799658212692361,0.0,0.0,4
PDCD6,0.059937878141749015,0.5798313721286565,0.0,0.0,5
SEH1L,0.05992964599753912,0.5797564643862381,0.0,0.0,2
ARID3B,0.059914523642949316,-0.5796188597217071,0.0,0.0,1
LIG1,0.05991255470091876,0.5796009434900788,0.0,0.0,4
ZNF302,0.05991038225843201,-0.579581175522212,0.0,0.0,1
DPY30,0.05986707022317229,0.579187061097327,0.0,0.0,4
FADD,0.05986268177324761,0.5791471287457801,0.0,0.0,4
KIF3C,0.05985251022051648,0.5790545735095558,0.0,0.0,3
CD59,0.05983572521442134,-0.5789018396797044,0.0,0.0,4
ZNF512B,0.0598194402525379,0.5787536559624424,0.0,0.0,5
AP2M1,0.059809157241263386,0.578660086518055,0.0,0.0,2
IARS2,0.059807652770124696,0.5786463967024177,0.0,0.0,4
SIDT2,0.05980465357312978,-0.5786191057475669,0.0,0.0,4
IL1RAP,0.059801466968233144,0.5785901094893989,0.0,0.0,2
AATK,0.05977048153272305,-0.5783081599799231,0.0,0.0,5
HEY2,0.05976571818085038,-0.5782648162378763,0.0,0.0,3
MEF2A,0.0597535563913244,-0.5781541510000074,0.0,0.0,5
LRBA,0.059743518465579036,0.5780628116919271,0.0,0.0,2
AMMECR1,0.05974341637024748,0.5780618826835663,0.0,0.0,4
SEC24A,0.059738123117674916,0.5780137171521869,0.0,0.0,5
IGFBP4,0.05968327029393967,-0.5775145882391699,0.0,0.0,2
NR3C1,0.05968184966758445,-0.5775016613624806,0.0,0.0,4
GLIPR1,0.05967907333042383,-0.5774763983029919,0.0,0.0,3
SDC2,0.05967207047816383,-0.5774126764050378,0.0,0.0,3
METTL8,0.05966653311666519,0.5773622896238734,0.0,0.0,3
LMAN1,0.05965501984214372,0.5772575254967811,0.0,0.0,3
TMEM132A,0.05964290660149235,0.5771473020255409,0.0,0.0,5
RPS19,0.05963352720677592,0.198219299750599,0.0343612613066299,7.0,4
NUAK1,0.05962030332155083,-0.5769416252749275,0.0,0.0,2
BACE2,0.05962014255855482,0.5769401624248136,0.0,0.0,4
ORC5,0.059585378822363554,0.5766238325683726,0.0,0.0,4
ZNF281,0.059572908760813045,0.5026672063620543,0.0066976195517214,1.0,4
MNAT1,0.059570224341996277,0.576485935577881,0.0,0.0,4
VANGL1,0.0595645503519619,0.576434305556207,0.0,0.0,3
SIGLEC5,0.05955482965126908,-0.5763458528122974,0.0,0.0,4
SPP2,0.059551022154884274,0.5763112068013457,0.0,0.0,3
FBLN2,0.05954508128252326,-0.5762571483051371,0.0,0.0,1
LGALS2,0.05954248159097922,-0.5762334926184067,0.0,0.0,3
NARF,0.05954113345081989,0.5762212253240999,0.0,0.0,5
MAGEA10,0.059536854461289604,0.5761822889987182,0.0,0.0,3
VAMP5,0.05950377740419664,-0.5758813069447715,0.0,0.0,4
KLF7,0.05950235451148362,-0.5758683594455394,0.0,0.0,2
NDUFS6,0.05949686460995265,0.5758184045225814,0.0,0.0,4
ADORA2A,0.059495530185143704,-0.5758062620300161,0.0,0.0,3
THRB,0.05949386120660051,-0.5757910752923171,0.0,0.0,4
NFS1,0.05945570247767656,0.5754438529691447,0.0,0.0,5
IL1R1,0.0594527486549692,-0.5754169748940198,0.0,0.0,4
ECE2,0.05943694515491586,0.5752731722004418,0.0,0.0,4
FOLH1B,0.05941806957902108,0.5751014153967373,0.0,0.0,2
RNFT2,0.05940351453522154,0.5749689729316849,0.0,0.0,4
ANKRD36B,0.05939362999538797,0.5748790293465267,0.0,0.0,2
MTMR9,0.059388684276160134,-0.5748340261672156,0.0,0.0,5
TMEM106C,0.05937496852953297,0.574709220820124,0.0,0.0,4
ABCC1,0.05935749083718709,0.574550183946749,0.0,0.0,3
GCGR,0.05934400828448602,-0.5744275005292669,0.0,0.0,1
CD177,0.059329228254792664,0.5742930108229428,0.0,0.0,3
LIPG,0.05931521925844567,0.5741655370733163,0.0,0.0,1
XPO1,0.05928753775630721,0.5739136514431483,0.0,0.0,4
FKBP3,0.05927714804487407,0.5738191110891419,0.0,0.0,5
FKBP4,0.05927333106605404,0.573784378793524,0.0,0.0,3
TRIT1,0.059222777445241855,0.5733243701360509,0.0,0.0,4
PPP1R3C,0.059215193792690746,-0.5732553632919766,0.0,0.0,3
MYBPC2,0.05915187653165009,0.497359089286466,0.006831581432618,2.0,4
GYPB,0.059132693928739516,-0.4796478923125771,0.0084221660227379,-2.0,4
PUS1,0.05910422206275617,0.5722455848491165,0.0,0.0,4
FAM63B,0.05909724635244534,-0.5721821099271731,0.0,0.0,4
TTPAL,0.059091889303440726,0.5721333638852272,0.0,0.0,4
TRAM1,0.05908528018948812,0.5720732247777294,0.0,0.0,2
MTX1,0.059071306232582665,0.5719460698667183,0.0,0.0,4
PRKG1,0.0590608099521814,-0.5718505597968504,0.0,0.0,4
PSME3,0.059034635993999954,0.5716123919431859,0.0,0.0,3
DDOST,0.059027142893873,0.5715442090737033,0.0,0.0,5
SNPH,0.05902661195774574,-0.5715393778625817,0.0,0.0,1
MAP4K2,0.05902422724680799,-0.5715176783748039,0.0,0.0,3
FZD3,0.059014289278281756,0.5714272486195002,0.0,0.0,3
PTPRN,0.05900005897129887,0.3057841531097298,0.0240822471756582,3.0,3
ANKRD36BP2,0.058985186003923155,0.5711624256859361,0.0,0.0,4
FGF13,0.05898249784294005,0.5711379649785715,0.0,0.0,2
RALGDS,0.05894406785985551,-0.5707882743997085,0.0,0.0,4
EGFR,0.05894244988089719,0.5707735517286816,0.0,0.0,5
BOLA1,0.058936069339371594,0.5707154924978296,0.0,0.0,4
LILRB5,0.05892858150703554,-0.5706473575621919,0.0,0.0,4
CCHCR1,0.05890997791594679,0.5704780756626281,0.0,0.0,4
CELA2B,0.05890775716790597,-0.5704578681422086,0.0,0.0,2
GORASP2,0.05887330884475158,0.5701444083616456,0.0,0.0,5
ELN,0.05885504224139541,-0.5699781928551899,0.0,0.0,2
ARHGEF40,0.0588348588502501,-0.5697945356904836,0.0,0.0,5
GCSH,0.05877009217855143,0.5692051965053084,0.0,0.0,4
GALNT2,0.058758285086360725,0.5690977588076708,0.0,0.0,4
MYL6B,0.0587506338475794,0.5690281369680625,0.0,0.0,4
ERBB3,0.058746971125940343,0.5689948083234113,0.0,0.0,2
CCDC92,0.05871691970566786,-0.5687213578114082,0.0,0.0,5
LRRC20,0.05871542283369427,0.5687077371437702,0.0,0.0,4
BRIX1,0.058689736717273795,0.568474008367464,0.0,0.0,4
CENPQ,0.058657492811838526,0.5681806075108553,0.0,0.0,2
PTBP3,0.05864205907692662,0.568040169465814,0.0,0.0,3
KIAA0125,0.05861997622805034,0.5678392283363448,0.0,0.0,3
GOLPH3L,0.05861487906844771,0.5677928471373711,0.0,0.0,3
ARHGEF17,0.058583130919307,-0.5675039573757904,0.0,0.0,5
BCL9,0.058578231289434866,0.567459373582911,0.0,0.0,5
MMP15,0.05855152331942741,0.5672163465310485,0.0,0.0,3
DDX5,0.058546306697669595,-0.5671688782956816,0.0,0.0,4
MAST1,0.05853186597421051,0.5670374760794876,0.0,0.0,4
BSCL2,0.05849924135576593,0.566740610955088,0.0,0.0,4
PHF2,0.05849725413896906,-0.3808454791420732,0.0168591624349812,-1.0,4
FAM114A1,0.05847620116468507,0.4409002225615036,0.0113947848494611,1.0,4
CECR5,0.058462852005919455,0.566409488956302,0.0,0.0,5
MTRR,0.05845768690234341,-0.5663624895065386,0.0,0.0,2
NEU1,0.05843825118993547,0.5661856357851202,0.0,0.0,3
NACC2,0.05843328533112064,-0.5661404493472367,0.0,0.0,4
DBN1,0.05842950620761627,0.5661060615130571,0.0,0.0,3
ZBTB7C,0.0584254989100339,0.5660695974269769,0.0,0.0,1
TRMT2A,0.05838310555299732,0.5656838424416194,0.0,0.0,5
GFPT2,0.05837130310408718,-0.5655764469951445,0.0,0.0,3
YBX2,0.05833059762312158,0.5652060507040391,0.0,0.0,4
IDE,0.058319696572667695,0.5651068574612254,0.0,0.0,4
TUBBP5,0.058305769689489084,0.5649801308938529,0.0,0.0,4
PLEKHO1,0.05830264823637892,-0.5649517274791913,0.0,0.0,4
SSX2IP,0.05827137170645119,0.5646671291791818,0.0,0.0,3
ATP5G1,0.058252627597857515,0.5644965686517422,0.0,0.0,4
FLT1,0.058249103340048014,-0.564464499947711,0.0,0.0,3
LRRC2,0.058247621904923656,-0.5644510197464565,0.0,0.0,4
TAF6,0.05822241624481633,0.5018471615296605,0.0056574055456049,3.0,4
PSMC4,0.05820124946396227,0.564029057402955,0.0,0.0,5
SLC25A15,0.058187380416723326,0.563902857109122,0.0,0.0,4
MEA1,0.05816877113951319,0.5637335234691483,0.0,0.0,4
TTC30A,0.05816511208482443,0.5637002281916201,0.0,0.0,1
STX3,0.0581211440779114,-0.5633001448047749,0.0,0.0,4
C11orf24,0.058073355345435555,0.5628652950291233,0.0,0.0,5
KCNMB3,0.05806251069569053,0.5627666150000803,0.0,0.0,4
SRP54,0.05804892309831932,0.4839478957735665,0.007137692044247,3.0,5
ADAT1,0.05804568959196966,0.5626135527027505,0.0,0.0,4
MCOLN1,0.058038251613345575,-0.5625458714070053,0.0,0.0,4
PRRX1,0.05801761933827497,0.5623581296586723,0.0,0.0,2
CADPS,0.057980865456472394,-0.562023690630304,0.0,0.0,1
SPG20,0.057962542464297176,-0.561856962018268,0.0,0.0,4
STARD7,0.05795831127434975,-0.3522757265710632,0.0190056545669589,-6.0,5
DOK3,0.05795178815770708,-0.561759104059588,0.0,0.0,3
EMG1,0.057928222552413054,0.56154467070586,0.0,0.0,3
CD96,0.057914367479289804,0.561418597568383,0.0,0.0,1
TFF2,0.05791116557844449,0.5613894621259448,0.0,0.0,3
CTDSP2,0.057876676796907944,-0.2090012657079459,0.0319333612739235,-5.0,4
MATN3,0.05786185823762166,-0.5609407938942519,0.0,0.0,4
STAT5A,0.05785482466200711,-0.5608767924315732,0.0,0.0,4
DLST,0.057835429888315214,0.3990421324682822,0.0146624960157956,5.0,2
GAL,0.05781615888471387,0.5605249562620356,0.0,0.0,2
DGCR9,0.05780376877142972,0.5604122134102633,0.0,0.0,5
LRRC42,0.05778489179616325,0.5602404438730872,0.0,0.0,5
PMEPA1,0.05768899808392718,0.5593678666547371,0.0,0.0,3
ASXL3,0.057685995878857615,-0.5215080311786631,0.0034314325215417,1.0,1
CD101,0.05768158561599426,-0.5593004174915001,0.0,0.0,4
KIAA0895,0.05767287217147255,0.5592211301951204,0.0,0.0,3
RAPGEF2,0.057652797549739045,-0.559038462769038,0.0,0.0,4
CGRRF1,0.05765144847747905,-0.5590261869931552,0.0,0.0,2
IL15RA,0.05763778934423058,-0.5589018967950067,0.0,0.0,4
HYI,0.05762462035000523,-0.5587820665779707,0.0,0.0,2
ZNF696,0.05761890838780922,0.5587300910316279,0.0,0.0,5
SIRPB1,0.05760173529974516,-0.5585738258807228,0.0,0.0,4
LGI2,0.057588505823248516,0.5511412148959896,0.0006632237857374,1.0,4
SECTM1,0.05756982745191236,-0.5582834829535771,0.0,0.0,3
TBL1XR1,0.05754583971825078,0.5580652084762953,0.0,0.0,3
LPIN2,0.057532078477289826,-0.5579399891571266,0.0,0.0,2
SSBP2,0.057522853479345784,-0.5578560470210094,0.0,0.0,4
SYNDIG1,0.057522302321376256,0.5578510318028402,0.0,0.0,4
MAN2A2,0.05750535702163074,-0.5576968393936481,0.0,0.0,5
FGD1,0.057497006738709944,0.5576208566574128,0.0,0.0,3
HIF3A,0.057478028481925056,-0.557448165517104,0.0,0.0,4
ARHGAP15,0.05743842228734279,-0.5570877720951354,0.0,0.0,3
DNAJA3,0.057412709757489126,0.5568538029718917,0.0,0.0,5
TUBA4A,0.05740894968476657,0.5568195884887881,0.0,0.0,4
LTB,0.05740596358820593,0.5567924167402986,0.0,0.0,3
HSPD1,0.05739705290137111,0.5567113346531563,0.0,0.0,3
BMP7,0.05733398838763036,0.5561374841191292,0.0,0.0,3
KDM1A,0.057268288482185785,0.5555396530476032,0.0,0.0,4
CDK5R1,0.05726464831677886,0.5555065296515949,0.0,0.0,3
ACYP2,0.05725769794525224,-0.555443285297906,0.0,0.0,3
PMS2P4,0.057219656037785435,-0.5550971259823045,0.0,0.0,2
NOP2,0.05721520769186754,0.5550566486119245,0.0,0.0,3
NR0B2,0.057184441758734855,-0.5547766964468985,0.0,0.0,3
CCDC47,0.057166315881961395,0.5546117614708054,0.0,0.0,3
BCAM,0.05713240607822706,-0.5543032019049345,0.0,0.0,1
EEF1A1,0.05712351585043588,-0.2633037680399608,0.0263864899148391,-5.0,3
TTC9,0.057120546597428885,0.5541952875013241,0.0,0.0,4
NAT10,0.05711287273570211,0.5541254598060205,0.0,0.0,5
PAX5,0.057100087542476516,0.5540091219556993,0.0,0.0,4
CD244,0.0570865980231726,-0.553886375146168,0.0,0.0,5
LYPLA1,0.05707495128231156,0.5537803965527192,0.0,0.0,4
FAM63A,0.05705662439878609,-0.5536136325316505,0.0,0.0,1
SHOX2,0.05704551874612106,0.5535125775272665,0.0,0.0,4
DCTD,0.05700818902221416,0.2709135016253465,0.025601100521562,7.0,3
OPN3,0.057005083992748194,-0.5531446447003893,0.0,0.0,2
TESC,0.05700206865583318,0.5531172068816175,0.0,0.0,2
PAK1IP1,0.056989347083940954,0.5530014479485663,0.0,0.0,3
LGALS3,0.05698903863913789,-0.5529986412795783,0.0,0.0,2
POLE3,0.05698835750424095,0.5529924433466813,0.0,0.0,2
NCOA1,0.05698668840487525,-0.5529772555095676,0.0,0.0,4
TTC22,0.05696561352892093,0.5527854863496457,0.0,0.0,4
AXL,0.05696317883530077,-0.5527633320484191,0.0,0.0,4
NFYB,0.056962594163367325,-0.552758011872597,0.0,0.0,5
CNTLN,0.056944869735766485,-0.5525967298513659,0.0,0.0,4
GANAB,0.05694174056261317,0.5525682561887848,0.0,0.0,4
MBD5,0.05691319520276426,-0.5523085099539905,0.0,0.0,3
PRPF19,0.05690623567895449,0.552245182319828,0.0,0.0,4
SMAD1,0.05689202283488833,0.5521158536740711,0.0,0.0,4
ADAMTSL2,0.0568889963357581,-0.5520883142856085,0.0,0.0,3
MZT2A,0.0568774176931965,0.5519829553472267,0.0,0.0,4
GAMT,0.05687203736016628,0.5519339974341391,0.0,0.0,4
CLSTN1,0.05686317185817418,0.5518533265028845,0.0,0.0,4
MTHFD1,0.056855622678326,0.5517846333404326,0.0,0.0,5
PFKFB3,0.05681585046795569,-0.5514227292709861,0.0,0.0,4
PRRC1,0.056808734509511474,0.5513579781722919,0.0,0.0,4
PRRG3,0.056800616577687126,-0.5512841096964047,0.0,0.0,2
TNXB,0.05679249260978867,0.0578643586734214,0.044746769309086,-11.0,1
CIB2,0.05679034203708001,0.4458220387604749,0.0095569947361438,2.0,3
MOXD1,0.05675481628816865,0.5508673535995161,0.0,0.0,1
PIK3R5,0.05675164387022775,-0.550838486434425,0.0,0.0,4
PPFIA1,0.05675038110102018,0.5508269959663133,0.0,0.0,2
RORA,0.05674922169011866,-0.5508164459988986,0.0,0.0,4
PAPPA,0.05673100200697951,-0.5506506574392311,0.0,0.0,1
FGF9,0.05671366665713467,-0.5504929158001391,0.0,0.0,3
NUP85,0.056702743668658906,0.5503935229340376,0.0,0.0,5
SSR3,0.056679641457003674,0.550183306193922,0.0,0.0,4
CBX4,0.05667378415616245,0.5501300081501201,0.0,0.0,4
FUT6,0.05667073597384351,0.550102271457204,0.0,0.0,5
CARD8,0.05666910174650554,-0.5500874009353369,0.0,0.0,4
TM9SF4,0.05664541921154348,0.5498719035893816,0.0,0.0,4
ICT1,0.056645087102926366,0.5498688815933972,0.0,0.0,4
ADH1A,0.05663781069380339,-0.5022430112049395,0.004313690282022,-1.0,4
CCR8,0.05663076345503754,0.5497385446970563,0.0,0.0,3
COQ3,0.05660598685790777,0.5495130920192993,0.0,0.0,4
OSBPL11,0.056603178187637465,-0.549487534747247,0.0,0.0,4
RAB11A,0.056599593904168875,-0.5494549198444982,0.0,0.0,4
FTSJ2,0.056569267714189964,0.5491789690873744,0.0,0.0,4
KRT10,0.05656402719160817,0.549131283368358,0.0,0.0,5
MEGF6,0.05656389353482063,-0.5491300671690352,0.0,0.0,2
MCTS1,0.05652276446926442,0.5487558165035898,0.0,0.0,5
TSC22D3,0.05650717873835159,-0.5486139953830101,0.0,0.0,4
TSPAN13,0.05646921460007985,-0.5482685437220225,0.0,0.0,4
DNAJA1,0.05646663691665225,-0.5482450882963997,0.0,0.0,4
PLA2G5,0.056465428101388264,-0.5482340887779126,0.0,0.0,5
DZIP1,0.05642687953381382,-0.547883319148902,0.0,0.0,3
MYBPC1,0.05641141472225357,0.5477425983243673,0.0,0.0,2
GK,0.05636304611604146,-0.5473024720337077,0.0,0.0,2
PARVA,0.05635049303458616,-0.5471882462660055,0.0,0.0,6
MRPL9,0.05634298998689542,0.5471199728794562,0.0,0.0,4
TAF15,0.05633452080492262,0.483541548289741,0.0057596123145252,2.0,1
GRK1,0.05630982194191053,0.5468181628884135,0.0,0.0,1
MDFI,0.05630683384961112,0.4684380181600041,0.0071066610837809,3.0,3
TMEM63A,0.056301871416135234,0.5467458177105737,0.0,0.0,4
DYNC1I2,0.056278447331788585,-0.5465326721154665,0.0,0.0,5
LIMD1,0.05627222555014999,-0.5464760575075971,0.0,0.0,4
DUSP9,0.05623177616746635,0.5461079915624684,0.0,0.0,3
SPTLC3,0.05621129101968131,-0.5459215885871851,0.0,0.0,2
MED20,0.05619006994611897,0.5457284891137405,0.0,0.0,5
DNAH9,0.05617379843765231,-0.545580427814776,0.0,0.0,4
TUBB3,0.056142760651560465,0.5452980019453395,0.0,0.0,2
PMS2,0.05613450312531896,0.5452228632411403,0.0,0.0,5
TEAD3,0.05612933236180606,0.545175812289231,0.0,0.0,1
B4GALT2,0.05611913207448137,0.5450829955848547,0.0,0.0,4
F5,0.05611491189624375,0.5450445944081597,0.0,0.0,2
LYL1,0.056102473903985026,-0.5449314158854609,0.0,0.0,4
HSP90B1,0.05610013559620683,0.5449101386395481,0.0,0.0,5
IFRD1,0.056076156827028885,-0.544691945733873,0.0,0.0,4
SLC6A13,0.05606708879206132,-0.544609431869894,0.0,0.0,4
TSC1,0.056049585010729236,-0.544450157601861,0.0,0.0,4
ONECUT2,0.05601730794477416,0.544156455003736,0.0,0.0,4
TGM2,0.05601235607437155,-0.5441113958522986,0.0,0.0,4
PSMD8,0.05601044781459716,0.5440940317940408,0.0,0.0,2
ERC2,0.056002051233098794,0.544017627767576,0.0,0.0,4
LYRM1,0.055952749364908336,-0.5435690093336667,0.0,0.0,2
CLDN8,0.055944282295344226,0.543491963906646,0.0,0.0,1
IL4R,0.05593269907781507,-0.5433865633387104,0.0,0.0,4
TIMP2,0.05591811430786739,-0.543253850382934,0.0,0.0,4
KCNQ1,0.055873399594604925,-0.5428469724009675,0.0,0.0,2
JAKMIP2,0.05585360552739517,-0.5415969963666445,9.703709383552224e-05,-1.0,2
G6PC,0.055774966386571485,-0.5419512872423029,0.0,0.0,1
L2HGDH,0.055758209791053094,0.5417988119322381,0.0,0.0,5
GSTT2,0.05575617197645105,-0.5417802690001157,0.0,0.0,1
CCND3,0.055731873492478406,-0.5415591668750589,0.0,0.0,4
BCL7A,0.05570866175998975,0.5413479535588179,0.0,0.0,2
GALNT1,0.05567977081801193,0.5410850627268887,0.0,0.0,4
MAGEA10-MAGEA5,0.05567497056157777,0.5410413831747156,0.0,0.0,3
CASC1,0.055657775931599165,-0.54088492200487,0.0,0.0,3
TMOD2,0.05561362418464682,-0.5404831666901302,0.0,0.0,4
SATB1,0.05560835001017576,-0.5404351747584202,0.0,0.0,4
CSE1L,0.055607889281477856,0.5404309823942259,0.0,0.0,4
HS3ST1,0.055589024642938814,0.5402593251141213,0.0,0.0,4
HDAC4,0.05557798906231443,-0.5370433742896606,0.0002825807944188,-1.0,4
SLC25A1,0.0555709452979112,0.5400948135499538,0.0,0.0,4
EPHB6,0.055562299771268524,-0.5400161442669202,0.0,0.0,2
CDC37L1,0.05553149736752734,-0.5397358602404888,0.0,0.0,4
PAM,0.05553130700480763,0.5291957293434818,0.0009558392296175,1.0,3
HPSE,0.055516699456655855,0.5396012078258045,0.0,0.0,4
TOR3A,0.05551556485740879,0.5395908836300688,0.0,0.0,5
NUP210,0.05551247649929273,0.5395627813606776,0.0,0.0,5
NDEL1,0.055490067613618216,-0.5393588734852576,0.0,0.0,6
MAP3K3,0.0554752681257943,-0.5392242067212198,0.0,0.0,4
CHPF2,0.05547462482672087,0.5392183530723937,0.0,0.0,4
TWF1,0.05547436991189574,0.5392160334951885,0.0,0.0,3
BCAT1,0.055456264168040836,0.5390512817169887,0.0,0.0,3
RFX5,0.05545443242049179,0.3599820599144641,0.0162401765206321,4.0,2
JAK2,0.05544228892419869,-0.5389241150955993,0.0,0.0,4
RIN2,0.05544096995502165,-0.5389121132403291,0.0,0.0,5
PLEC,0.05543249414094332,0.5388349882432957,0.0,0.0,2
IPO4,0.05542054422045037,0.5387262508908656,0.0,0.0,5
FLNC,0.0554114453008885,-0.5386434559949735,0.0,0.0,5
NIF3L1,0.055405909951993765,0.5385930875273385,0.0,0.0,4
SLC25A20,0.0553823198725277,-0.5383784314728259,0.0,0.0,4
MAP3K13,0.05534809356951467,0.5380669919469059,0.0,0.0,5
TJP3,0.055330911923783484,0.5379106489261885,0.0,0.0,2
ALB,0.05528119297238032,0.537458235276711,0.0,0.0,2
IMP4,0.05527716508555696,0.5374215838404677,0.0,0.0,4
ANXA9,0.055273895841973494,0.5373918356181322,0.0,0.0,4
PALM,0.05527192404144954,-0.5373738933758703,0.0,0.0,4
TEKT2,0.05525908821332631,-0.5372570947773198,0.0,0.0,3
RBPMS,0.05525163709779762,-0.5371892939433545,0.0,0.0,4
PRPF4,0.055246481779175016,0.5371423835309976,0.0,0.0,4
HOXC11,0.05524641058146793,0.5371417356731167,0.0,0.0,4
ALPK3,0.055244695999497495,-0.5371261339706536,0.0,0.0,3
SCML1,0.05523954053292534,-0.5370792222120415,0.0,0.0,4
ALS2CL,0.05522509631578685,-0.5369477882053892,0.0,0.0,4
SCUBE3,0.055194852964698775,0.521705668896876,0.0013575090405077,1.0,4
CASP3,0.055188376740260225,0.5366136613442543,0.0,0.0,4
ISOC2,0.05516938574836759,0.536440854321844,0.0,0.0,4
RGS16,0.05515157037897632,-0.5362787447830136,0.0,0.0,3
PSMB3,0.05515102923220835,0.5362738206609778,0.0,0.0,5
PSMB9,0.055136486046418305,-0.5361414860969411,0.0,0.0,1
FGFR2,0.055132090419509415,-0.5361014884389964,0.0,0.0,3
PIK3CG,0.05510479136007564,-0.5358530828158451,0.0,0.0,2
NHP2,0.05509769854979907,0.5357885423520639,0.0,0.0,5
TRIM28,0.05508459656317465,0.5356693218653708,0.0,0.0,3
APH1B,0.05508333863515294,-0.5356578754492453,0.0,0.0,4
N4BP2L1,0.055083005674064746,-0.535654845696268,0.0,0.0,5
PNOC,0.055078216234475945,0.5356112645711201,0.0,0.0,4
TOPBP1,0.05506837961275573,0.5355217570130285,0.0,0.0,4
FRMD4B,0.05505031524963347,-0.5353573817755188,0.0,0.0,4
OR7A17,0.055043862824680816,0.5352986684471315,0.0,0.0,1
CLPTM1,0.05503781617062258,0.3747560830843801,0.0145563205671839,3.0,3
NPR2,0.05500662117009655,-0.5349597909690764,0.0,0.0,5
ATP6V0A4,0.054985507966543,0.5341913387092364,5.2273878396252334e-05,1.0,4
PRSS3,0.05497146374075105,0.5346398787330466,0.0,0.0,4
KCTD9,0.054953451652056444,-0.5344759791625396,0.0,0.0,4
TRIB3,0.05495222626303314,0.5344648288324458,0.0,0.0,4
HGF,0.05491999344121282,-0.534171528830311,0.0,0.0,4
RGS20,0.05491000379375262,0.5340806288266522,0.0,0.0,4
RHBDL1,0.0548854347065319,0.5338570643688316,0.0,0.0,4
GNAL,0.05486212915704406,-0.5336449973722578,0.0,0.0,3
SPATA20,0.05486171090440618,0.5336411915155982,0.0,0.0,4
MXRA7,0.054816070046011536,-0.5332258861495585,0.0,0.0,4
RENBP,0.054812252765642604,-0.5331911511100202,0.0,0.0,2
CTNNBIP1,0.05480024937615197,-0.5330819272206924,0.0,0.0,2
IKBKE,0.054780429454056846,0.5329015774137404,0.0,0.0,4
SMPX,0.05477469112948867,0.5328493619850858,0.0,0.0,3
RINT1,0.05477353283415838,0.4698666879367104,0.0057116112179585,1.0,4
C11orf48,0.05473078634364622,0.5324498538733511,0.0,0.0,4
GRM3,0.05472996864847582,-0.5324424133210917,0.0,0.0,1
UCHL3,0.054718569053812116,0.5323386836148364,0.0,0.0,4
LINC00115,0.05470756421725064,0.5322385459785796,0.0,0.0,3
FOXO3,0.05469322313931072,-0.5321080504788731,0.0,0.0,5
CST3,0.054664724505005494,-0.5318487294194525,0.0,0.0,2
NLRP3,0.05463842835345695,-0.531609449676949,0.0,0.0,4
GLMN,0.05462397909389755,0.5314779697871882,0.0,0.0,2
GLTP,0.05462123830790523,0.5314530302227318,0.0,0.0,1
PARD6B,0.05461677820813555,-0.531412445899111,0.0,0.0,4
BTBD2,0.05460569678269862,0.5313116113484649,0.0,0.0,3
PLTP,0.054589053850560315,0.5311601703092997,0.0,0.0,3
GFRA1,0.054581359018500454,-0.5310901517961157,0.0,0.0,4
PDE4D,0.05457992712350321,-0.5310771223813133,0.0,0.0,4
TTC19,0.054570709348179855,-0.5309932459668595,0.0,0.0,3
ANGPTL4,0.054556261094417656,0.5308617752292704,0.0,0.0,2
RHOD,0.05453766540910251,0.5306925652676656,0.0,0.0,4
CENPI,0.05453106613233833,0.5306325156728826,0.0,0.0,4
TMPRSS15,0.054530499952497674,0.1546809575789174,0.0340985697421154,6.0,4
DUSP8,0.05452065475012725,-0.5305377781273535,0.0,0.0,4
TMEM41B,0.0544908195620226,-0.5302662952027878,0.0,0.0,2
PDCD6IP,0.05446875252967283,-0.5300654979945454,0.0,0.0,5
WHSC1,0.05444950221678197,0.5298903313013077,0.0,0.0,4
XRCC2,0.0544491244767873,0.5298868940862274,0.0,0.0,1
SEPT4,0.05443344131504237,-0.5297441864015292,0.0,0.0,4
PAK7,0.05442287132769212,0.3329371118406695,0.0178417987801692,4.0,3
REEP5,0.05441455727659932,-0.5295723525935389,0.0,0.0,3
RIPK4,0.054401293235678085,0.5294516575066426,0.0,0.0,4
SORT1,0.05436882790617183,-0.529156241819286,0.0,0.0,4
NOL11,0.054366388352235166,0.5291340432919954,0.0,0.0,4
ATP1B1,0.054365725716277714,0.529128013688729,0.0,0.0,4
IL20RA,0.054319827489632364,-0.5270166538185648,0.0001536207723705,-1.0,4
N4BP2L2,0.05431686178463475,-0.5286833802236515,0.0,0.0,4
MAP7D3,0.054316492080256726,-0.3030732379492759,0.0204626732253608,-3.0,4
HIST1H3A,0.05430922865314012,0.5286139231498603,0.0,0.0,4
F8A1,0.05430658069293416,0.5285898282462745,0.0,0.0,4
CDC42BPB,0.05430230113438071,-0.3211000614896481,0.0188159171535604,-6.0,3
ACOT7,0.054301287002529945,0.5285416587308808,0.0,0.0,2
AR,0.054297445136617724,-0.5285066999771441,0.0,0.0,4
MLST8,0.05428681028068488,0.5284099289502326,0.0,0.0,4
DECR2,0.054244732525143884,0.5280270457556182,0.0,0.0,4
USP12,0.05422705634347476,-0.5278662027444109,0.0,0.0,5
GPR97,0.054192222574117016,-0.5275492356267337,0.0,0.0,4
ALOX12,0.05417346399332423,0.5273785434106678,0.0,0.0,2
PDCD10,0.05417289975549903,0.5273734091733907,0.0,0.0,3
PPME1,0.05414239580276746,0.5270958408782175,0.0,0.0,4
NEUROG2,0.054127776664882485,0.5269628151941252,0.0,0.0,1
KCTD13,0.05411881441165132,0.526881263882655,0.0,0.0,4
CD300C,0.054115538864236305,-0.5268514582991051,0.0,0.0,4
KRT18,0.05411083906118065,0.5268086928144714,0.0,0.0,3
PON2,0.054099239545923765,0.5267031439466567,0.0,0.0,1
MEGF9,0.054097293175759086,-0.5266854331059293,0.0,0.0,4
ZNF593,0.05409327848696952,0.5266489017641462,0.0,0.0,4
PIK3R3,0.05408059912376777,-0.5265335269057217,0.0,0.0,4
GTF2E2,0.05407242316528444,0.5264591304208598,0.0,0.0,3
BCMO1,0.05405216064622804,0.526274753238011,0.0,0.0,4
SGCB,0.05403226559337446,-0.5260937197846896,0.0,0.0,2
PRDM12,0.05400200969591281,-0.417737518456913,0.0098030030646918,-3.0,3
ABCC2,0.053998369185361966,0.5257852821121257,0.0,0.0,1
CNIH4,0.05399633426720762,0.525766765535999,0.0,0.0,3
NUP205,0.05399548900696548,0.5257590741575585,0.0,0.0,3
SNX27,0.053973018072668646,0.2802783117540281,0.0222467100107158,4.0,4
FER1L4,0.05397264150241568,0.5255511751045192,0.0,0.0,5
EN1,0.053968421358954057,0.5255127742442656,0.0,0.0,3
VWA1,0.05396718203488763,0.5255014971133536,0.0,0.0,5
IL36RN,0.05396349484132623,0.5254679457883887,0.0,0.0,4
DNAH2,0.053952532791386856,0.5253681974856015,0.0,0.0,3
FH,0.05394426360764485,0.5252929527049024,0.0,0.0,4
ZNF532,0.0539179291654824,0.5250533245399989,0.0,0.0,2
RAI14,0.05389401335826211,0.524835704551657,0.0,0.0,4
TMEM9B,0.053850603901286244,-0.5244407036456034,0.0,0.0,2
CUBN,0.05382811148538667,-0.3779845911207017,0.0132650957705699,2.0,2
TBC1D1,0.05380007892694184,-0.5239809556543886,0.0,0.0,5
NCOA2,0.05376763266284124,0.4156354123382311,0.0098002286164658,1.0,2
HEBP1,0.05374865313087951,-0.5235130107074975,0.0,0.0,4
OAS3,0.05373288862632734,0.5233695628503852,0.0,0.0,4
ANPEP,0.053716323532188325,-0.5232188300919125,0.0,0.0,2
ABHD11,0.05369558420784582,0.523030114257232,0.0,0.0,4
UGDH,0.053673929869577676,0.4861446727795445,0.0033276603528549,1.0,5
ASCC2,0.053655716728904644,0.5226673432989914,0.0,0.0,4
SMYD5,0.05364719198764497,0.5225897730929574,0.0,0.0,4
PADI4,0.053631212481779794,-0.5224443688484735,0.0,0.0,5
TNFRSF10C,0.05362051112521292,-0.5223469927043243,0.0,0.0,2
NPAS2,0.053618801338981996,0.522331434640312,0.0,0.0,4
GNA11,0.0536040928314247,-0.5221975957439844,0.0,0.0,5
SLC9A8,0.053590393544189326,-0.5220729401678211,0.0,0.0,3
PTGS1,0.053578653959859335,-0.5219661167526004,0.0,0.0,1
RBBP8,0.05356987095350657,0.5218861964838639,0.0,0.0,4
PPM1G,0.053563702287183046,0.5218300651945854,0.0,0.0,4
NVL,0.05355728358022706,0.5217716586804307,0.0,0.0,4
CCNL1,0.05355339033922576,-0.5217362324431513,0.0,0.0,4
LSM2,0.05354065748943577,0.5216203708877651,0.0,0.0,4
EN2,0.0535293460374325,0.521517443228648,0.0,0.0,4
PALLD,0.05349734402442327,-0.5212262434529583,0.0,0.0,3
NOD1,0.05348000332405953,-0.5210684531272445,0.0,0.0,2
CLN5,0.05347698355390431,-0.5210409749685555,0.0,0.0,2
MMP17,0.05345166173373201,0.5208105610770262,0.0,0.0,2
ITGA7,0.05344927630363252,-0.5207888550452933,0.0,0.0,4
PPEF1,0.05344650351801363,0.5207636243027765,0.0,0.0,4
LRIF1,0.053442556926604094,0.5207277126076945,0.0,0.0,4
S100PBP,0.05344101312921583,0.3711722250227425,0.0135635003677704,4.0,4
TRIM34,0.05343626264511566,-0.5206704382931996,0.0,0.0,2
HLA-F-AS1,0.05343542075437113,-0.520662777575235,0.0,0.0,5
ALOX12P2,0.05340441999416135,0.5203806886198716,0.0,0.0,4
MYO1E,0.053390754839638795,0.5069017294771209,0.001211271698928,1.0,5
ACADM,0.053387627684306334,-0.5202278883300373,0.0,0.0,1
LOC81691,0.05337422955671415,0.5201059731321283,0.0,0.0,4
CDC123,0.05337242219950733,0.5200895272287701,0.0,0.0,2
TMED2,0.053350914773757065,0.5198938221163344,0.0,0.0,3
SPIB,0.05333238672911778,0.5197252276456874,0.0,0.0,3
C14orf169,0.053321225080822536,0.5196236631135136,0.0,0.0,4
NTRK3,0.0533184214827769,-0.5195981519957668,0.0,0.0,5
LEFTY1,0.05330040551233579,-0.5194342171036157,0.0,0.0,3
C8orf44-SGK3,0.05327821787449329,-0.5192323224552711,0.0,0.0,4
FLNB,0.053278216401246754,0.4536907350156375,0.0059446609847412,1.0,3
MX1,0.053240431242724116,0.5188884860006056,0.0,0.0,1
SIRT1,0.053218312420101214,-0.5186872175308861,0.0,0.0,4
GAS2L1,0.05320951798569839,-0.5186071932735157,0.0,0.0,4
CSF1R,0.05318049490115855,-0.5183431000208385,0.0,0.0,2
TNFAIP1,0.05316546497872577,-0.5182063364353792,0.0,0.0,5
PLP2,0.053156084024170686,0.5181209751844663,0.0,0.0,3
SPSB1,0.05313970101799397,0.5179718993209447,0.0,0.0,3
WDR12,0.05310797748907626,0.5176832335891277,0.0,0.0,5
NDFIP1,0.053103626328051,-0.5176436405449595,0.0,0.0,3
TARBP1,0.053103428469809026,0.5176418401496011,0.0,0.0,5
DCAF13,0.053076630625417474,0.5173979952929186,0.0,0.0,4
CREBL2,0.05307592067675087,-0.5173915351714129,0.0,0.0,4
PSENEN,0.053070155292347945,0.5173390735139412,0.0,0.0,4
POU2F3,0.05306340093936776,0.5172776128154473,0.0,0.0,2
VAMP3,0.05305321123096396,-0.5171848923731215,0.0,0.0,5
FKBP14,0.05304213714935928,0.5170841246470936,0.0,0.0,4
RASSF8,0.05303555518634337,-0.517024232597388,0.0,0.0,4
FFAR2,0.05302766423011435,-0.5169524294679034,0.0,0.0,2
KRCC1,0.053025298118788144,-0.5169308992258137,0.0,0.0,2
RAE1,0.05302178428173703,0.5168989253446457,0.0,0.0,4
C3orf36,0.05301093681914293,-0.5168002197203059,0.0,0.0,3
PPP4C,0.05299585847839172,0.5166630155562035,0.0,0.0,5
XPC,0.05299426400933078,-0.5166485068116206,0.0,0.0,4
SERINC5,0.05296049814556312,-0.5163412570160444,0.0,0.0,1
SIRPG,0.052955566739142985,0.5162963840749902,0.0,0.0,2
YIPF2,0.052949463348334114,0.516240846755073,0.0,0.0,5
CHRNB1,0.052868667016492746,0.515505646950549,0.0,0.0,4
HRAS,0.0528436177751791,0.515277713368695,0.0,0.0,2
ATP6V0E2,0.052840330609312605,0.5152478020639686,0.0,0.0,2
QSER1,0.05282865141081796,0.5151415281248606,0.0,0.0,4
EIF3D,0.052819629198516294,0.262185408027352,0.0229358290808344,6.0,2
MRPS10,0.05281297614260757,0.514998892266753,0.0,0.0,4
C1orf109,0.05280856429030915,0.5149587469671649,0.0,0.0,5
SORBS2,0.05280251531292062,-0.5149037047778444,0.0,0.0,3
TTI1,0.05276817760265307,0.5145912515104601,0.0,0.0,4
JMJD1C,0.05276468892443834,-0.5145595065601256,0.0,0.0,4
PTPRU,0.0527644810966384,0.5145576154475663,0.0,0.0,3
KCNE1,0.05275718985875155,-0.514491269407505,0.0,0.0,4
KIAA1598,0.05274203624319198,-0.5143533802862624,0.0,0.0,2
AURKC,0.05273584506073543,-0.5142970441132197,0.0,0.0,1
MOB4,0.05272470527067527,-0.3375061156389201,0.0160258517758268,-3.0,4
SNRPE,0.05271674491687904,0.5141232438711845,0.0,0.0,5
RUNX2,0.05269993657331241,0.5139702976838647,0.0,0.0,4
MTMR6,0.05269850516195249,-0.5139572726698818,0.0,0.0,5
PAPSS1,0.05269735322631963,-0.5139467907230805,0.0,0.0,4
NAA40,0.05269529076387503,0.5139280235098722,0.0,0.0,5
PPP4R4,0.0526823337904973,-0.5138101225596999,0.0,0.0,3
TAF4B,0.05267881845547507,0.5137781350478627,0.0,0.0,2
TTC18,0.05267765764650777,-0.5137675723588594,0.0,0.0,3
UQCRQ,0.0526687019619819,0.5136860808188014,0.0,0.0,3
SMC3,0.052664447748664134,0.5136473699425976,0.0,0.0,2
LAX1,0.05265058302338397,0.5135212089760853,0.0,0.0,3
DSTN,0.052647977168834945,-0.5134974972095806,0.0,0.0,5
GRAMD1C,0.05262949513817445,-0.5133293214394791,0.0,0.0,4
PNRC1,0.052611218827750994,-0.5131630176043356,0.0,0.0,4
KLF13,0.052602477134053596,-0.5130834732568255,0.0,0.0,4
SLAMF8,0.05256592894336525,0.5127509058984145,0.0,0.0,1
SCAMP3,0.05255810585259165,0.5126797203052516,0.0,0.0,5
DCLK1,0.05255407497552844,0.5126430416595582,0.0,0.0,2
HAPLN2,0.05254066958100749,-0.512521060336808,0.0,0.0,1
POLDIP2,0.05253238028091142,0.5124456325089428,0.0,0.0,5
ATP6V1B2,0.052516508412743676,-0.5123012077051378,0.0,0.0,3
SERPINF2,0.05250890835653906,-0.466806532213976,0.0041201224836304,-1.0,1
DENND1A,0.052489447495443785,0.5087103962530996,0.000303354803949,1.0,2
DOCK2,0.05246663424488927,-0.51184738167589,0.0,0.0,4
TBC1D30,0.052452514298799435,0.5117188983478904,0.0,0.0,2
BTBD18,0.052436342754767745,-0.5115717466673625,0.0,0.0,3
C11orf21,0.052417168508276414,-0.511397272134286,0.0,0.0,5
TSPAN1,0.052410115642349576,0.5113330951409427,0.0,0.0,1
NFKB1,0.052388007787329126,-0.5111319264700507,0.0,0.0,3
CDH17,0.052387581055221163,0.5111280434551265,0.0,0.0,4
MAT2A,0.05238492746194538,-0.5111038972938692,0.0,0.0,3
APEX1,0.05236898778406101,0.5109588554609333,0.0,0.0,5
WWTR1,0.05236368666365678,-0.5109106183368446,0.0,0.0,4
ALX1,0.052348967960887706,0.5107766866699972,0.0,0.0,2
AMZ2,0.052313382944816515,0.4860402931590166,0.0022142369377423,2.0,5
CHAF1A,0.05231329094740601,0.5104520465193869,0.0,0.0,4
VRK1,0.0523032956739439,0.5103610953223705,0.0,0.0,4
GINS4,0.05227802438591109,0.510131141244031,0.0,0.0,4
SENP5,0.05227562478065585,0.5101093062265942,0.0,0.0,2
HCFC2,0.052274941970842106,-0.5101030930529247,0.0,0.0,5
FAM8A1,0.05223991966502733,-0.5097844103627308,0.0,0.0,3
BAG1,0.052179907951336826,-0.5092383385402992,0.0,0.0,5
ZNF107,0.05214012622790113,0.5088763479074698,0.0,0.0,4
EPS8L1,0.052129323704795054,0.5087780512064322,0.0,0.0,4
DLK1,0.05209365435906083,0.508453480827881,0.0,0.0,3
EBF2,0.05208468508403827,-0.5083718656221776,0.0,0.0,2
ANO3,0.05207284703738885,-0.5082641462569014,0.0,0.0,3
PMM1,0.05206225009524596,-0.5081677202235104,0.0,0.0,4
KLHL12,0.05205717177033635,0.50812151040933,0.0,0.0,4
TMCO1,0.052055972317737696,0.5081105960856723,0.0,0.0,5
AMACR,0.052039919848847524,0.4537832052581731,0.0049142792140185,1.0,4
SMS,0.052029030969324416,0.5078654454255416,0.0,0.0,4
TAGLN,0.05198410058077725,-0.5074566049234515,0.0,0.0,3
CD28,0.051966136662925634,0.5072931436797044,0.0,0.0,1
GSR,0.05196266686763963,0.5072615705530801,0.0,0.0,4
UBE2E3,0.05196103117265491,0.507246686676478,0.0,0.0,2
CRKL,0.051953273981399414,0.507176100730746,0.0,0.0,2
TFB2M,0.05193767511565982,0.5070341600908533,0.0,0.0,5
OLFM4,0.05190185354451895,0.5067082045493045,0.0,0.0,1
TRIL,0.05188539455130772,-0.5065584372477975,0.0,0.0,1
WBP4,0.05188376413480607,-0.5065436014023328,0.0,0.0,5
NAT6,0.051867378836476796,-0.506394504681551,0.0,0.0,1
PADI2,0.05185295188273563,0.4678962587737007,0.0034799076312735,1.0,2
C8orf33,0.05185230659519118,0.5062573560190513,0.0,0.0,2
ARHGAP11A,0.0518205895731417,0.505968749495965,0.0,0.0,4
PKI55,0.05179735428911146,-0.505757321874342,0.0,0.0,4
BAK1,0.05179312788658243,0.4401498744412214,0.0059471475951277,2.0,4
ADCY9,0.05179075744614962,-0.5056972944257501,0.0,0.0,3
XPOT,0.051784956356451486,0.5056445078707804,0.0,0.0,4
CD58,0.051758185075607525,-0.5054009047269894,0.0,0.0,4
SLC25A3,0.051748193915614235,-0.2738290623419092,0.0209954622749202,-6.0,4
WDR18,0.05173527717679097,0.5051924561211164,0.0,0.0,3
KIAA0232,0.051724815212658225,-0.5050972583094084,0.0,0.0,4
PPP2R3A,0.051704698955490826,0.4380383086354346,0.0060656854761131,2.0,4
EMILIN1,0.051700146332219074,0.5048727857911226,0.0,0.0,1
YWHAZ,0.05169794818295952,0.5048527839065183,0.0,0.0,3
ZRSR2,0.05168015214856667,-0.5046908503049705,0.0,0.0,2
KRT33A,0.051678459277826716,0.5046754461621248,0.0,0.0,2
DOCK6,0.051654701309343416,-0.5044592624148341,0.0,0.0,5
CEACAM21,0.05162422867681531,-0.5041819791153648,0.0,0.0,4
CBX3,0.05160225099925076,0.5039819949838936,0.0,0.0,5
SS18,0.051578788622522305,0.5037685009502995,0.0,0.0,3
ADAM8,0.05157503270358964,0.503734324264277,0.0,0.0,4
PUS7L,0.051572970253036726,0.5037155571592763,0.0,0.0,4
SAE1,0.0515726897753566,0.5037130049749023,0.0,0.0,2
TDP1,0.051567192951598305,0.5036629870636865,0.0,0.0,5
FKBPL,0.05154466035856063,0.5034579535229406,0.0,0.0,4
VIL1,0.051541540683201034,0.5034295662847792,0.0,0.0,4
ZSCAN16,0.05153907198681223,0.5034071025780599,0.0,0.0,3
DTYMK,0.05151193691519033,0.5031601891489783,0.0,0.0,4
DGAT1,0.05147136656520722,0.5027910224715156,0.0,0.0,4
WISP3,0.05146465662863697,0.4817818398209126,0.0019000078936,1.0,3
IMPACT,0.051463237812586035,0.502717055532647,0.0,0.0,2
GMPS,0.05145728126964254,0.5026628544432177,0.0,0.0,4
PLAG1,0.051448028745927715,0.5025786618385355,0.0,0.0,2
TIMM9,0.05144724211147433,0.5025715039208035,0.0,0.0,4
C17orf53,0.05143064951987395,0.5024205209513651,0.0,0.0,4
NEFH,0.051430064201182,0.5024151948904153,0.0,0.0,3
C1orf54,0.05140024636423641,-0.5021438698513434,0.0,0.0,4
GUSBP11,0.05139226693621119,0.502071261679776,0.0,0.0,5
SCIN,0.051389276371117065,0.502044049270221,0.0,0.0,3
CYBB,0.05138371166658703,-0.501993413683314,0.0,0.0,3
PARP4,0.05138080604883432,-0.5019669742453453,0.0,0.0,2
NDUFB11,0.05135600495766075,0.5017412986859823,0.0,0.0,4
VTI1B,0.05134067937099502,-0.5016018447273176,0.0,0.0,2
RGL2,0.05131441174753527,-0.5013628245738924,0.0,0.0,2
CLDN6,0.05130995383645171,0.5013222601660471,0.0,0.0,3
TRAM2,0.05129478501640807,0.5011842326928093,0.0,0.0,1
MOCS2,0.05129157316693132,-0.5011550067235896,0.0,0.0,3
IL6ST,0.05128530240116229,-0.5010979463885157,0.0,0.0,4
KIF13B,0.05128303660730199,-0.5010773289772394,0.0,0.0,4
USP10,0.05128095153501636,0.5010583560275785,0.0,0.0,2
NUP62,0.0512721900482496,0.5009786315746058,0.0,0.0,5
PDE3A,0.05127112253520934,-0.5009689178244807,0.0,0.0,2
MARCH1,0.05125065973591787,-0.5007827182075397,0.0,0.0,2
FNBP1L,0.05124311738568786,-0.5007140871906559,0.0,0.0,1
ASPH,0.051235355731012136,0.3824842563785686,0.0107171123345324,2.0,3
SEPT11,0.0512313290051031,-0.5006068197577904,0.0,0.0,4
GUSB,0.05122692490875442,0.500566745032851,0.0,0.0,2
HIST1H2BJ,0.05122502280627973,0.5005494370024528,0.0,0.0,3
SIGMAR1,0.051224239159315565,0.5005423062691418,0.0,0.0,4
PLVAP,0.05117965645477561,0.5001366294900613,0.0,0.0,2
IDO1,0.05116381453068875,-0.499992477160042,0.0,0.0,1
RABGAP1L,0.05115584277254635,-0.4999199387799642,0.0,0.0,1
CNR1,0.0511505377953776,-0.499871666561553,0.0,0.0,4
PADI3,0.05114152188963653,0.4997896270433302,0.0,0.0,3
CELA2A,0.05112931788611803,-0.497284249977754,0.0002171669921178,1.0,4
RNF7,0.05112852292907152,0.4996713440340819,0.0,0.0,3
STX7,0.051112923324389076,-0.4995293966702375,0.0,0.0,5
C3orf52,0.051111642584178954,0.4995177426764154,0.0,0.0,1
TSSC1,0.05110918814094702,0.499495408665165,0.0,0.0,4
FBXL8,0.051098367669963986,0.4993969486488465,0.0,0.0,1
DOCK9,0.05109660696137519,-0.499380927220883,0.0,0.0,4
FAM49B,0.05106330767863284,0.4990779230422895,0.0,0.0,1
MOAP1,0.05105559560282927,-0.4990077476210291,0.0,0.0,3
SNX2,0.051055281865024865,-0.4990048927887959,0.0,0.0,4
SECISBP2,0.05105124728351429,-0.4989681804347779,0.0,0.0,4
COL5A3,0.05104951462920841,-0.4989524142845338,0.0,0.0,1
DDX60,0.05102275848007353,-0.4987089488305278,0.0,0.0,2
TULP2,0.05101836355364223,-0.4986689575465233,0.0,0.0,1
NFATC1,0.051003343404901855,-0.4985322828960017,0.0,0.0,4
HSPB7,0.050991314157854836,-0.4984228237178932,0.0,0.0,4
BRDT,0.05098660319383875,0.4140058151135705,0.0076527864161672,2.0,4
TOMM70A,0.050970812119497784,0.4982362670481914,0.0,0.0,4
GPR125,0.0509674770521409,0.4982059198676576,0.0,0.0,6
ANKMY2,0.05095624837958634,0.4981037454535594,0.0,0.0,3
HSPA12A,0.05093822428084531,-0.4979397365985888,0.0,0.0,2
TLE4,0.050933720704820135,-0.4978987566662341,0.0,0.0,5
FAM155B,0.05093064813865101,0.4978707980944098,0.0,0.0,4
MOGS,0.05091836620060112,0.4977590395745901,0.0,0.0,4
C1orf105,0.05091041782738004,0.4976867139837465,0.0,0.0,2
IL2RB,0.050882386370486726,-0.4974316439680811,0.0,0.0,2
NLGN4X,0.050877560161204274,-0.4973877282600262,0.0,0.0,3
GPNMB,0.05086997935301492,0.4973187472979958,0.0,0.0,1
PRAF2,0.050860512864449536,0.4972326077371496,0.0,0.0,4
SLC5A1,0.050851587682375035,-0.4971513937517251,0.0,0.0,1
HSD17B1,0.050790596596621204,0.4965964102109877,0.0,0.0,4
MOSPD1,0.050785676744940264,0.4965516424113651,0.0,0.0,4
TCF7L2,0.050762302618422135,-0.4963389514035507,0.0,0.0,3
ERO1LB,0.050739132088661834,0.496128113008264,0.0,0.0,1
CNKSR2,0.05073865568912621,-0.4961237780485265,0.0,0.0,4
ACAA1,0.050725314815947505,-0.4960023838326057,0.0,0.0,2
SLC22A13,0.05071391515657739,-0.4958986535375596,0.0,0.0,1
VSTM4,0.05068996596633384,-0.4956807297830489,0.0,0.0,4
LRRC59,0.050688778075356995,0.4525217013809236,0.0039135699670114,1.0,5
UBTD1,0.050683523065491475,-0.4956221031185466,0.0,0.0,2
B4GALT7,0.050670737782078694,0.4955057644475743,0.0,0.0,4
TBC1D15,0.05064281352699999,-0.466483767895145,0.0026092663659564,-1.0,4
SDHA,0.05063539182909458,0.4759778333715229,0.0017420235029708,1.0,5
WDR46,0.05061928912950103,0.4950376115196372,0.0,0.0,4
EPHB1,0.0506110289442609,0.4949624486200912,0.0,0.0,3
CRABP1,0.05059669853207227,0.2979407050142569,0.0178581658290583,5.0,3
PPAP2A,0.05059444581653172,-0.4948115517663971,0.0,0.0,4
PSMB10,0.05058282706160548,-0.4947058278287392,0.0,0.0,2
TRRAP,0.05058264797708566,0.4947041982633744,0.0,0.0,4
H1FX,0.050582262864698246,0.4947006939637919,0.0,0.0,2
FOXL2,0.05054726794864947,0.4943822605045984,0.0,0.0,2
ANKRD34C,0.05052562003627148,-0.4941852770452515,0.0,0.0,2
WSB1,0.05052345194666544,-0.494165548686077,0.0,0.0,3
ANXA5,0.05051952543722861,-0.4941298197253107,0.0,0.0,3
VILL,0.05050760862363357,-0.4940213836264687,0.0,0.0,3
RBMS1,0.05049036015720533,-0.4938644325761255,0.0,0.0,4
ASS1,0.05048412916674923,0.4938077341733526,0.0,0.0,2
DHRS3,0.050481364806313656,-0.4937825800951222,0.0,0.0,2
APPL2,0.05048008196016859,0.4937709069385123,0.0,0.0,1
PMS2P1,0.0504643481841927,0.4936277386936394,0.0,0.0,3
GBA3,0.05046165900689888,-0.4936032687384362,0.0,0.0,2
C2CD3,0.050442937534913114,0.1481087051488501,0.0313211176697771,-6.0,1
AASS,0.05043748273297737,-0.4933832786540335,0.0,0.0,3
SPR,0.050426575390784795,0.4932840281600432,0.0,0.0,4
AES,0.05038815443795521,-0.3548617094078292,0.0125232795570492,-1.0,4
HSPH1,0.05036717920941677,-0.4927435573250927,0.0,0.0,1
RAB31,0.05035816890905198,-0.4926615688125461,0.0,0.0,4
PPM1E,0.050341249215936974,0.4925076094088546,0.0,0.0,1
DOLPP1,0.0503342477757221,0.492443900359693,0.0,0.0,4
DUSP22,0.050332849897528925,-0.4924311804780975,0.0,0.0,4
SARS2,0.05030946799838038,0.4922184187438499,0.0,0.0,4
PEX6,0.05030372980313107,0.492166204491922,0.0,0.0,4
PLCL2,0.05030324848538907,-0.4921618247793563,0.0,0.0,5
NSDHL,0.050301899893244996,0.4921495533722502,0.0,0.0,4
PRPF38B,0.05030002088400613,-0.4921324554769172,0.0,0.0,3
NXT2,0.05029465040491472,0.4920835872289631,0.0,0.0,3
DENND1C,0.05027976974812058,-0.4919481818743275,0.0,0.0,2
PRKD1,0.0502670729351585,-0.4918326482331948,0.0,0.0,4
MAP4,0.05026519644461476,-0.491815573256528,0.0,0.0,5
ORC4,0.05025863948911518,0.491755908760731,0.0,0.0,3
ADARB2,0.05025341050618441,-0.4917083280458527,0.0,0.0,1
LSM4,0.05025185848686094,0.4916942055692844,0.0,0.0,4
TECPR2,0.05023988101208843,-0.2435807744815354,0.0224941551697351,-5.0,2
USP8,0.05020625840256592,-0.3421647801970333,0.0135247758408736,-3.0,4
SLC7A2,0.050205137405684705,-0.4912690708018378,0.0,0.0,3
EREG,0.05019004389516548,-0.4911317286016362,0.0,0.0,2
H2AFX,0.050179873728366034,0.4910391859765872,0.0,0.0,4
SLC25A46,0.050174780686925935,-0.4909928422505064,0.0,0.0,2
GCH1,0.05017202277103495,-0.4909677468138976,0.0,0.0,4
CD1D,0.050156677297782955,-0.4908281118988207,0.0,0.0,3
MPHOSPH8,0.050133690694651026,-0.4906189471292809,0.0,0.0,5
TM9SF1,0.05013362858334569,0.490618381952391,0.0,0.0,4
CTSF,0.05012906605494482,-0.4905768655875758,0.0,0.0,4
PPIP5K1,0.05010168885719726,0.2279927191401265,0.0237939481868444,4.0,4
SNRPA1,0.050100364697929146,0.4903156998689523,0.0,0.0,2
MAP3K6,0.05008901343083671,-0.3079131141565253,0.0165346579940769,-5.0,4
HSPA4,0.05007133449262239,0.4900515418214221,0.0,0.0,5
HEATR1,0.05006090083116289,0.4899566015476414,0.0,0.0,4
MRPS12,0.05006047761141549,0.4899527504931632,0.0,0.0,4
HGFAC,0.05004869346624764,0.1343903094187743,0.0322400058714353,-6.0,2
PSIP1,0.05004616168402268,-0.4898224838488626,0.0,0.0,5
ITGB8,0.05003868666318134,0.4897544654904036,0.0,0.0,4
FAM182A,0.05003344773784972,-0.4897067943054383,0.0,0.0,1
LAT,0.05003060829308711,-0.4896809570033374,0.0,0.0,2
PTAFR,0.05002975620390336,-0.4896732034854852,0.0,0.0,4
TNF,0.05002482565087209,-0.469533404929809,0.0018226227889033,1.0,4
CD14,0.05001497412834993,-0.4895386951630198,0.0,0.0,3
MVD,0.04999730515710791,0.4893779177625212,0.0,0.0,1
GPR143,0.04999646754414969,0.4893702959699335,0.0,0.0,4
SNRPD2,0.04997966796414007,0.4892174295259047,0.0,0.0,4
CLEC11A,0.04991401791447958,0.4886200521131263,0.0,0.0,4
SLC39A14,0.04991223734334358,0.4886038499474921,0.0,0.0,3
IRGC,0.049904349904776046,0.0801162741288019,0.0370435641121743,7.0,1
NR0B1,0.049901840713049206,0.4885092466358574,0.0,0.0,2
DNAJC9,0.04989565074677099,0.4884529215293329,0.0,0.0,3
BTNL8,0.04988159688396766,-0.4053147223571112,0.0075290867063904,3.0,3
PDGFRB,0.049864676754051714,-0.4881710761426234,0.0,0.0,2
PMS2P5,0.049857901751227666,0.4881094275425153,0.0,0.0,3
DENND4C,0.04984641163542113,-0.4880048741463103,0.0,0.0,4
GTF2H4,0.04980230018944437,0.4876034855470969,0.0,0.0,3
AARS,0.04979773476280689,0.4875619428100079,0.0,0.0,5
LUC7L3,0.049791985492087895,-0.4875096277777233,0.0,0.0,1
C5orf22,0.04975137053077941,0.4871400551630485,0.0,0.0,3
CKM,0.049750937981927305,0.487136119219123,0.0,0.0,3
PPP1R12A,0.049748072763972744,-0.4871100473959089,0.0,0.0,5
DLG5,0.04974300881217077,0.4870639683686798,0.0,0.0,4
KCND2,0.04969355423061419,0.4866139603316244,0.0,0.0,4
DLAT,0.049690648162229865,0.4865875167931692,0.0,0.0,3
CARD9,0.049686738837627725,-0.4865519442044413,0.0,0.0,2
NAT9,0.049666442323917336,0.4863672576899385,0.0,0.0,4
TRIM58,0.04965969195209102,-0.486305833217638,0.0,0.0,4
FXR1,0.04965519603644145,0.4862649229902627,0.0,0.0,3
CASP6,0.04965279629817959,0.4862430867625427,0.0,0.0,5
SLC29A3,0.04965266145491934,0.4862418597670057,0.0,0.0,1
KCNJ12,0.0496492238134998,-0.4862105792219355,0.0,0.0,2
DPY19L2P2,0.049647916393333644,-0.4861986824559725,0.0,0.0,1
CUL4B,0.0496268074630947,0.4860066034217924,0.0,0.0,3
XRCC3,0.04962087184875448,0.4859525927705264,0.0,0.0,3
ERCC5,0.049609243458052565,-0.485846781152893,0.0,0.0,2
PPCS,0.04959833890499764,0.4857475560384392,0.0,0.0,2
SDS,0.04959461964984629,0.485713712971583,0.0,0.0,3
AVPR1A,0.04959034098092796,-0.4856747795635843,0.0,0.0,2
MRPS2,0.04958891544365415,0.4856618080003814,0.0,0.0,2
PRDM11,0.04958774445891179,-0.485651152717721,0.0,0.0,4
SMUG1,0.049550566160001884,0.485312851739593,0.0,0.0,4
OSBPL1A,0.04953762642716074,-0.4851951076683141,0.0,0.0,5
MAN2B2,0.04953117818824454,-0.485136432430433,0.0,0.0,3
CCZ1,0.04950368198467109,0.4848862329098404,0.0,0.0,5
TRPS1,0.049501607345401454,0.4848673548945799,0.0,0.0,2
TBCEL,0.04950058678866433,-0.4848580684196058,0.0,0.0,5
MTPAP,0.04949503659627594,0.4848075648847792,0.0,0.0,2
SWAP70,0.049477174347906,-0.4710646901385801,0.0012317450479013,-2.0,4
SYT17,0.049445744576714766,-0.4843590360676899,0.0,0.0,2
ZNF395,0.049441991413953584,-0.484324884461231,0.0,0.0,3
SLC9A2,0.04943998225931718,0.4843066023181896,0.0,0.0,4
CHD1,0.049437137434601514,-0.4842807160616332,0.0,0.0,3
KCNE4,0.04942602527700786,0.4841796018661678,0.0,0.0,2
KRT2,0.04941398542277015,-0.4840700461687701,0.0,0.0,1
RAPGEF5,0.0494122801730016,-0.4840545293839368,0.0,0.0,4
CKB,0.04936735954343651,-0.4555353762722854,0.0025496306580114,-1.0,3
GSDMB,0.049365532737158824,0.4836291548042952,0.0,0.0,3
SF3B4,0.0493632531357187,0.483608411752043,0.0,0.0,4
STAU2,0.04935501491473107,0.4022254708020729,0.0073746834916368,2.0,4
OSTM1,0.049347709815480645,-0.48346697654403,0.0,0.0,4
TMCO3,0.04934477482779014,0.483440269856645,0.0,0.0,3
CBX8,0.04934415432672065,0.4834346236564451,0.0,0.0,4
KHDRBS2,0.04933930405807074,-0.4833904890220869,0.0,0.0,4
TRPC1,0.04932930818613978,-0.4832995323793507,0.0,0.0,4
ZNF74,0.0493253870556268,0.4832638523636748,0.0,0.0,4
PJA2,0.049303378013028,-0.4830635828285656,0.0,0.0,4
CYP2C8,0.04929381012549282,-0.4829765205958471,0.0,0.0,1
CD3E,0.049289849749734264,-0.4829404834711761,0.0,0.0,1
BRCA2,0.049251738571158214,0.4825936938286178,0.0,0.0,4
ST3GAL6,0.049250833916758816,-0.4825854619977606,0.0,0.0,2
ITGA4,0.049246078650155574,-0.4825421918269807,0.0,0.0,3
FGF7,0.04924459721397915,-0.4601751069291014,0.0020274856624991,-1.0,4
CNNM4,0.04920798055184073,0.4821955212072204,0.0,0.0,1
VAPA,0.04914509814509808,-0.4816233277413591,0.0,0.0,4
LRFN3,0.04913448422259374,0.4815267471965177,0.0,0.0,3
HAUS4,0.04912091855103067,0.4814033074455525,0.0,0.0,3
SNX1,0.049120550479741544,-0.4813999582100903,0.0,0.0,5
CMKLR1,0.04910949286425972,-0.4812993403162396,0.0,0.0,4
PUF60,0.04908589226678923,0.4810845885539812,0.0,0.0,3
DSN1,0.04908003839943391,0.4810313217529117,0.0,0.0,4
CLEC7A,0.04906691056916709,-0.480911866104047,0.0,0.0,3
ARID4A,0.04905523790323106,-0.4808056516074374,0.0,0.0,4
PRICKLE3,0.04904366955178503,0.4807003863122445,0.0,0.0,3
DLX4,0.049041204798740634,0.3948811167645432,0.0077818261938807,1.0,4
BAG4,0.04902767631597613,0.4805548571332281,0.0,0.0,2
FAM21C,0.04902560511790623,-0.4805360104308913,0.0,0.0,3
PDE4DIP,0.0489955555306829,-0.4802625765985733,0.0,0.0,4
PCSK2,0.0489872022708862,-0.4801865667744921,0.0,0.0,4
RNF19B,0.04898663477764613,0.4801814029148259,0.0,0.0,1
WDR4,0.04898661863304623,0.4801812560083214,0.0,0.0,4
MREG,0.04898179103496116,0.4801373276629674,0.0,0.0,2
HPD,0.04896563550639605,-0.4799903217139056,0.0,0.0,2
GUF1,0.04896080803041509,0.4799463944796283,0.0,0.0,4
CAPN7,0.04895713113138146,-0.4799129368289012,0.0,0.0,2
PSMG1,0.04893839621259718,0.4797424599234023,0.0,0.0,5
MUC3A,0.04890851901612734,0.479470594747054,0.0,0.0,4
GPR64,0.04890564788991175,-0.479444469162088,0.0,0.0,2
PYGL,0.048905366993657017,0.4794419131689276,0.0,0.0,2
GAS8,0.04890257458105251,-0.2773969115811321,0.0183233009873454,-4.0,2
AZI2,0.04889716706417476,-0.4793672985618647,0.0,0.0,5
CCDC19,0.04888942406218515,-0.4792968417302307,0.0,0.0,2
BCL6,0.04888026872639131,-0.4792135334793166,0.0,0.0,4
CDK17,0.04887682433392546,-0.4791821915036367,0.0,0.0,4
MCL1,0.04886772252238467,-0.4790993702924122,0.0,0.0,4
GBP2,0.04881232051626446,-0.4785952441379008,0.0,0.0,3
ATP13A2,0.048811481123827494,0.4785876061530875,0.0,0.0,4
MAGEC1,0.04880659550589629,0.4785431498607517,0.0,0.0,3
BCAS1,0.048794828403660624,0.4784360760485338,0.0,0.0,4
RHOB,0.0487587110950694,-0.4781074294675438,0.0,0.0,4
GYS1,0.0487515371419295,0.4780421506507223,0.0,0.0,4
FOXRED2,0.04874175702809069,0.4779531572816096,0.0,0.0,4
IER5,0.048728729837492255,-0.4778346173954144,0.0,0.0,4
SLC24A2,0.04872829801331326,0.4778306880455943,0.0,0.0,4
RAP1A,0.04872377469162164,-0.477789528439116,0.0,0.0,4
CA14,0.04870772780284747,0.4776435110492034,0.0,0.0,4
TCL1A,0.048676314591762755,0.4532161312011417,0.0021896522956211,2.0,2
COL6A2,0.04867391284832493,-0.4773358145562021,0.0,0.0,1
NDE1,0.04867377419355929,0.4773345528781745,0.0,0.0,4
PXN,0.04867003420156439,-0.4179708840519104,0.0053812344897808,-1.0,5
CSTF1,0.04866450161535587,0.4772501777892661,0.0,0.0,5
NRG1,0.048648934441050715,-0.3918522377372251,0.0077327976200551,-2.0,2
CD1E,0.0486272901056749,-0.4769115746123645,0.0,0.0,2
DMXL1,0.04862640643488953,-0.4769035337202365,0.0,0.0,3
PDGFB,0.048619990456675956,-0.4768451520360567,0.0,0.0,4
PDPN,0.04860984170905042,-0.4767528043130796,0.0,0.0,3
SIRPA,0.048594382562366124,-0.4766121350356337,0.0,0.0,4
UGGT1,0.04857566747627604,0.4764418385961605,0.0,0.0,4
SNTG2,0.04856425034841851,-0.4763379493480006,0.0,0.0,3
CD72,0.04856051943764412,0.4763040002217282,0.0,0.0,2
GTF2E1,0.04855655517868127,0.4762679277621481,0.0,0.0,3
SNRPG,0.048530911320416106,0.4760345835105699,0.0,0.0,4
POLR2G,0.0485304818120931,0.4760306752336974,0.0,0.0,4
SLC38A1,0.04849649436899715,0.4757214091946219,0.0,0.0,3
AHSA2,0.04848964162214262,-0.4756590531688831,0.0,0.0,2
LEF1,0.0484616346348831,0.4754042058127069,0.0,0.0,4
CORO1C,0.04845441382363905,-0.4753385006142883,0.0,0.0,3
CCNG1,0.04844966786691404,-0.475295315158006,0.0,0.0,2
GART,0.04844701364196474,0.4752711632488857,0.0,0.0,5
FARSA,0.04844348064039717,0.4752390149817223,0.0,0.0,4
KCNS3,0.04842917527219097,-0.4751088444199016,0.0,0.0,1
CNPY2,0.04842741193082545,0.4750927990351954,0.0,0.0,5
FBXW2,0.04839809896821415,-0.3114518888859973,0.0148181383063368,-1.0,4
RNF208,0.04839234007749158,0.4747736654912868,0.0,0.0,5
DCAF17,0.04838428247270153,0.4747003459564569,0.0,0.0,3
LZTFL1,0.04837574802482731,-0.4746226874258547,0.0,0.0,5
ZFY,0.048368621066462565,-0.4745578362342573,0.0,0.0,1
ATP5B,0.04836480063760398,0.4745230725452876,0.0,0.0,2
KAT2A,0.04833858794512294,0.4742845522319403,0.0,0.0,4
FDXR,0.04833569108476164,0.4742581924811593,0.0,0.0,4
LECT1,0.04833156011965255,0.4742206030922417,0.0,0.0,2
RLF,0.048325219747867534,0.4741629093827537,0.0,0.0,1
SMAD3,0.04832146586380123,0.4741287512128362,0.0,0.0,1
LRRC6,0.04831410904340561,-0.4740618084099451,0.0,0.0,2
GJA9,0.04829767422965159,0.4739122611274884,0.0,0.0,4
RUFY2,0.04828990012025992,-0.47384152123652,0.0,0.0,5
EPS8L3,0.048265808167970416,0.4736222984301107,0.0,0.0,1
HRH1,0.048257167414609024,-0.4735436725811711,0.0,0.0,1
ZMYND10,0.048241712643557276,-0.4734030431194461,0.0,0.0,3
S100A6,0.048198084764030896,-0.4730060546947418,0.0,0.0,2
PGF,0.04819379601819225,0.472967029592607,0.0,0.0,3
FGFR3,0.048184898861209025,0.4728860706192748,0.0,0.0,1
TBC1D9,0.04817570843541794,-0.4728024430697177,0.0,0.0,4
DMD,0.04816786581015107,-0.4727310797239846,0.0,0.0,4
RAB33B,0.04816742210499658,-0.4727270422641716,0.0,0.0,4
NFE2L1,0.04816521256026487,0.4727069366873735,0.0,0.0,1
TIMM10,0.0481447163496271,0.4725204330465405,0.0,0.0,4
PSMC3IP,0.04814272114571321,0.4725022778469906,0.0,0.0,2
DVL3,0.04814103025539935,0.4724868917248748,0.0,0.0,4
POLR1C,0.048140334410826296,0.4724805599424482,0.0,0.0,4
BCL2L11,0.048135593819702456,0.4724374233100276,0.0,0.0,4
KIAA0930,0.04813380655711467,0.4724211602560593,0.0,0.0,2
HSD17B10,0.0481110720627606,0.4722142895303204,0.0,0.0,4
RYBP,0.04809228621862117,-0.472043349233597,0.0,0.0,4
CD3G,0.0480903814980606,0.4720260173801343,0.0,0.0,1
CHRNA10,0.048078009637923746,-0.2382191323754288,0.0211962171654069,3.0,2
FAM114A2,0.0480656065111118,-0.4718005793540912,0.0,0.0,2
TMX4,0.04806261932773906,-0.4717733977162412,0.0,0.0,5
HEBP2,0.04805272207238438,0.2942686099636733,0.0160916247429368,4.0,4
MTRF1L,0.048040345662496264,-0.1748999172533612,0.0269082238867498,-6.0,4
CAD,0.04803551706538831,0.4715267828325167,0.0,0.0,4
MCCC2,0.0479947146832966,0.4711555047973104,0.0,0.0,4
PDP1,0.04797467406786364,0.4709731468088589,0.0,0.0,3
MXI1,0.04797067216790612,-0.4709367318380373,0.0,0.0,2
FUZ,0.04796923696550203,-0.470923672327749,0.0,0.0,1
BATF,0.047967907802019635,0.4709115777102068,0.0,0.0,2
TIMM50,0.04795944144946329,0.4708345388075413,0.0,0.0,4
AP2B1,0.047936906202509004,0.470629481117692,0.0,0.0,5
ETF1,0.04792303532001154,-0.4705032641240699,0.0,0.0,4
C1orf68,0.047908641774525404,0.0933211536592851,0.0341987695539674,-7.0,1
ZNHIT3,0.04789927480332521,0.4702870571896081,0.0,0.0,5
GCN1L1,0.047880586574023234,0.4701170051313453,0.0,0.0,2
C14orf2,0.04786432559412177,0.4699690396362236,0.0,0.0,4
SGCD,0.04784834329251919,-0.4698236099521492,0.0,0.0,4
OXCT2,0.04783415438384047,-0.4696944991045493,0.0,0.0,1
AMDHD2,0.04782871557935556,0.4696450091351036,0.0,0.0,2
CDCP1,0.04782317504853841,0.4695945935149772,0.0,0.0,4
KIF1A,0.04775921302949905,0.4690125762027677,0.0,0.0,3
PELI1,0.047758502650628254,-0.4690061121666531,0.0,0.0,3
TMEM208,0.04775430824482104,0.4689679455041416,0.0,0.0,4
FASN,0.04775421023372012,-0.4689670536599131,0.0,0.0,1
CHAD,0.04774031103182202,0.4688405789761541,0.0,0.0,3
HAGH,0.04773250248255529,-0.468769525702278,0.0,0.0,2
BCL11B,0.04772403635971209,0.468692488889869,0.0,0.0,3
SLC3A2,0.04772074049385272,0.4686624984202484,0.0,0.0,2
DPM2,0.047717613380723056,0.4686340435026889,0.0,0.0,4
SKI,0.04771530969802322,-0.4686130813249265,0.0,0.0,4
MRPS7,0.047712483810854786,0.4685873673890771,0.0,0.0,4
CAPN2,0.04769421722705083,-0.4684211520605352,0.0,0.0,2
LOC100129973,0.04769404586094088,0.4684195927282281,0.0,0.0,2
TGFB2,0.047688038893374224,-0.4683649328039452,0.0,0.0,3
SPC24,0.04768780934016055,0.4683628440027091,0.0,0.0,4
POMZP3,0.047686199434919876,0.4683481947978347,0.0,0.0,3
THBS1,0.047684475166557105,-0.4683325049548138,0.0,0.0,1
PNMA3,0.04768040865361871,0.3670887872864002,0.0091795111343773,4.0,4
PTPN22,0.047673186389039855,-0.4682297836203813,0.0,0.0,2
CD5,0.047640554463761,0.4679328520080235,0.0,0.0,1
CD81,0.04761397084175337,-0.4676909564509093,0.0,0.0,4
RHBDF2,0.04760230890380669,0.4675848395727867,0.0,0.0,3
ANO2,0.04760012897950085,-0.4675650035247012,0.0,0.0,4
TOMM40,0.04756116501395789,0.4672104540148682,0.0,0.0,5
CNGA1,0.047560012088338884,0.4671999630597666,0.0,0.0,3
SQRDL,0.047546025022210614,-0.4670726888624236,0.0,0.0,3
FSCN2,0.047523951292527164,0.4668718307123253,0.0,0.0,2
R3HCC1,0.04751980010950081,-0.2062950455286407,0.0236310482532457,-4.0,4
OAS1,0.04751680685873775,0.466806820504489,0.0,0.0,3
PTGES2,0.04750663807290122,0.4667142904454024,0.0,0.0,4
KCNK12,0.047500935196031095,0.4666623975702609,0.0,0.0,4
COL4A3BP,0.04748884880914331,-0.4665524184527095,0.0,0.0,3
LILRA6,0.04747531061839729,-0.4664292287612564,0.0,0.0,3
PLAUR,0.04747202123831848,-0.4663992973084809,0.0,0.0,1
CENPO,0.047462164835640995,0.4663096097551397,0.0,0.0,4
RWDD1,0.04743023585030585,-0.4660190744889702,0.0,0.0,3
TSC22D1,0.04742110511606723,-0.4659359900979539,0.0,0.0,5
SLC38A6,0.04741839964952127,0.4659113719199945,0.0,0.0,2
SCYL3,0.04741697848788215,0.4658984401725319,0.0,0.0,2
PNRC2,0.047393035508384244,-0.4656805729322079,0.0,0.0,4
LSM7,0.047381670823920204,0.4655771608885418,0.0,0.0,4
ADAMTS3,0.04737612772324529,-0.4655267218841987,0.0,0.0,1
PCOLCE,0.047366665623707525,0.4654406222609608,0.0,0.0,3
ZMAT4,0.047356800316563315,0.4653508536821318,0.0,0.0,2
SNRPF,0.047342562197625004,0.4652212950496831,0.0,0.0,4
AKR7A3,0.04733590965955179,0.4651607608078488,0.0,0.0,4
SND1,0.04733067539548503,0.4651131320376929,0.0,0.0,4
DNAJC10,0.04731367892656956,0.4649584740187028,0.0,0.0,5
NAAA,0.04730740208727113,-0.4649013584180306,0.0,0.0,3
SP140L,0.04727800246467977,0.4646338388872593,0.0,0.0,1
ZDHHC8P1,0.047259020608464215,0.464461114994217,0.0,0.0,3
EZH1,0.04725609515902783,-0.4644344950994178,0.0,0.0,5
MLF1,0.047250734722426226,-0.4643857182323021,0.0,0.0,1
SLC7A8,0.04724781714950854,0.4643591700092593,0.0,0.0,2
GABBR2,0.04723423315108158,0.3847268448544729,0.0072114895715056,2.0,4
RUVBL2,0.04722824847344004,0.464181106395572,0.0,0.0,2
ASAH1,0.0472224345166146,-0.4641282027571993,0.0,0.0,4
TMOD3,0.04721754842764633,-0.4640837421786992,0.0,0.0,3
TARS,0.04719664224836465,0.4638935080607517,0.0,0.0,4
CD53,0.047168016822119824,-0.4636330332681468,0.0,0.0,3
ERN2,0.047164070901148276,0.4635971276736621,0.0,0.0,3
USP47,0.0471636116366072,-0.2588513811952934,0.0185701858070736,-4.0,4
REG1A,0.04712482610247973,0.297103380807455,0.015068695374194,3.0,2
ILK,0.04712450278629244,-0.4632370807551398,0.0,0.0,4
CANX,0.047122886461643226,0.4632223731373672,0.0,0.0,2
RPA4,0.04710934068936063,-0.4630991144583242,0.0,0.0,3
SMARCC1,0.047107077932644154,0.4630785246832969,0.0,0.0,4
ABCF3,0.047091559201568114,0.4629373132224108,0.0,0.0,3
ZNF471,0.04708928390707879,-0.4629166093609153,0.0,0.0,4
PPP2CA,0.047067130355695354,-0.4627150248795976,0.0,0.0,3
TMEM30B,0.04705946246680059,0.4626452515336045,0.0,0.0,3
HMGCR,0.04705776121080236,-0.462629771089767,0.0,0.0,3
POLE,0.047026739403308426,0.4623474906163131,0.0,0.0,4
LUC7L,0.04702091519910011,-0.4622944937326938,0.0,0.0,1
IGF1,0.04701840217898078,-0.462271626705709,0.0,0.0,1
GPD2,0.0470082888309777,0.4621796010987848,0.0,0.0,3
DBNDD2,0.04700303985629233,-0.4471470866025243,0.0013591261898835,-1.0,4
CTDSPL,0.04699841876745118,-0.4620897892396328,0.0,0.0,5
NKX3-2,0.04699023882530987,0.4620153565057914,0.0,0.0,4
CLCN5,0.046990067670517846,0.462013799096355,0.0,0.0,2
KLHL29,0.04698913345493143,-0.4620052982758243,0.0,0.0,2
DDO,0.04698734576641622,-0.4619890313461633,0.0,0.0,3
CD200,0.046984826309529513,-0.4619661057483249,0.0,0.0,3
HSD17B3,0.04695036032598288,-0.4616524852684254,0.0,0.0,2
PTPRE,0.04694977137904257,-0.4616471261925178,0.0,0.0,3
PACSIN3,0.04694924427111516,0.4616423298157967,0.0,0.0,3
FAIM3,0.046945706774991255,0.4616101406507749,0.0,0.0,1
OSBPL3,0.04693907995761682,0.4615498404523963,0.0,0.0,3
MPP3,0.046925325228083334,-0.4614246803834447,0.0,0.0,2
ATAD5,0.04692263647950102,0.4614002143292677,0.0,0.0,4
POLG2,0.04691579199411158,0.4613379334780744,0.0,0.0,4
PTK2,0.04690133548286487,0.4612063876021607,0.0,0.0,3
ERI3,0.04688745177787512,0.4610800539312885,0.0,0.0,4
AZIN1,0.04688721303106428,0.4610778814736452,0.0,0.0,4
MTMR4,0.04684683420137818,0.4607104575199141,0.0,0.0,4
SLC1A5,0.046845298555513774,0.4606964840323361,0.0,0.0,4
GPR162,0.04683329079622493,-0.4605872203803765,0.0,0.0,3
NIP7,0.046828409999492907,0.4605428079581597,0.0,0.0,2
EPHX1,0.046825472240734786,-0.4605160760556651,0.0,0.0,2
MRPL42,0.046812475340264045,0.4603978117920811,0.0,0.0,3
SOX12,0.04680230457289218,0.4603052637021711,0.0,0.0,4
AMPD3,0.04678564805915241,0.4601536990783021,0.0,0.0,4
GATA3,0.04676374910380178,-0.4599544312733642,0.0,0.0,1
MICALL2,0.04675349917802871,0.4598611628878694,0.0,0.0,3
OVOL2,0.04675127188007898,0.459840895767074,0.0,0.0,4
USP5,0.04673720066269819,0.4597128558420922,0.0,0.0,3
PPIC,0.04673697071053382,0.459710763410636,0.0,0.0,3
ZDHHC7,0.04673692045320456,-0.4597103060980599,0.0,0.0,2
SNHG3,0.046716833776821454,0.4595275289816509,0.0,0.0,5
HERC5,0.04669859462706915,-0.4593615632870831,0.0,0.0,1
ASCC3,0.0466961511313197,0.4593393288915802,0.0,0.0,4
ATP2B4,0.04668294043107576,-0.4592191191739405,0.0,0.0,4
FASTKD1,0.04667559318304419,0.4591522634740159,0.0,0.0,4
CCNG2,0.046671738093924296,0.2209715246153116,0.0215999574812621,3.0,2
POLI,0.04666637532043353,-0.4590683862652981,0.0,0.0,4
ENDOD1,0.046666355600826735,0.4590682068283023,0.0,0.0,2
CDC27,0.04666325156827373,0.459039961930617,0.0,0.0,2
CRTAP,0.046658776091046544,-0.4589992376810429,0.0,0.0,4
BANF1,0.04662906811368511,0.4587289123005317,0.0,0.0,4
CPEB1,0.046620109681949864,-0.4586473957624601,0.0,0.0,3
ANKRA2,0.04661863436352358,0.4586339712196139,0.0,0.0,1
TMEM180,0.046613797383029835,-0.4585899574997774,0.0,0.0,2
ENTPD7,0.046595947262902095,0.4584275317493806,0.0,0.0,4
PPP1R13L,0.046593736625346736,0.4584074162285205,0.0,0.0,3
EVPL,0.04659258921554628,0.4583969754641717,0.0,0.0,2
HOXC4,0.04657592996551035,0.4582453859415931,0.0,0.0,3
PLD3,0.046575463915579395,0.4582411451572614,0.0,0.0,1
ZNF136,0.04649138823819207,-0.4574761052083966,0.0,0.0,2
SLC6A3,0.04648117626299451,0.4573831821511495,0.0,0.0,4
SLC16A10,0.04647166444071404,-0.4572966300797634,0.0,0.0,2
GEMIN6,0.04643338515907798,0.4569483107967618,0.0,0.0,4
TONSL,0.0464316909896994,0.456932894837057,0.0,0.0,3
WDR43,0.04642306485880681,0.4568544020441109,0.0,0.0,2
EIF5A,0.04638174745186571,0.4564784375811923,0.0,0.0,3
TFAM,0.04635352999105664,0.4562216750376683,0.0,0.0,3
LILRB3,0.046342380147971894,-0.4561202179260699,0.0,0.0,4
HAT1,0.046333871995009275,0.4560427986639274,0.0,0.0,2
SMG8,0.04633249280160017,0.4560302488030406,0.0,0.0,4
GABRE,0.046318091237375826,0.4558992029131929,0.0,0.0,1
APBA2,0.04631580984267709,0.4558784435433264,0.0,0.0,3
WASF2,0.046306096260472794,-0.4557900555735378,0.0,0.0,4
ING3,0.04627068634965907,-0.4554678459024407,0.0,0.0,4
BMP3,0.046267874314236596,0.4554422580094535,0.0,0.0,2
SHC1,0.04625602558372101,0.4553344414271856,0.0,0.0,3
RAD51C,0.04624394594742797,0.455224523736135,0.0,0.0,5
PABPC3,0.04624163813286636,0.4552035239608246,0.0,0.0,5
CDYL,0.04623832009309987,0.4551733317214972,0.0,0.0,3
CTIF,0.046236010464436296,-0.4551523154389101,0.0,0.0,4
TRIB1,0.04623096894665363,-0.4551064405482579,0.0,0.0,3
BCAS3,0.04622194130798511,-0.4550242942671936,0.0,0.0,2
STAT6,0.04617715644191853,-0.4546167779353578,0.0,0.0,3
PPIH,0.04617310029116256,0.4545798693137045,0.0,0.0,4
AP1B1,0.046168035094086124,0.4545337789551993,0.0,0.0,4
RPRM,0.04616233473709069,0.4544819090094574,0.0,0.0,2
SYK,0.046157283984275696,-0.454435950085362,0.0,0.0,2
LAT2,0.04614670797755068,-0.4543397145521432,0.0,0.0,3
ENAH,0.04613498428546011,0.4542330357470929,0.0,0.0,4
FOXG1,0.046132723778537124,0.4542124664438828,0.0,0.0,2
CDKL1,0.04612017619105521,-0.454098290668155,0.0,0.0,4
HRC,0.046101379512007136,-0.3083451570520366,0.0132043853288946,-5.0,3
ARHGAP17,0.046097294335425504,-0.4538900790401923,0.0,0.0,2
RPAP1,0.046092425665158754,0.4538457769617832,0.0,0.0,1
SPSB3,0.046083405282897935,-0.4537636967098244,0.0,0.0,1
PRRX2,0.04608187467906929,0.4537497691018504,0.0,0.0,3
QPCTL,0.04607318770394907,0.3644288893800551,0.0080942890422703,-4.0,1
KDSR,0.046066160378666815,-0.453606778073411,0.0,0.0,4
RGS3,0.0460504315157884,-0.4534636545348783,0.0,0.0,3
HNRNPAB,0.04604933064248465,0.4534536372256852,0.0,0.0,6
CCT7,0.04604891420897306,0.4534498479220208,0.0,0.0,4
HCP5,0.046035887868913015,0.4533313157752321,0.0,0.0,2
LRRC1,0.04603544301322605,0.4533272678462402,0.0,0.0,2
NDUFA9,0.04602633222790957,0.4532443649788565,0.0,0.0,3
SSX2,0.046023991483084295,0.4532230655572273,0.0,0.0,4
SOX13,0.04601209994725118,-0.4531148594713723,0.0,0.0,5
FLJ10038,0.046011040882336464,-0.4531052225942947,0.0,0.0,4
SLC25A37,0.04601102242441268,-0.4531050546378832,0.0,0.0,3
SMARCA2,0.04600765982580648,-0.4530744569389329,0.0,0.0,5
CACNB2,0.04598494731968371,-0.4528677862933584,0.0,0.0,5
ULK1,0.04598050059508559,0.4334437072498518,0.0017581059046938,1.0,2
SLC9A3R2,0.04597251930918308,-0.4384676874793647,0.001295840675824,-1.0,3
SERPINA4,0.04596556183300964,0.4526913895970163,0.0,0.0,3
MPHOSPH9,0.0459566213632352,0.4526100365023804,0.0,0.0,4
RNMT,0.04595611431727386,0.4526054226779262,0.0,0.0,2
BBOX1,0.0459251220775843,0.4523234112543598,0.0,0.0,4
SERPINI2,0.045912809568310654,-0.4522113745541176,0.0,0.0,3
TBCCD1,0.04590748289807017,0.4521629049413231,0.0,0.0,3
ZKSCAN4,0.04589860267685797,0.4520821000736942,0.0,0.0,4
TAX1BP1,0.04589071907851913,0.452010363896747,0.0,0.0,3
ARFGEF1,0.045886710719711746,0.4519738901541341,0.0,0.0,3
CCDC51,0.045880992934437155,0.4519218616211501,0.0,0.0,3
ASGR1,0.04585861475717199,-0.4517182331744621,0.0,0.0,4
TFDP1,0.04585788873275133,0.4517116267729091,0.0,0.0,4
C11orf63,0.04584074333232021,-0.4515556135634209,0.0,0.0,4
OVGP1,0.04583137010786223,0.4514703226519127,0.0,0.0,3
TP53TG3,0.04582874803674745,0.4514464633240559,0.0,0.0,2
TRAT1,0.04582096864078264,-0.4513756753283351,0.0,0.0,1
SLMO2,0.045816495472453915,0.4513349720883992,0.0,0.0,3
YPEL5,0.04580926605075506,-0.451269188539831,0.0,0.0,5
HECA,0.04578924378657621,-0.4510869975371587,0.0,0.0,5
PRIM2,0.045775398588834754,0.450961014259934,0.0,0.0,4
BCL7B,0.04576897721446638,-0.4454665487267463,0.0004930516874099,-1.0,3
DAP3,0.045761111494556944,0.4508310099802733,0.0,0.0,5
TMBIM4,0.04576027031646806,-0.4508233557470622,0.0,0.0,2
GRN,0.04575213747993173,-0.4507493516469321,0.0,0.0,4
NEUROD1,0.045744565043423516,0.4506804468623493,0.0,0.0,1
CCR5,0.045735397820636646,-0.4505970304466862,0.0,0.0,2
ROR2,0.04573235993439741,0.4505693874421295,0.0,0.0,4
BCL3,0.04570602164121095,-0.4503297242351389,0.0,0.0,3
MRPL11,0.04570574039119276,0.450327165022936,0.0,0.0,3
EIF3I,0.04570551971520128,0.4503251569992783,0.0,0.0,5
BNC2,0.04570326986881732,-0.4503046847007964,0.0,0.0,3
BCKDK,0.04567196277435467,0.4500198082812289,0.0,0.0,4
ERAL1,0.04565766364689412,0.4498896945065777,0.0,0.0,5
CAMLG,0.045655795162296266,-0.4498726923793796,0.0,0.0,1
RIMS3,0.04565552133203211,-0.4498702006826393,0.0,0.0,4
TUB,0.045654140779199846,-0.4498576384517894,0.0,0.0,2
CD47,0.04563757963539948,-0.4497069416391095,0.0,0.0,3
PNPLA4,0.04561995635561285,0.4495465800043803,0.0,0.0,1
SPATA2L,0.045615798630374266,-0.4495087471137898,0.0,0.0,3
GUCY1B3,0.04559609644838915,-0.4493294686736176,0.0,0.0,4
NR2E1,0.04558862895601249,0.449261518819825,0.0,0.0,3
SORL1,0.04557950505678749,0.4491784966234722,0.0,0.0,3
KIF16B,0.045561894808301764,0.3118229499104231,0.0124436982320386,3.0,3
TRIP10,0.045548775648980334,-0.448898876817745,0.0,0.0,5
ZFP36L2,0.04554050458796469,-0.4488236149549435,0.0,0.0,4
GLDC,0.045526453179737796,0.4486957552817843,0.0,0.0,4
NDST1,0.0455015862767869,-0.4484694808733804,0.0,0.0,6
PEX13,0.045495776622345795,0.4484166163842122,0.0,0.0,3
DHRS7B,0.04549407135047316,-0.4484010993982446,0.0,0.0,3
DPH2,0.045476619948168685,0.4482423017490133,0.0,0.0,4
HOXA7,0.04546749625387863,-0.438636638501165,0.0008637095561169,-1.0,2
NME7,0.04545200078295548,0.4480182816104774,0.0,0.0,2
GPR17,0.0454452478925897,-0.4479568342209271,0.0,0.0,3
KLHL4,0.04541468412917282,-0.4476787216831733,0.0,0.0,4
HHAT,0.0453966436972842,0.4475145642060234,0.0,0.0,4
GOLGA8A,0.04538334758294224,-0.4473935772695827,0.0,0.0,2
NCBP1,0.04535807441616954,0.4471636060957988,0.0,0.0,3
MRPL40,0.04535445332525711,0.4471306562666381,0.0,0.0,5
ZFP64,0.04533708199019064,0.4469725871828799,0.0,0.0,5
DNAAF2,0.04533425517356013,0.4469468647894641,0.0,0.0,4
CGREF1,0.04532484366917875,0.4468612255528333,0.0,0.0,3
ATRN,0.045320299406354916,0.4468198753941856,0.0,0.0,3
CACNB4,0.04531198343124793,-0.4467442048391772,0.0,0.0,3
CHD1L,0.04531078390470844,0.4467332898427008,0.0,0.0,5
PRDM13,0.045305565111875695,0.4466858018518101,0.0,0.0,2
MXRA8,0.04530060434935927,0.4466406617872893,0.0,0.0,2
FBXO34,0.04528932887053672,0.446538061463273,0.0,0.0,4
SYT12,0.045280022484592515,0.4464533787435124,0.0,0.0,5
ABCE1,0.04527908845540194,0.4464448796190759,0.0,0.0,3
KCNJ10,0.04526862525227675,0.4463496705332546,0.0,0.0,3
ARHGAP10,0.045240937417126696,-0.4460977272763506,0.0,0.0,3
NOTCH3,0.04523538163569984,0.4460471728845123,0.0,0.0,2
IL22RA1,0.04522684085995681,0.4011305809866483,0.0040669135494748,2.0,3
IKZF2,0.04519073527455172,0.4456409168671816,0.0,0.0,3
AKAP7,0.04516968107939872,-0.4454493358905689,0.0,0.0,4
AGBL2,0.04516430608066576,-0.4454004265164955,0.0,0.0,3
ATAD3A,0.04514368931421657,0.4452128258876313,0.0,0.0,4
TGFBI,0.045141023771962184,0.4451885709975922,0.0,0.0,3
EPHA5,0.045127633990338124,-0.4450667317431573,0.0,0.0,1
STX6,0.045117689502850625,0.4449762426690833,0.0,0.0,5
ITM2B,0.0451157380322102,-0.4449584854169819,0.0,0.0,5
RNF146,0.04510883333288706,-0.4448956566538812,0.0,0.0,4
CDH6,0.04509938902129714,-0.4448097188906619,0.0,0.0,3
KDELR1,0.04508710921474282,0.4446979797662168,0.0,0.0,4
ROBO1,0.04508078476718012,0.444640430957925,0.0,0.0,1
GNPDA1,0.045057219025734625,0.4444259963652976,0.0,0.0,5
IL16,0.045051676667993035,-0.4443755641212173,0.0,0.0,4
E2F6,0.04504397129980704,0.4443054497353904,0.0,0.0,4
SLC33A1,0.04503640697820255,0.4442366187917295,0.0,0.0,4
GPC5,0.045024778782163676,-0.444130808945417,0.0,0.0,4
GOLGA5,0.0450192740915214,0.4440807194501153,0.0,0.0,4
GABPB1,0.045018136570279185,0.4440703686659168,0.0,0.0,2
PLXND1,0.045005996664125726,-0.4439599025540581,0.0,0.0,3
CCDC28A,0.045003977932732704,-0.4439415332680805,0.0,0.0,3
SNRPC,0.04499454216941673,0.443855673289201,0.0,0.0,4
SAA3P,0.04499158860228404,0.2521674999698857,0.0173837973033395,6.0,4
OSM,0.044988800104038024,-0.4438034238213381,0.0,0.0,2
MOCOS,0.04498820950061425,0.4437980496723908,0.0,0.0,4
CNKSR1,0.044969963169278954,0.443632018629579,0.0,0.0,3
ITGB3BP,0.04496875649644332,0.4436210386059484,0.0,0.0,3
TM4SF5,0.044956264849050104,0.4435073718526148,0.0,0.0,3
TARBP2,0.044931630880856645,0.4432832170155358,0.0,0.0,4
HOXA2,0.04492393029487062,-0.4432131461449577,0.0,0.0,4
GPR153,0.044910357501189616,-0.365184190764342,0.0070660721966086,-1.0,4
SCN2B,0.044894199257305326,-0.4429426109299529,0.0,0.0,4
CSTF3,0.044876228077512875,0.442779083606752,0.0,0.0,4
EIF4EBP2,0.04487594759825235,-0.4427765314079973,0.0,0.0,5
RHOG,0.04486872228681357,-0.4427107852604142,0.0,0.0,3
NOTCH1,0.04486442823437114,-0.4426717118712597,0.0,0.0,3
PPP1R13B,0.04486190759001411,-0.4426487754681295,0.0,0.0,3
INHBA,0.04485530692717297,0.4425887132608492,0.0,0.0,1
PENK,0.04485284728125794,-0.4425663319081973,0.0,0.0,3
PYGM,0.04483956602510199,-0.44244548017264,0.0,0.0,4
PPP6R1,0.04482590572182836,0.2454122290049941,0.0178597626282966,4.0,3
EIF2B2,0.044824498780062276,0.4423083769730831,0.0,0.0,5
RNF13,0.04481748274048538,-0.4422445350781863,0.0,0.0,4
SLBP,0.044817169857957376,0.4422416880284727,0.0,0.0,4
LRP2BP,0.04479979999107942,-0.4420836323043793,0.0,0.0,4
CD209,0.044787863710276536,0.4419750190652256,0.0,0.0,2
RPS5,0.044784488816301836,0.4419443094855462,0.0,0.0,4
PGM1,0.044781547354385866,-0.4419175438864608,0.0,0.0,3
COIL,0.04474672694486055,0.4416006983355178,0.0,0.0,4
CTDSP1,0.044743000147294765,-0.4415667866370604,0.0,0.0,4
BMP8A,0.044736053851190734,0.4415035793673557,0.0,0.0,4
FGGY,0.04472728464148199,0.4414237846400857,0.0,0.0,2
PINK1,0.044716456275594105,-0.4413252527847074,0.0,0.0,2
CRK,0.04470386178422944,-0.4412106502108238,0.0,0.0,4
TYRO3,0.04470252937978309,0.4411985261023874,0.0,0.0,1
CHAC1,0.044695767496773925,0.4411369968849928,0.0,0.0,4
EIF4ENIF1,0.04469339456386222,-0.4411154045704276,0.0,0.0,2
AGPAT5,0.04469250012355997,0.4411072656819362,0.0,0.0,2
FNBP1,0.04468987580261419,-0.4410833858819208,0.0,0.0,5
MAN2A1,0.044678185552844585,0.4409770113826141,0.0,0.0,4
PIK3R2,0.04467292104775465,0.4409291074366697,0.0,0.0,4
CHRNA9,0.04467275984383571,0.4409276405744125,0.0,0.0,3
SYT11,0.04467016811278173,-0.4409040573235292,0.0,0.0,2
TF,0.04464649530776832,0.4406886485144689,0.0,0.0,2
NSUN6,0.04463216733714319,-0.4405582722837323,0.0,0.0,3
VDAC3,0.04462906488647644,0.4405300417802953,0.0,0.0,2
ABCC10,0.04460776849005316,0.44033625691246,0.0,0.0,4
JMJD7,0.04459907330613819,-0.4402571357770211,0.0,0.0,1
RBKS,0.044593794002134236,0.440209097169534,0.0,0.0,2
FANCA,0.044579704300636895,0.4400808890498017,0.0,0.0,4
SYNJ2,0.044579586896636436,0.4400798207414241,0.0,0.0,4
MKNK2,0.044572410620438006,-0.440014520786116,0.0,0.0,4
CHMP1B,0.04454934193650127,-0.4398046091288119,0.0,0.0,2
NR5A1,0.04454880364454213,0.4397997109838824,0.0,0.0,2
SLC2A4RG,0.044547435173997424,0.4106580746606585,0.0026420348671473,2.0,5
TMEM176A,0.044544051899533,0.4397564728575684,0.0,0.0,2
TSR1,0.04453037553488821,0.4396320258636976,0.0,0.0,2
DARS,0.0445190019026971,0.4395285324008997,0.0,0.0,3
SNRPD3,0.04451689625218367,0.4395093722012893,0.0,0.0,5
CLN8,0.04450522232508864,-0.4394031462288634,0.0,0.0,4
NHLRC2,0.044504285528054355,-0.4393946219186529,0.0,0.0,5
COL9A2,0.04450183670292575,0.4393723390288876,0.0,0.0,4
EIF1B,0.044489253647187595,-0.4392578405125791,0.0,0.0,5
PARL,0.04448919848414556,0.4392573385608593,0.0,0.0,2
RNF38,0.04448353482956042,-0.4392058025857848,0.0,0.0,2
LILRB1,0.04447534101316281,-0.4391312436042502,0.0,0.0,1
TKT,0.044456851271232126,0.438962997666058,0.0,0.0,4
PDIA3,0.044456467447480184,0.4389595050923116,0.0,0.0,3
RXRA,0.044436942987812277,-0.4387818438222496,0.0,0.0,5
N4BP1,0.044427357978181106,-0.4386946257883786,0.0,0.0,5
CCR2,0.04442201717298695,-0.4386460275556958,0.0,0.0,2
PDCL3,0.044419797427869875,0.4386258291613012,0.0,0.0,2
FKBP2,0.04441085125171975,0.438544424141953,0.0,0.0,3
DOK4,0.044399775144676336,-0.4384436379856063,0.0,0.0,2
C19orf40,0.044399735888755835,0.4283818636363845,0.0009125767091093,1.0,4
F2RL2,0.04439944393899608,0.4384406242058241,0.0,0.0,3
GSTP1,0.044379161503458796,0.4382560657945393,0.0,0.0,3
GRIP1,0.04437645026031336,0.4382313950528718,0.0,0.0,4
OGFRL1,0.044370940364520564,-0.4381812581937163,0.0,0.0,2
GSTA4,0.04436908694202962,-0.4381643931229639,0.0,0.0,3
TRPC3,0.044363017412708636,-0.4381091639229662,0.0,0.0,4
SALL1,0.04435450567947901,0.4380317120824685,0.0,0.0,4
RALB,0.04432881214735634,-0.4377979158275691,0.0,0.0,2
NPEPPS,0.044322373550082526,0.4377393283230472,0.0,0.0,3
CDK2AP1,0.04432204413217974,0.437736330811004,0.0,0.0,4
SERPINB6,0.04431932610605952,-0.4377115983481962,0.0,0.0,5
ACSL6,0.0443188566024992,0.2073059022055146,0.0208975505374644,5.0,1
TAPT1,0.044311520667148295,-0.4376405733767529,0.0,0.0,3
STRA6,0.04431122785858429,0.4376379089884804,0.0,0.0,4
APPL1,0.044303902895483305,-0.2859462976473245,0.013752476774095,4.0,4
GALC,0.04430239133257703,-0.4375575017218985,0.0,0.0,3
RASAL2,0.04429872844553434,-0.4375241715721701,0.0,0.0,4
EPHA1,0.04429278151988323,0.437470057994529,0.0,0.0,5
DENR,0.04429197006895767,0.4374626742612795,0.0,0.0,4
KLK8,0.04429109670360734,0.4374547271426393,0.0,0.0,3
ACLY,0.044284019804759024,0.4373903314636357,0.0,0.0,3
TXN,0.04428324873086996,0.437383315138023,0.0,0.0,1
PYROXD1,0.044281024673907245,-0.4373630775083315,0.0,0.0,5
ECHDC1,0.0442790885180448,-0.437345459611836,0.0,0.0,2
DDX17,0.044276178468399666,-0.4373189798462142,0.0,0.0,1
ZKSCAN1,0.044270573004028806,0.437267973368373,0.0,0.0,2
PARP2,0.04425901907915816,0.437162839346657,0.0,0.0,5
NOTCH2NL,0.04425870438986225,-0.4371599758564023,0.0,0.0,2
ZAP70,0.044246469751728676,-0.4370486477384144,0.0,0.0,3
TPST2,0.044220171440840304,-0.4368093483471698,0.0,0.0,4
LAIR2,0.04421592038780815,-0.3516999589369551,0.0077159653552709,-1.0,2
GPN1,0.044212319514441524,0.4367379003665256,0.0,0.0,4
SREK1IP1,0.04419253496444296,-0.436557872425157,0.0,0.0,3
FAF2,0.044167244225833645,0.4363277413578414,0.0,0.0,6
STK32B,0.04415414388248188,0.4362085358239773,0.0,0.0,2
RANBP1,0.044150616632825844,0.436176439895876,0.0,0.0,4
HSPBP1,0.04414842203995616,0.436156470372359,0.0,0.0,3
OR1F1,0.04414560699178394,0.1195442050414093,0.0287146034318773,5.0,2
RAB14,0.04414340130468334,-0.4361107845905045,0.0,0.0,4
TBPL1,0.044130115696954735,0.4359898932581575,0.0,0.0,2
RPS6KC1,0.04412709405294225,0.4359623980484532,0.0,0.0,3
MAGI1,0.044098964366435366,-0.4357064342002207,0.0,0.0,4
SUN2,0.04408352205597419,-0.43556591812265,0.0,0.0,5
MRPS18A,0.04407503941336271,0.4354887309899216,0.0,0.0,4
TSPAN14,0.044062650935318914,-0.435376003017889,0.0,0.0,4
PRNP,0.04406178715359016,-0.4353681431046521,0.0,0.0,4
ZNF23,0.044042487002187165,-0.4351925229098316,0.0,0.0,3
CNNM1,0.04403735524200453,0.4351458268656282,0.0,0.0,4
SRSF5,0.0440138337652417,-0.4349317950559651,0.0,0.0,4
SERPINF1,0.043998765458038165,0.4347946821913329,0.0,0.0,1
NR1H4,0.04398968316043496,-0.4347120385456335,0.0,0.0,1
ZHX3,0.043982360731019944,-0.4346454086807391,0.0,0.0,4
EFHC1,0.04397337812262664,-0.4345636721490876,0.0,0.0,2
HIST1H3F,0.04395960255307624,0.4344383224480573,0.0,0.0,3
C19orf66,0.04395518630526338,-0.4343981371518347,0.0,0.0,3
PNO1,0.043954874021642366,0.4343952955518277,0.0,0.0,3
CACNA2D3,0.043951635699993885,0.4343658287011838,0.0,0.0,1
HIST1H1B,0.04395001120272575,0.4343510467173144,0.0,0.0,3
UCHL5,0.04391743196017112,0.4340545944872215,0.0,0.0,4
APRT,0.04390715067762088,0.4339610407732233,0.0,0.0,4
CYP39A1,0.043883811384038435,-0.4337486667249406,0.0,0.0,3
COL16A1,0.04388131766550065,0.433725975331164,0.0,0.0,3
WDR78,0.04387054383797096,-0.4336279397432446,0.0,0.0,3
PRDM5,0.04386193751712048,-0.4335496272102033,0.0,0.0,4
TAF12,0.04384407761081395,0.4333871124112498,0.0,0.0,3
TDRD7,0.0438354712889922,-0.4333087998693705,0.0,0.0,4
HOXB13,0.04382484609129209,0.4332121167267807,0.0,0.0,4
ACADVL,0.04381923362998407,-0.4331610465808655,0.0,0.0,2
VPS4B,0.04381170855146899,-0.4330925727265799,0.0,0.0,3
SLAMF1,0.043781937746682854,0.4328216756529075,0.0,0.0,1
CTAG2,0.043780213357312636,0.432805984708789,0.0,0.0,2
PCDH11X,0.04377753340078961,-0.233178498413556,0.0181041236793855,1.0,2
TFCP2,0.04377064430284933,0.4327189118577007,0.0,0.0,2
USP16,0.04376500144079963,-0.3835394639481103,0.0044559489205687,-1.0,2
CXADR,0.04375155351039087,0.4325451967079681,0.0,0.0,4
WDR77,0.04372852220336032,0.4323356251588533,0.0,0.0,4
HIST1H3G,0.04372147157693206,0.4322714685436495,0.0,0.0,3
CBX2,0.04371307445348704,0.4321950595857841,0.0,0.0,3
TOX,0.043708732858459644,-0.4321555535866537,0.0,0.0,2
C2orf54,0.043671242727045576,-0.4318144151134206,0.0,0.0,3
BCAR3,0.043637590923860034,-0.4315082032030524,0.0,0.0,3
EDEM1,0.04363722212250778,-0.4315048473244387,0.0,0.0,4
PPP6C,0.04362533388050537,-0.4313966712105347,0.0,0.0,4
PRKACB,0.04362331051349784,-0.431378259743151,0.0,0.0,1
ARL1,0.04362203816846422,0.287848715306064,0.0130171676622936,1.0,4
TM4SF1,0.04360632370471058,-0.4312236896257303,0.0,0.0,2
ZNF135,0.04360167647838131,-0.4311814025588427,0.0,0.0,1
GAN,0.0435849962819617,0.4310296224363094,0.0,0.0,2
NAIP,0.043584387786921724,-0.4310240854840215,0.0,0.0,4
RAD1,0.043565009187152635,0.4308477514545243,0.0,0.0,4
ZNF385D,0.04355893299354338,-0.4307924616133649,0.0,0.0,3
MTM1,0.043557765857660795,-0.4307818413530984,0.0,0.0,4
RPE,0.04355326647482528,0.43074089957634,0.0,0.0,4
TEX11,0.04354669821920112,0.4306811322559568,0.0,0.0,3
DLX6,0.043545227331142425,0.4306677480268887,0.0,0.0,4
CLCN2,0.043521317216751086,0.4304501798399917,0.0,0.0,4
HMOX2,0.043520227990207785,0.4304402685095703,0.0,0.0,3
SRSF11,0.04351656266942408,-0.3449628617695363,0.0077498281712351,-2.0,3
ATP8A2,0.043512939924269134,-0.4151826408883108,0.0013778611794904,-1.0,4
CDK8,0.04351102258923172,0.4303565046945068,0.0,0.0,2
PCTP,0.04349979303916838,-0.4057390481520366,0.0022235504087211,-1.0,3
IGFLR1,0.04348957352663938,0.4301613306529912,0.0,0.0,2
SLC17A5,0.04348923296411648,-0.4301582317313625,0.0,0.0,2
PSMB4,0.04348533222805047,0.430122737293337,0.0,0.0,5
HLA-DRB6,0.043484369802869065,-0.4301139797818373,0.0,0.0,2
FTSJ1,0.043478281578390135,0.4300585804667348,0.0,0.0,4
WEE1,0.04347783306053865,0.4300544992141677,0.0,0.0,3
PNISR,0.043474952651299734,-0.4300282891590682,0.0,0.0,3
RRS1,0.04345912174031838,0.4298842370419278,0.0,0.0,2
HRASLS2,0.043452219249767214,0.4298214283773722,0.0,0.0,1
ATP2B1,0.04343175636278535,-0.4296352279624995,0.0,0.0,3
C1orf27,0.04342839814038611,0.4296046700844968,0.0,0.0,5
LHFPL2,0.04342685458422182,-0.4295906246177733,0.0,0.0,2
ALDH8A1,0.043421730224161056,-0.4295439959103911,0.0,0.0,2
MYO7A,0.04341526404129669,0.4294851573929788,0.0,0.0,4
ENOPH1,0.043411414650714665,0.4294501301691069,0.0,0.0,4
SPDYE2,0.04338683837726387,0.4292265003207565,0.0,0.0,3
MAP7D1,0.043381299827080624,-0.4291761027232509,0.0,0.0,3
THOP1,0.04337467999749673,0.4291158661097173,0.0,0.0,4
MRPS16,0.04337279369785508,0.4290987018759432,0.0,0.0,4
SLC35F5,0.04337057824021145,0.4290785424950727,0.0,0.0,4
ZNF14,0.043366462003457125,-0.4290410871256496,0.0,0.0,1
REL,0.04336085613429244,-0.4289900769644191,0.0,0.0,3
FAM98A,0.043356902336424794,0.4289540996947439,0.0,0.0,5
PHLDA1,0.04335067603479444,-0.4288974439575685,0.0,0.0,1
ANGPTL2,0.04334692429950261,0.4288633053402536,0.0,0.0,2
TTC3,0.04333792944829183,0.4287814574060569,0.0,0.0,5
NXN,0.04333420889546908,-0.4287476025311428,0.0,0.0,2
UNC119B,0.04332467237259256,-0.4286608256986448,0.0,0.0,2
NXPH4,0.04331459435138913,0.4285691215451283,0.0,0.0,4
CAP2,0.043311486300521826,-0.4239884572614514,0.0004129039155134,1.0,1
KIR3DL1,0.04330472773353808,-0.4284793410396265,0.0,0.0,5
NPPC,0.04330313020285322,0.4284648044360399,0.0,0.0,3
ZW10,0.043294472080764104,0.4283860205417418,0.0,0.0,4
LHX2,0.043292118094584366,0.4283646006314593,0.0,0.0,4
VASP,0.043281493488531435,-0.4282679228725161,0.0,0.0,2
PFDN5,0.04326459488694851,-0.4281141553895456,0.0,0.0,4
PSMB2,0.043233975263807504,0.4278355345606686,0.0,0.0,5
CFHR4,0.04323215716760322,0.4278189909386559,0.0,0.0,4
SHROOM2,0.0432311294132553,-0.427809638969594,0.0,0.0,3
TP53,0.04322758867599252,0.4277774203120865,0.0,0.0,4
CHMP2B,0.04322158527434934,-0.427722792835641,0.0,0.0,2
USP13,0.043217460326916694,-0.4276852582040923,0.0,0.0,1
IP6K1,0.04321542437439525,-0.4276667322158244,0.0,0.0,5
LOXL2,0.043215342804883615,0.4276659899805317,0.0,0.0,4
ADAMTS2,0.043210111803344345,0.4276183908974856,0.0,0.0,2
EGLN1,0.043193048687759354,0.4274631264324195,0.0,0.0,3
PAPD7,0.043176741093076045,0.4273147367697927,0.0,0.0,1
SMO,0.04317655430781454,0.4273130371321406,0.0,0.0,3
TSPYL5,0.04316316070819474,0.4271911631361567,0.0,0.0,2
KLC1,0.043158577242754154,-0.4271494562564115,0.0,0.0,4
CDKN2C,0.04315104465730862,0.4270809140934085,0.0,0.0,3
ACP1,0.04314939559612277,0.4270659085921208,0.0,0.0,4
ARHGEF5,0.043144940323196254,0.427025368189976,0.0,0.0,4
RNLS,0.04314287453743295,0.4270065707364932,0.0,0.0,1
TBC1D8B,0.04313816463857618,0.4269637133859191,0.0,0.0,4
URB1,0.04313413459734577,0.4269270423458199,0.0,0.0,5
EIF4A3,0.043122013541223386,0.4268167477583219,0.0,0.0,2
CTSA,0.04310792481168416,0.4266885484828453,0.0,0.0,3
LAMA1,0.04309366831863639,0.4265588226566469,0.0,0.0,3
NRSN2,0.04307201097872545,0.4263617534122127,0.0,0.0,4
ANKRD36,0.04306902062051435,0.4263345428851733,0.0,0.0,1
IMPA2,0.043068541990114596,0.4263301876258649,0.0,0.0,3
FBXO38,0.04306085095010744,-0.4262602036181633,0.0,0.0,2
SBNO2,0.04305942030559475,0.4262471855820458,0.0,0.0,1
ADSL,0.04305391247680302,0.4261970675314023,0.0,0.0,4
SKIV2L,0.04305369225252973,0.4261950636181183,0.0,0.0,5
GPR88,0.043028792322441785,0.4259684886819039,0.0,0.0,2
HTR7P1,0.04302655622435379,-0.3261847346257048,0.0090486022223676,-2.0,3
PDGFA,0.04300876613426999,-0.4257862619731695,0.0,0.0,4
TRMT2B,0.043007856418403746,0.4257779840858968,0.0,0.0,4
PSMC3,0.043003148422664395,0.4257351440525885,0.0,0.0,2
HSPA13,0.04298358411036407,0.4255571201466631,0.0,0.0,4
ESD,0.042978949657417276,-0.4255149493101547,0.0,0.0,5
TNNI3,0.04297706076706203,0.425497761502388,0.0,0.0,3
OTUB2,0.04296937528955484,0.4254278281102131,0.0,0.0,4
EFCAB1,0.04296724679862618,-0.4254084600760583,0.0,0.0,4
SHMT1,0.042966772307047624,0.4254041424776247,0.0,0.0,1
R3HDM1,0.0429612527347852,0.4253539175682024,0.0,0.0,4
PSMD10,0.04296027511831905,0.4253450218248136,0.0,0.0,4
GNAZ,0.042959258107933405,-0.4253357676195832,0.0,0.0,3
CXorf40B,0.04293361627126604,0.4251024417633736,0.0,0.0,5
ASAP3,0.04292965110060668,-0.4250663610078835,0.0,0.0,2
ASCL2,0.04292569446444902,0.4250303579114138,0.0,0.0,4
CKLF,0.042923294942393754,0.4250085236510485,0.0,0.0,4
MRPS30,0.04290618397682808,0.4248528237788835,0.0,0.0,3
IL1RAPL1,0.04290146487535858,-0.4248098826898658,0.0,0.0,1
SLC35A2,0.04289907787279076,0.4247881623495822,0.0,0.0,4
MRPL52,0.0428910879837496,0.4247154589888311,0.0,0.0,4
CLTCL1,0.04288573923853617,0.4246667885065736,0.0,0.0,3
PHB2,0.04288097092035624,0.4246233995740082,0.0,0.0,2
CUTA,0.04287283508129893,0.4245493681526769,0.0,0.0,3
SNCAIP,0.042867799456278506,-0.4245035468827467,0.0,0.0,2
PPIB,0.04285107788235809,0.4243513902489312,0.0,0.0,4
NMD3,0.042831448140390666,0.4241727709709467,0.0,0.0,3
PITPNA,0.042798508495867006,-0.4238730392917607,0.0,0.0,5
LEPROT,0.042794920569135274,-0.4238403912374282,0.0,0.0,4
TMEM156,0.04279357237497756,0.4238281234517674,0.0,0.0,4
CACYBP,0.04277933412501165,0.4236985636270435,0.0,0.0,4
KAT6A,0.04276113722504494,-0.4235329823810442,0.0,0.0,4
ABCC9,0.04275223629628305,-0.4234519890867116,0.0,0.0,5
LIPA,0.042724109283221935,-0.4231960495652866,0.0,0.0,2
TNFSF8,0.042723488039425515,-0.423190396606702,0.0,0.0,2
SLC5A7,0.04270602173352913,-0.4230314633434198,0.0,0.0,2
C1orf123,0.04266420516168302,-0.4226509567690931,0.0,0.0,2
ZFR,0.042661851253397054,0.4226295375675988,0.0,0.0,2
FBXO22,0.04266175168001395,0.4226286315075077,0.0,0.0,4
TRIM31,0.04265507465774426,0.4225678744736721,0.0,0.0,4
MKNK1,0.04264118996263904,-0.4224415317933227,0.0,0.0,3
RABIF,0.04263565754565885,0.4223911900044113,0.0,0.0,4
ABHD10,0.042623944208355344,0.4222846054219234,0.0,0.0,3
MAP3K7,0.04259677826980602,0.4220374111216873,0.0,0.0,1
EEF1E1,0.04259578953655415,0.4220284142219898,0.0,0.0,4
SUCLG2,0.04259426162406088,-0.4220145111036083,0.0,0.0,2
TMEM206,0.04258469044346084,0.4219274189059077,0.0,0.0,4
PIEZO2,0.042575022751756834,-0.4218394485130817,0.0,0.0,4
DIAPH3,0.042573485481390116,0.421825460243474,0.0,0.0,2
APEX2,0.04255810576215445,0.4216855137097886,0.0,0.0,5
ITIH2,0.0425484907139035,0.361239014703032,0.0054745990324026,-1.0,1
LTBP1,0.04254133430488421,0.4215329031663932,0.0,0.0,1
PHTF2,0.04253346343930052,0.4214612828501402,0.0,0.0,4
SLC1A3,0.042530040015557685,0.42143013167769,0.0,0.0,1
YIPF1,0.042529130206947444,0.4214218529465006,0.0,0.0,4
TACC2,0.04252575474871071,-0.4213911382323636,0.0,0.0,4
TSPO,0.042511431076993435,-0.4212608011191976,0.0,0.0,4
PREB,0.04248817285536768,0.4210491647787459,0.0,0.0,4
ZNF274,0.04247922150496229,-0.4209677126766729,0.0,0.0,3
MYBPH,0.042475767132460734,0.3227908154414668,0.0089018538527184,-7.0,4
MTCH2,0.04246948723157807,0.4208791364291359,0.0,0.0,4
ZNF468,0.042466084590015045,0.4208481743624803,0.0,0.0,2
C19orf10,0.04246010358086503,0.4207937506447479,0.0,0.0,5
CYP2U1,0.04245443512467934,-0.4207421709778906,0.0,0.0,4
IRX5,0.04244978751606927,0.4206998804324691,0.0,0.0,1
SHC2,0.04244504239858098,-0.4206567026127547,0.0,0.0,2
SLC12A2,0.04243918073013742,0.4206033648263023,0.0,0.0,2
RIPK1,0.042434256212853606,-0.4205585545723969,0.0,0.0,3
NUP37,0.042422930531163514,0.4204554974313746,0.0,0.0,5
CXCR3,0.04240208684672234,0.4202658319802648,0.0,0.0,1
TULP3,0.042393709516516144,0.4201896031294041,0.0,0.0,2
MTUS1,0.04238737831962563,-0.4201319929061399,0.0,0.0,2
P4HA1,0.04238624873122981,0.4201217143062472,0.0,0.0,4
EPHA7,0.04238191640613649,0.4200822926581457,0.0,0.0,2
AHSA1,0.04236534596027643,0.4199315112021124,0.0,0.0,3
SMURF1,0.0423069243989007,0.4193999088443748,0.0,0.0,2
CCDC81,0.04229160877553511,-0.4192605455459685,0.0,0.0,4
NPM1,0.042277685794262186,0.4191338544836769,0.0,0.0,5
GADD45G,0.04227185009919006,-0.419080753039855,0.0,0.0,3
COLEC11,0.04227111980091315,-0.4190741077486866,0.0,0.0,2
P2RY10,0.04226979867362827,0.4190620862558853,0.0,0.0,1
KRT86,0.042258310952228,0.41895755464739,0.0,0.0,4
TRIM45,0.04225789658820104,0.4189537841748366,0.0,0.0,4
GOLT1B,0.04225212283771069,0.4189012463908168,0.0,0.0,4
PRMT1,0.04224040664112715,0.4187946357905374,0.0,0.0,2
POLR2I,0.04220530950300938,0.4184752721697458,0.0,0.0,4
RPS6KB2,0.04218146750225828,0.4182583237775083,0.0,0.0,4
EBNA1BP2,0.042177042165340274,0.4182180557756954,0.0,0.0,4
COL2A1,0.04217407192250297,0.4181910282869022,0.0,0.0,4
CAPN5,0.042136909405345056,0.4178528709135729,0.0,0.0,4
PFDN2,0.04212457050441408,0.4177405940645409,0.0,0.0,4
CRISP3,0.042123600515751654,-0.4177317677297463,0.0,0.0,1
POLD1,0.04212112477098087,0.417709239886835,0.0,0.0,4
F11,0.04211774107606756,-0.4176784502237137,0.0,0.0,3
UTP20,0.0421066780381659,0.4175777829889844,0.0,0.0,3
GCDH,0.0421036500876867,0.3515026375721638,0.0059905571993315,1.0,4
MAZ,0.042100866315989506,0.4175248996846232,0.0,0.0,4
TAF5,0.042100137094810954,0.4175182641944257,0.0,0.0,2
C7orf63,0.04209294443150674,-0.4174528151259501,0.0,0.0,4
GZMM,0.042064381397186525,-0.4171929080637079,0.0,0.0,4
SYP,0.042062752684660934,0.1867107866139028,0.0209035256378633,-2.0,1
TMEM214,0.042050634644843314,0.4170678205825657,0.0,0.0,5
RPSA,0.04204938767001776,0.147710983533534,0.0244298012552612,5.0,2
SLC7A1,0.04204591747279626,0.4170248970501743,0.0,0.0,3
CA5B,0.04204591715236297,-0.4067250756383149,0.0009341998581234,-1.0,3
PSMD1,0.04202786923027967,0.4168606685008356,0.0,0.0,4
PPP1CB,0.0420254028921795,-0.4168382262531764,0.0,0.0,3
NAALAD2,0.04202197391788341,-0.3415390918359466,0.0068268476878165,3.0,4
PIGV,0.041983360682866365,0.4164556665086393,0.0,0.0,2
SSRP1,0.04198306996685343,0.416453021161369,0.0,0.0,4
RNF11,0.04197759920975852,-0.4164032404416865,0.0,0.0,5
SLC38A2,0.04196947555793786,-0.4163293199171471,0.0,0.0,2
TRIM9,0.04196153339923223,0.4162570508747933,0.0,0.0,4
MTG1,0.04196133730206864,0.4162552665042278,0.0,0.0,4
FASTK,0.04195678624905969,0.41621385455883,0.0,0.0,4
C1orf35,0.041944228830562,0.4160995893265549,0.0,0.0,4
TOMM22,0.04194309471678003,0.4160892695482703,0.0,0.0,2
PKN1,0.041942201730720656,-0.4160811438925464,0.0,0.0,2
CYLD,0.041936165737677944,-0.4160262198532494,0.0,0.0,3
NUBPL,0.04191647151794439,0.415847013864953,0.0,0.0,1
FAM76A,0.04191316262489856,-0.4158169048554838,0.0,0.0,4
PPP2CB,0.04191082394324746,-0.4157956242075441,0.0,0.0,4
FZD1,0.041906992518854706,-0.4157607604655845,0.0,0.0,2
INHBB,0.04189611762967761,0.4156618052752311,0.0,0.0,1
TRPV4,0.04188258996917498,0.4155387114028914,0.0,0.0,3
ZNF365,0.04187449656367621,-0.4154650661023558,0.0,0.0,3
LPAL2,0.04186625732416296,0.415390093796788,0.0,0.0,1
ATP2C2,0.04186592622137422,-0.415387080953259,0.0,0.0,2
LOC645166,0.04186260171406941,0.4153568298630803,0.0,0.0,1
NAP1L3,0.041856489057016576,-0.4153012082257121,0.0,0.0,2
SEMA4F,0.0418549961982594,0.4152876240760181,0.0,0.0,4
KIF5C,0.041851224040390385,0.4152532996250841,0.0,0.0,1
MED24,0.04185111596033071,-0.1981984016067383,0.0196869232459525,-6.0,3
L1TD1,0.041831666985001605,-0.415075341752849,0.0,0.0,4
PPID,0.04181344611160731,0.4149095423625494,0.0,0.0,3
SSR2,0.0417955470445299,0.3810249250189293,0.0030585830742252,1.0,3
AKAP1,0.04177242510223174,0.4145362749457376,0.0,0.0,5
CBS,0.04176833327292653,0.4144990416699592,0.0,0.0,3
CLCN7,0.04175614002297283,0.4143880901604269,0.0,0.0,3
RALBP1,0.04174529497813906,-0.4142894065363052,0.0,0.0,2
IL17RA,0.04174405906627901,-0.4142781604544942,0.0,0.0,4
PNPO,0.041742344253300034,0.4142625566499872,0.0,0.0,5
FBXW4,0.04173662802623485,-0.414210542295806,0.0,0.0,3
RRNAD1,0.041730282675781,0.4141528032833164,0.0,0.0,2
NR2F6,0.041725842573905055,0.4141124009289413,0.0,0.0,4
IL10RB,0.04172370252670035,-0.4140929277393705,0.0,0.0,2
HLA-B,0.04170871578596073,-0.4139565570822984,0.0,0.0,2
PAX7,0.04170297323550441,0.4139043032005103,0.0,0.0,4
MPP2,0.04169871700523218,0.1992556017392017,0.0194652561777532,4.0,3
CDA,0.0416944263727372,0.4138265317015754,0.0,0.0,1
NRAS,0.04169375367107188,0.4138204105061996,0.0,0.0,2
NPL,0.04168962794526892,0.413782868791932,0.0,0.0,1
TMEM38B,0.0416878989013598,0.4137671354942064,0.0,0.0,2
TBCE,0.041678164972427684,0.413678562380984,0.0,0.0,4
UFM1,0.0416616827339765,-0.4135285835612621,0.0,0.0,3
CAMK1D,0.04165357092139293,0.4134547707669203,0.0,0.0,2
OTC,0.04163960970831144,-0.4133277318173232,0.0,0.0,4
IGFBP7,0.041623650622535674,-0.413182513383821,0.0,0.0,3
PPAN,0.041613166241266555,0.413087111589161,0.0,0.0,4
DCPS,0.04159758541568981,0.4129453351042974,0.0,0.0,4
CUL7,0.04158371482179406,0.4128191207367837,0.0,0.0,4
TNPO1,0.0415757893068502,0.4127470031430182,0.0,0.0,4
LARP1,0.04157473026842702,0.4127373665069982,0.0,0.0,5
ZNF189,0.041552540580997985,-0.3567495220252569,0.0050598181916008,-1.0,3
LONP1,0.041545526643944515,0.4124716304454517,0.0,0.0,4
FTSJ3,0.04154496905104776,0.4124665566731732,0.0,0.0,4
GCG,0.041535938323091895,0.4123843822813841,0.0,0.0,1
EHD4,0.04153058140431142,-0.4123356374244023,0.0,0.0,4
TDRD3,0.04151423527685447,-0.4121868971358622,0.0,0.0,4
SSSCA1,0.04149534907902684,0.4120150436787233,0.0,0.0,4
GBA,0.041487441572901,0.4119430899547671,0.0,0.0,4
FAM162A,0.041472705396824176,0.4118089992909436,0.0,0.0,4
KIR2DL5A,0.04147017003184995,-0.4117859289387263,0.0,0.0,3
SEC14L3,0.04145453847978518,-0.3393325682146039,0.0065586631990697,2.0,4
SPA17,0.04142607558569507,-0.411384695028042,0.0,0.0,2
SDHAP1,0.041424296165523705,0.4032532692686636,0.0007360567098113,1.0,4
ADRM1,0.04141956107044544,0.4113254167139287,0.0,0.0,4
CCDC130,0.041411549839471824,-0.4112525191539582,0.0,0.0,1
ARHGEF1,0.04139193768566352,-0.4110740599180307,0.0,0.0,1
ITCH,0.04138322813811419,0.4109948080818417,0.0,0.0,3
PTDSS1,0.04138116170207195,0.4109760047111974,0.0,0.0,4
TRIOBP,0.04137154532333921,-0.410888501236678,0.0,0.0,5
NOTCH2,0.041370578368272994,-0.4108797025058512,0.0,0.0,1
IMPDH2,0.04136510667441558,0.4108299132621726,0.0,0.0,3
SLC25A5,0.04135623373000807,0.4107491746092501,0.0,0.0,6
TMEM109,0.04135413737875555,-0.4107300990275258,0.0,0.0,4
PRUNE2,0.041354095526050606,-0.4107297181921612,0.0,0.0,3
FTH1,0.041351550935659766,-0.4107065638939981,0.0,0.0,4
LRP5L,0.04134474875498847,0.4106446679912275,0.0,0.0,3
EID1,0.04134458910785876,-0.4106432152948503,0.0,0.0,4
LAP3,0.04133731110040637,-0.4105769896440767,0.0,0.0,3
HSPA14,0.0413313453201782,0.4105227045007091,0.0,0.0,2
TXNL1,0.041331187958192156,-0.4105212725978152,0.0,0.0,3
OR7E37P,0.04131861214889955,0.4104068400199624,0.0,0.0,3
PLIN2,0.04131182745090897,-0.4103451031994565,0.0,0.0,4
HIRIP3,0.04130531597937481,-0.3725950874253069,0.0034185755287533,-2.0,4
PDAP1,0.04128061267807678,0.4100610668532329,0.0,0.0,2
ZBTB32,0.041279648645384186,0.4100522947143128,0.0,0.0,2
AMPH,0.04127756554044003,0.4100333396663194,0.0,0.0,3
POT1,0.04127571909657724,0.4100165380970396,0.0,0.0,3
DHX29,0.04127347966735703,-0.4099961605887119,0.0,0.0,1
C11orf1,0.04126925481125659,0.4099577168461756,0.0,0.0,3
IL12A,0.041215298095281135,-0.4094667419945475,0.0,0.0,4
RPS23,0.04119632230936014,-0.4092940733376685,0.0,0.0,2
LYPLA2,0.041195115101094124,0.4092830884419316,0.0,0.0,4
ABR,0.04119365600570907,-0.4092698115193607,0.0,0.0,2
LRMP,0.041184235685020824,-0.4091840920594458,0.0,0.0,3
IMPAD1,0.0411697288064138,0.4090520878697373,0.0,0.0,2
MRPL4,0.041168709758179295,0.409042815121263,0.0,0.0,4
CEP192,0.04116098335927662,0.4089725093681,0.0,0.0,1
GLS,0.04114757989346582,-0.4088505455954946,0.0,0.0,2
GNA15,0.04114183425394377,0.4087982636049982,0.0,0.0,1
CCDC85B,0.041134368906818986,-0.4087303332717546,0.0,0.0,5
CCNH,0.04112752607645886,-0.408668067480369,0.0,0.0,3
VAMP4,0.041121556743034256,-0.4086137500049727,0.0,0.0,1
ATP10A,0.0411043926892996,-0.4084575670612305,0.0,0.0,4
SENP6,0.04109820160961895,-0.408401231823389,0.0,0.0,4
HHLA3,0.041096423999222365,0.4083850565987679,0.0,0.0,2
HDLBP,0.04109389118427556,0.4083620094503226,0.0,0.0,3
WRB,0.04108810875627068,-0.4083093927059485,0.0,0.0,2
SERPINC1,0.041075921972149966,-0.0568885302145365,0.0318640298452615,-9.0,1
BTC,0.04106347957679763,-0.4080852814434506,0.0,0.0,2
IL12RB2,0.04106082148421392,0.4080610943410981,0.0,0.0,2
LHPP,0.041050325917711426,0.4079655907672954,0.0,0.0,3
ZNF329,0.04103358405931178,-0.4078132495564722,0.0,0.0,4
NAA10,0.04102150786685168,0.4077033632023059,0.0,0.0,4
NKRF,0.04101981636035449,0.4076879714732788,0.0,0.0,5
LHX6,0.04101779106097809,-0.407669542422458,0.0,0.0,4
CHMP3,0.04100672950207783,-0.4075688886457845,0.0,0.0,5
PEBP1,0.04100151620391919,-0.4075214506532444,0.0,0.0,4
SUV39H1,0.040995336666618774,0.4074652204443751,0.0,0.0,3
ALCAM,0.040985337593601484,-0.4073742346736081,0.0,0.0,2
TMEM187,0.04097742235676541,0.4073022106046681,0.0,0.0,3
SNF8,0.04097629517224631,0.4072919538786607,0.0,0.0,4
GVINP1,0.04096731213543141,-0.4072102134486209,0.0,0.0,4
NUDT15,0.04095360289454709,0.4070854673000196,0.0,0.0,2
CYP1A2,0.04091841198455108,-0.2370072094702774,0.0153971584859204,-6.0,4
HLA-J,0.04091209049831717,-0.406707728547554,0.0,0.0,2
YIPF3,0.04090097962405745,0.4066066260296838,0.0,0.0,3
SAMD4A,0.04087920735055424,-0.4064085109561551,0.0,0.0,4
DCLRE1A,0.040878753323542655,0.4064043795734233,0.0,0.0,3
MECOM,0.040878008759261154,-0.4063976044698791,0.0,0.0,3
CAPN1,0.04086680236491859,0.4062956327746015,0.0,0.0,5
MAGI2,0.040865802202140075,-0.3413961045051971,0.0058856015825283,-1.0,3
IPO13,0.04083171706168162,0.4059763768443679,0.0,0.0,4
SNAP25,0.04082290275632633,-0.4058961717728437,0.0,0.0,2
DCK,0.040821706816451905,0.2903176160635192,0.0104820588913813,1.0,2
NFIX,0.0408214754802571,-0.40588318438761,0.0,0.0,3
PANX1,0.04081690807167435,0.4058416236159674,0.0,0.0,2
DRD5,0.040788158482212775,0.4055800190100331,0.0,0.0,1
OR2A20P,0.04078549019698213,-0.4055557391604994,0.0,0.0,4
PDLIM5,0.040779521293669685,0.4055014255988745,0.0,0.0,1
RBM7,0.04077864569669996,-0.3958048152193287,0.0008787658614462,-1.0,3
DPY19L4,0.040777876576674615,0.4054864596272058,0.0,0.0,2
CNIH3,0.04077741523703364,0.4054822617037836,0.0,0.0,4
APBB1IP,0.04076865111941675,-0.405402513311599,0.0,0.0,3
IFNG,0.04076121465911894,-0.4053348458317432,0.0,0.0,1
ZNF34,0.0407557944765126,-0.4052855253106026,0.0,0.0,2
PDE7B,0.04075100648871531,-0.4052419573959163,0.0,0.0,3
HDAC2,0.04075060679576092,0.4052383204216225,0.0,0.0,3
ARHGAP32,0.04073942155930717,0.4051365412508738,0.0,0.0,4
C19orf54,0.040714285722428495,-0.329289400605961,0.0068586370153497,-1.0,1
LAMTOR2,0.04071139941373954,0.4048815559628769,0.0,0.0,3
B3GAT3,0.04070563505092487,0.4048291036012664,0.0,0.0,4
RBM6,0.04070075807000483,-0.4047847259007277,0.0,0.0,2
TBCB,0.04068231265831707,0.4046168833420602,0.0,0.0,1
LPAR2,0.04067181508739729,0.4045213615292215,0.0,0.0,4
ZNF282,0.040658697345058836,0.4044019976746599,0.0,0.0,3
ZBED1,0.04065401170913673,0.4043593611027328,0.0,0.0,2
ELOVL2,0.04064471343200177,0.4042747521684379,0.0,0.0,2
PHOX2B,0.040639210581890725,0.2504604059406978,0.0139465139627477,3.0,1
RASL11B,0.04063260175317658,0.4041645429089109,0.0,0.0,3
ST8SIA1,0.04062769642452016,-0.4041199072603965,0.0,0.0,3
FYCO1,0.04061810139996775,-0.404032598096545,0.0,0.0,5
KCNJ5,0.04059308830268039,-0.4038049934043875,0.0,0.0,3
ERP44,0.040592199071831786,-0.4037969019189058,0.0,0.0,3
HSD11B2,0.04058922964510675,0.4037698818562614,0.0,0.0,2
FZD9,0.0405843560089164,0.4037255345908249,0.0,0.0,4
DCTN6,0.040583342871578124,-0.4037163156280814,0.0,0.0,4
CYP46A1,0.04058197008464881,-0.4037038240624486,0.0,0.0,1
B3GAT1,0.0405225386449435,0.4031630323970583,0.0,0.0,4
USP21,0.04049432441400639,0.4029062992434978,0.0,0.0,4
ZNF665,0.04048659637699229,-0.4028359785844699,0.0,0.0,2
RHOQ,0.0404845308937986,-0.4028171838841953,0.0,0.0,4
CPT2,0.04048252162205408,0.4027989006755379,0.0,0.0,2
MTMR10,0.04048094760189614,-0.4027845780041237,0.0,0.0,4
PP14571,0.04046348399556402,0.4026256693053122,0.0,0.0,2
MBNL2,0.04046010311776596,-0.4025949052763073,0.0,0.0,3
PPFIA4,0.04043359600227668,0.4023537058841805,0.0,0.0,2
CCDC6,0.04040552220432956,0.3474596876669064,0.0049557511862594,1.0,3
DCP1A,0.04039537929514857,-0.4020059559929441,0.0,0.0,4
DHX40,0.040377287808595605,0.401841333947931,0.0,0.0,4
SUSD5,0.04037674125508962,0.401836360627712,0.0,0.0,1
MAST4,0.040373488051287154,-0.4018067583580899,0.0,0.0,3
PFAS,0.040366687432911906,0.4017448766713081,0.0,0.0,4
APLP1,0.040351378382946015,0.4016055731870303,0.0,0.0,4
ALOX15,0.04034605633901591,-0.4015571456709796,0.0,0.0,1
GFER,0.04032573793782061,0.4013722599930462,0.0,0.0,5
HIC1,0.04032456378942635,-0.4013615759229867,0.0,0.0,4
RIN3,0.04032141891912583,-0.4013329594254614,0.0,0.0,4
HLA-C,0.04031702867268313,-0.4012930107266415,0.0,0.0,2
METTL21B,0.04030264648562299,0.4011621411577605,0.0,0.0,4
GTF3C2,0.040260039252788524,0.4007744400265667,0.0,0.0,4
PHC1,0.04023415157155549,-0.4005388771272575,0.0,0.0,4
PGRMC2,0.04023014870692801,-0.4005024533784982,0.0,0.0,4
VPS13C,0.040221760600951416,-0.4004261264743706,0.0,0.0,2
SGSM3,0.04019205918269817,0.4001558607779434,0.0,0.0,5
VAMP2,0.0401911921170543,-0.4001479709829817,0.0,0.0,4
SF1,0.04018331579131618,-0.4000763009824872,0.0,0.0,1
VKORC1,0.04018186754750031,0.4000631228029082,0.0,0.0,4
CDK2,0.040174083158347675,0.3999922893720713,0.0,0.0,2
KCNG1,0.0401526779139898,0.3997975140511001,0.0,0.0,3
ACP2,0.04014100823960229,0.3658394483378304,0.0030703861476758,2.0,4
MRPL44,0.040127152404666945,0.3995652467063229,0.0,0.0,3
PSMD4,0.040102869530056665,0.3993442866174192,0.0,0.0,4
INPP5F,0.040089448590483155,0.3992221638436979,0.0,0.0,3
RABL2A,0.0400863201180221,-0.3991936965570104,0.0,0.0,3
NPFF,0.04006029006534689,-0.3924557716879491,0.0005896507184282,1.0,3
RNF41,0.040057823142045146,-0.3371837613603356,0.0056008199644295,-1.0,4
MARS,0.04005450967641342,0.3989042399700649,0.0,0.0,4
CACNA1B,0.040048408377192576,0.3988487216823868,0.0,0.0,4
DNAJB14,0.040045520302464443,-0.3988224418757769,0.0,0.0,4
SP100,0.04004305962325713,-0.3988000511207639,0.0,0.0,3
SLC2A10,0.04004088267380188,0.3987802421420952,0.0,0.0,2
C19orf24,0.040016882518185526,0.3985618546322224,0.0,0.0,3
CHORDC1,0.040002522114655194,0.3984311832808408,0.0,0.0,1
MBOAT2,0.03999711495245757,0.3983819812378752,0.0,0.0,3
HIP1,0.03999246939902004,-0.3983397093933331,0.0,0.0,3
AMIGO3,0.03998346860765853,0.3982578074072065,0.0,0.0,2
METTL18,0.03997460263369946,0.398177132181326,0.0,0.0,4
PDE6G,0.039970900307530165,0.3981434431583974,0.0,0.0,2
CLASP2,0.03996870865978895,-0.3981235004338429,0.0,0.0,5
PCDH8,0.03996463176803749,0.3980864030811484,0.0,0.0,1
MFSD5,0.03995240930782147,0.3979751857751541,0.0,0.0,1
FETUB,0.03992440364744365,0.3977203504928326,0.0,0.0,2
PMS2L2,0.03992192037684594,0.3976977541692569,0.0,0.0,3
TRIM27,0.03990814108506805,0.3975723705981132,0.0,0.0,4
PDSS2,0.03989203768099658,-0.3974258389517414,0.0,0.0,2
KIR3DL3,0.03988521816246551,-0.3973637852844929,0.0,0.0,1
TCN2,0.03987807705688763,-0.3972988053614532,0.0,0.0,1
SMARCB1,0.03985855108752122,0.3971211303540096,0.0,0.0,5
IFITM1,0.03985030637288556,0.3970461082280003,0.0,0.0,1
ZNF576,0.039831124928124004,0.2488855438882005,0.0134224232168579,2.0,3
DCBLD2,0.0398286761920958,0.3968492861158322,0.0,0.0,4
DDX56,0.039824115314402525,0.3968077847714997,0.0,0.0,5
TIAM1,0.03982364886802897,-0.39680354037977,0.0,0.0,3
ARMCX3,0.03981406880007571,-0.3967163673123046,0.0,0.0,1
ARMCX4,0.03981385536851156,-0.3967144252087379,0.0,0.0,4
MOS,0.03980463993242869,-0.3565834729715655,0.0036322962828061,1.0,1
EDIL3,0.03980346007738318,-0.3966198340827378,0.0,0.0,3
ALDH1A3,0.03979373210242856,0.3965313151472607,0.0,0.0,1
CNTD2,0.0397891323720987,0.3964894602664474,0.0,0.0,4
TACO1,0.03978833616393774,0.3964822152335238,0.0,0.0,4
OAZ3,0.03978627126628183,0.3964634258613037,0.0,0.0,3
ENTPD5,0.03978502910968469,0.3964521229560035,0.0,0.0,4
LINC00260,0.039771302623054186,-0.3963272198811045,0.0,0.0,2
SULT2B1,0.039767207541732894,-0.396289957013864,0.0,0.0,1
AGPAT3,0.03976297885895094,-0.2710408018174988,0.0113566852066935,-2.0,2
TCFL5,0.03975372701853316,0.3961672920636682,0.0,0.0,4
PLK3,0.03974298934213074,-0.3960695854300601,0.0,0.0,3
ROCK2,0.03973545886129978,-0.3960010624178303,0.0,0.0,5
IPW,0.039723192305136726,-0.3958894438642681,0.0,0.0,4
GPRC5D,0.03971970615618261,0.3958577219287397,0.0,0.0,2
TSPAN32,0.03971739998271998,-0.3958367370864791,0.0,0.0,2
ACVR2B,0.039711170450634596,0.3058374200864179,0.0081578519040671,1.0,3
DEF6,0.03970212073830264,0.3956977048154231,0.0,0.0,3
KCNA3,0.03969010712933106,-0.39558838793474,0.0,0.0,3
UBE2L3,0.039679561109695304,0.3954924252666583,0.0,0.0,1
TIMM8A,0.03967810220112437,0.3954791500439876,0.0,0.0,4
SDR39U1,0.03966804592590295,-0.3953876437663073,0.0,0.0,1
PPWD1,0.03965961999595448,-0.2092738386937572,0.0168736822155616,-5.0,3
TLE3,0.03965783626059435,0.3952947417277113,0.0,0.0,3
HUS1,0.03964911908454103,0.3952154204765562,0.0,0.0,4
MED4,0.03963438608188387,-0.2718931081259618,0.0111732499210567,-2.0,4
LOC100127972,0.03960938828933513,-0.394853893261109,0.0,0.0,1
ZNF318,0.039603610726048684,0.3948013207828539,0.0,0.0,2
SLC25A12,0.0395866936428863,0.394647385128219,0.0,0.0,1
WDR47,0.039577975474515505,-0.3945680548475498,0.0,0.0,4
SEPW1,0.03957326283045222,-0.3945251725171871,0.0,0.0,2
PLCG2,0.03957248401204579,-0.3945180857209537,0.0,0.0,4
PPP3CC,0.039562324797377126,-0.3944256427539489,0.0,0.0,5
SPATA6,0.03955329274504898,-0.3943434563111393,0.0,0.0,4
PLEKHF2,0.039542337571446824,-0.3942437705790365,0.0,0.0,1
GRIN2D,0.039536491599451724,0.3941905756211702,0.0,0.0,4
MAP3K4,0.03953503146040031,-0.3941772892018402,0.0,0.0,3
IL1RL2,0.03953168082560089,0.3941468003665995,0.0,0.0,4
HIF1A,0.03953059466913822,0.3941369169721329,0.0,0.0,5
ATP13A1,0.03952857631558462,0.3941185511242751,0.0,0.0,5
ITGAX,0.039499268356597124,-0.393851865679187,0.0,0.0,4
ALDH1B1,0.039493213936874876,0.393796773967783,0.0,0.0,3
FLNA,0.03949127348785213,-0.3937791170060163,0.0,0.0,3
EPPK1,0.03948235494885769,0.3936979634687713,0.0,0.0,3
PHF14,0.039469274736295766,0.3935789411134305,0.0,0.0,4
PRB1,0.03946643095006926,0.2873568744026592,0.009632059592019,4.0,1
PLEKHA2,0.03946249310972712,-0.3935172322410845,0.0,0.0,3
LMNA,0.03945809037540867,-0.393477169909831,0.0,0.0,3
FBXO11,0.039455606137977224,-0.3934545647886285,0.0,0.0,1
KIAA0513,0.03941286555217678,-0.3756741373687793,0.0015774208882267,-1.0,3
CNTRL,0.0393845080721172,-0.3928076135851389,0.0,0.0,4
MFSD6,0.03937315981124149,-0.3927043509866104,0.0,0.0,3
ZBTB43,0.03936149108617186,-0.3925981723496015,0.0,0.0,2
MSN,0.03934851965345219,-0.3924801398277956,0.0,0.0,4
KCNH2,0.03933620249763886,0.3923680608467346,0.0,0.0,1
TK2,0.039331088006277756,-0.3923215219388012,0.0,0.0,2
ACOT9,0.03932796075495025,-0.3922930657637214,0.0,0.0,2
TNFAIP2,0.039326587635716025,-0.3922805711743065,0.0,0.0,2
C14orf166,0.039323300322612824,0.3922506585298114,0.0,0.0,5
NUP50,0.039310997690653056,0.3921387117074023,0.0,0.0,3
NEB,0.03930468049418732,0.3920812288798914,0.0,0.0,2
CERS2,0.03930234720521273,-0.3920599973021833,0.0,0.0,2
CALR,0.03930037340367879,0.39204203685189,0.0,0.0,4
LSM1,0.03928567430765699,0.3919082835950822,0.0,0.0,3
UBL4A,0.03928486357060292,0.3919009063576497,0.0,0.0,4
LPGAT1,0.03927647467107875,0.3918245722326989,0.0,0.0,4
MRC2,0.039272302490947784,-0.3917866078109632,0.0,0.0,2
FBXO9,0.03923963711070124,-0.391489371777784,0.0,0.0,2
RAPGEF1,0.03923286833919289,-0.3914277798790382,0.0,0.0,3
HOMER1,0.03922345448406941,-0.3913421192520163,0.0,0.0,3
TRPC4,0.03922319530327176,-0.3913397608569329,0.0,0.0,3
OPRK1,0.039221114959129846,0.3913208309306402,0.0,0.0,4
DPM3,0.039214341426700695,0.3912591957102737,0.0,0.0,3
NUP43,0.03919901079681427,0.3767719591721374,0.001301348522249,1.0,4
U2SURP,0.03919845623064864,0.3911146496304439,0.0,0.0,2
TAF1C,0.039194914592939376,-0.3910824227793951,0.0,0.0,3
C9orf40,0.03919085166670897,0.3802804114102101,0.0009763958332966,1.0,3
IL1RN,0.039188874098683275,0.3910274577816643,0.0,0.0,1
BID,0.03917771191249451,0.3909258883549711,0.0,0.0,1
BTG1,0.03917249148034403,-0.3908783854472389,0.0,0.0,4
VRK2,0.039165181694401884,0.3908118706306216,0.0,0.0,2
VCL,0.039162594627441316,-0.3907883298202859,0.0,0.0,3
IGSF9B,0.03915283077853247,0.3906994844526115,0.0,0.0,2
MAFB,0.039145324240232864,-0.3906311793035442,0.0,0.0,3
USP1,0.03913921552534839,0.3905755935376238,0.0,0.0,3
ESRP2,0.03913686808137419,0.390554233157621,0.0,0.0,2
METTL3,0.03911170771356879,-0.3903252883890813,0.0,0.0,1
SPECC1L,0.03910918492288239,-0.3903023324555973,0.0,0.0,3
TNIP1,0.03910218426046225,-0.3902386304839171,0.0,0.0,3
RFX3,0.03909816698896383,-0.39020207564098,0.0,0.0,4
MARK2,0.03909401347673843,0.3901642810863683,0.0,0.0,3
ZC3H14,0.039069721233344255,-0.3899432357469597,0.0,0.0,4
TRIM25,0.03906761351733199,-0.3899240567525067,0.0,0.0,4
TRAPPC10,0.03905655009115656,-0.389823385984711,0.0,0.0,2
POR,0.039053618385650885,-0.3897967091633063,0.0,0.0,1
RBL2,0.039028207024147235,-0.3895654804975439,0.0,0.0,3
SLIRP,0.03902102738894081,0.3895001499772094,0.0,0.0,4
SEPHS2,0.0389975977605558,0.3892869539345654,0.0,0.0,5
TRIM38,0.03898880143278041,-0.3892069124486018,0.0,0.0,2
BLVRB,0.0389774558937091,-0.3891036746169163,0.0,0.0,2
ISL1,0.038967318685346,0.3890114318945412,0.0,0.0,3
KLK5,0.038965134384196215,-0.3889915560197119,0.0,0.0,1
CPNE1,0.03896036764556674,0.3889481814601405,0.0,0.0,4
RSBN1,0.03896024362699742,-0.3889470529630188,0.0,0.0,3
NLE1,0.038960066293843604,0.38894543933407,0.0,0.0,4
TPST1,0.03895862409606166,0.3889323161698965,0.0,0.0,4
THNSL2,0.038950568827796204,0.3888590178960865,0.0,0.0,4
SMARCA1,0.038949662305587524,0.3888507690692471,0.0,0.0,1
IFITM2,0.038923706100722315,-0.3886145826445892,0.0,0.0,4
RAB22A,0.038919394438308164,0.2804317206203765,0.0098086934581752,1.0,3
PTPN7,0.03891859895040938,0.3885681105359406,0.0,0.0,1
PLXNA3,0.038914911780016916,0.3885345594217995,0.0,0.0,5
PARP12,0.038913799631750984,-0.3885244395169835,0.0,0.0,2
RUNDC3A,0.038911723833836204,0.3885055509587236,0.0,0.0,1
MALT1,0.03890507693063802,0.388445067990987,0.0,0.0,1
ITGA9,0.03888710298869408,-0.3882815155338079,0.0,0.0,2
CLCN6,0.03888675791503252,-0.3882783755634313,0.0,0.0,5
POLR2K,0.038882883968626304,0.3882431248957874,0.0,0.0,2
RIBC2,0.03887833635160253,0.3882017442158638,0.0,0.0,2
ZNF721,0.038866812792228124,-0.3880968865025691,0.0,0.0,2
SMARCA4,0.038866389169519865,0.3880930317813806,0.0,0.0,5
PECR,0.038855329007221946,-0.3385751444304519,0.0044821745629262,-1.0,4
ZNF267,0.03885378108283907,0.3879783054979976,0.0,0.0,2
INTS5,0.03885370307673838,0.3879775956876798,0.0,0.0,3
MARC1,0.03885279726015197,-0.3879693532815942,0.0,0.0,1
MZT2B,0.03884832261785704,-0.3879286366294199,0.0,0.0,1
UNC5B,0.03884454262451893,0.3878942408802572,0.0,0.0,1
BZRAP1,0.03884413922117366,-0.3878905701435563,0.0,0.0,2
MRPL19,0.0388426479590385,0.3878770005221976,0.0,0.0,2
HIST1H4E,0.038839105990518444,0.3878447706609622,0.0,0.0,3
GALNT4,0.038829019132213344,0.3877529860949409,0.0,0.0,3
PMEL,0.03882723269031047,0.3877367305087298,0.0,0.0,3
POLR2E,0.03882144673631644,0.3876840816798975,0.0,0.0,2
CDH11,0.03881958156719468,-0.3876671097216109,0.0,0.0,1
GLRX2,0.03881696540524263,0.387643304163711,0.0,0.0,5
RGS1,0.03880474899402196,0.358931822589053,0.0025940665122154,2.0,1
TNS3,0.03880413530505248,-0.3875265576860325,0.0,0.0,4
KLK13,0.03879158022448959,0.3874123137276095,0.0,0.0,2
LRRC61,0.03877697108198597,0.387279378995696,0.0,0.0,4
DOPEY2,0.038776640295876755,0.3872763690337671,0.0,0.0,3
TBL1X,0.038775543906764666,0.3872663925281199,0.0,0.0,4
ZNF211,0.0387715446147765,-0.3872300012883083,0.0,0.0,2
ARHGAP4,0.03877151851828336,-0.3872297638253417,0.0,0.0,2
MAGEH1,0.0387659889121218,-0.3871794476132511,0.0,0.0,4
ELAVL2,0.038761942715404174,0.3255256477097491,0.0055886980660252,1.0,4
KRT24,0.038742363316645295,0.3869644683836223,0.0,0.0,4
FER,0.03874011668425219,-0.3869440253305949,0.0,0.0,4
RHOA,0.038739959139348926,-0.2606242209826076,0.0114571537456046,5.0,4
MTA1,0.038718804582769224,0.3867500975558163,0.0,0.0,3
MPV17,0.03871396939650616,0.3867061001624394,0.0,0.0,2
IKZF5,0.0387136882494104,-0.3867035418867709,0.0,0.0,4
IL21R,0.03870845165894235,0.3866558919477113,0.0,0.0,4
ACBD3,0.038708329797019866,0.3866547830748263,0.0,0.0,4
PTGDR,0.03869916673208143,-0.3865714044931748,0.0,0.0,4
ZC3H4,0.03869678343214315,-0.1310411858188587,0.0231747806486266,-3.0,3
MGAT4A,0.0386962217109213,-0.3865446065070298,0.0,0.0,4
EED,0.03868740371496007,0.3864643678531301,0.0,0.0,4
ZNF10,0.03868686024384611,-0.3864594225808926,0.0,0.0,4
DUSP10,0.03868308519450324,0.3722271429822311,0.0012877608581338,1.0,3
VPS13D,0.03868199958662953,-0.3864151934165971,0.0,0.0,2
ADD1,0.03866950536043916,-0.3863015031977035,0.0,0.0,5
DNASE1L1,0.03864852482612514,-0.3861105924920447,0.0,0.0,2
LGALS13,0.038646455600904135,0.3860917637414898,0.0,0.0,2
ASCC1,0.03864643894604516,0.3860916121919233,0.0,0.0,3
GCNT1,0.038643206586187265,0.3860621995901193,0.0,0.0,3
FGA,0.03860403136805731,0.3857057278041492,0.0,0.0,1
KDM3A,0.03860128990843506,0.3856807821100508,0.0,0.0,2
RDH16,0.03860042004263936,0.3856728668353299,0.0,0.0,4
MFSD9,0.03858572318368361,0.385539133934527,0.0,0.0,4
FRZB,0.03858232630547523,-0.3855082243110592,0.0,0.0,2
VPS53,0.03857546423041359,-0.1190678947847295,0.024160637961683,-6.0,1
GDPD3,0.03857179837917359,-0.3854124262818343,0.0,0.0,1
RTP4,0.03856945940223979,0.3853911429469931,0.0,0.0,1
ZNF273,0.038561221366208584,0.3853161815924146,0.0,0.0,3
LYRM4,0.03855498010130473,0.3852593896981204,0.0,0.0,2
PPP1R17,0.038554935659038315,-0.3852589852992469,0.0,0.0,1
PEX10,0.03855233982138697,0.385235364680707,0.0,0.0,4
LIPT1,0.03854625283607363,-0.3851799766412934,0.0,0.0,2
ARMC8,0.0385167637574381,-0.2759277470549538,0.0098849062508322,-2.0,4
IKBKG,0.038508467462307815,0.3848361516337295,0.0,0.0,1
PRDX1,0.038494853480664816,0.317865677877606,0.0060630271338098,1.0,3
LDB1,0.0384893801002901,0.38466246769902,0.0,0.0,4
NRP1,0.038474340230317185,-0.3845256135967092,0.0,0.0,3
B3GALT1,0.03846359045875403,-0.3844277969041467,0.0,0.0,1
CLCN1,0.03845830333573173,0.293611259145463,0.0082327521202688,-2.0,4
SH3BP1,0.03844457898213607,0.3842548034826052,0.0,0.0,4
SPICE1,0.038442054204848766,0.3842318294722042,0.0,0.0,4
HIST1H4A,0.03844122438729018,0.3842242786132362,0.0,0.0,4
FABP7,0.03841600006872711,0.3839947519298562,0.0,0.0,4
KRT76,0.03841516816909139,0.3839871821251928,0.0,0.0,3
YTHDF1,0.038392034621330194,0.3837766802446696,0.0,0.0,4
FAM204A,0.038372292264141176,-0.3835970362334204,0.0,0.0,4
KPNA3,0.0383440516192801,-0.3833400627284566,0.0,0.0,4
PLIN3,0.038343816465148686,0.3833379229621144,0.0,0.0,4
KLC2,0.0383421250384766,0.3833225319594495,0.0,0.0,3
SIGLEC15,0.038335975246857334,0.3832665724190433,0.0,0.0,3
TTC13,0.03833193343043147,0.3832297942314883,0.0,0.0,4
NECAB2,0.03832287437624022,0.38314736208737,0.0,0.0,3
SCAMP4,0.03832146712333203,0.3831345569012998,0.0,0.0,2
UBE4B,0.03830830968566296,0.38301483184223,0.0,0.0,3
TMED5,0.03830515708856401,-0.382986145035316,0.0,0.0,3
KLRG1,0.038301526463527434,-0.3829531084511499,0.0,0.0,3
CRTC3,0.03828964412305509,-0.3828449860377499,0.0,0.0,5
ZSCAN2,0.03827904401480277,0.3827485311945976,0.0,0.0,4
VCP,0.0382767877413878,0.3827280004138575,0.0,0.0,1
GSTO1,0.03827087882790868,-0.3826742327249564,0.0,0.0,4
PRPS1,0.038270109304647866,0.3826672305091623,0.0,0.0,3
MBOAT7,0.03826712333456159,0.3826400599115161,0.0,0.0,3
INE1,0.038242718208998924,0.3824179874097808,0.0,0.0,1
NOC2L,0.03824173309237304,0.3824090234192842,0.0,0.0,4
CTNNB1,0.038234958579098005,-0.3823473792737885,0.0,0.0,2
EPN2,0.0382219652884428,-0.3822291478574343,0.0,0.0,4
COBLL1,0.038218871014739364,-0.3822009917596256,0.0,0.0,3
POLB,0.038205849197751406,0.3820825007701721,0.0,0.0,3
KITLG,0.038189269666542534,-0.3819316366427289,0.0,0.0,2
ROBO3,0.038186625495850474,-0.3607832945731396,0.0019159853085127,-1.0,4
BSG,0.03817416391153437,0.3817941830247727,0.0,0.0,3
RER1,0.03816547419128126,0.3817151116054909,0.0,0.0,3
POU4F1,0.03816086177037765,0.3816731412478096,0.0,0.0,4
BTN3A1,0.03816011340201314,-0.3816663315293143,0.0,0.0,3
CCL16,0.03815823752534295,-0.3816492621385411,0.0,0.0,2
DIABLO,0.03815162165846404,0.3815890615833268,0.0,0.0,4
MFSD10,0.03812909439730468,0.3813840765595842,0.0,0.0,2
SEMA4C,0.03812818467684032,0.3813757986304713,0.0,0.0,2
C11orf73,0.03812405564744884,0.3813382268554623,0.0,0.0,2
ANAPC1,0.03810752073808562,0.3811877687609596,0.0,0.0,3
DAPP1,0.03810741837136595,0.3811868372831242,0.0,0.0,1
FGFR1OP,0.03810329594458629,0.3811493255880572,0.0,0.0,4
EIF2B5,0.03807845194475256,0.3809232595847488,0.0,0.0,4
UBE2K,0.038062195628531297,0.3807753365264147,0.0,0.0,5
SIM1,0.038056988766000575,0.0932322110298294,0.0260760405910264,7.0,1
COX6B1,0.03804098727234985,0.3805823527737675,0.0,0.0,4
GABARAP,0.03803543456640221,-0.3805318263670081,0.0,0.0,2
PIK3C2A,0.03802191705262986,-0.3804088248240347,0.0,0.0,4
DUSP5,0.038020587868391145,-0.380396730017622,0.0,0.0,1
TAF2,0.03801775076747206,0.3803709140431391,0.0,0.0,4
PRKCSH,0.038002927622646655,0.3802360320140952,0.0,0.0,3
DHX32,0.03798899678108188,0.3801092694277022,0.0,0.0,4
HRSP12,0.03796816403005625,0.3799197034643388,0.0,0.0,4
GCM1,0.03796656493651822,0.3799051526396939,0.0,0.0,3
TNFRSF9,0.03796539112225557,0.3798944716100385,0.0,0.0,4
KAT6B,0.03796074200474023,-0.3798521673344533,0.0,0.0,3
CNBP,0.037951756440855286,-0.3797704039095404,0.0,0.0,5
MYL12A,0.03794053018918662,-0.3796682515241011,0.0,0.0,5
AIM1L,0.037933332403346676,0.3796027558435185,0.0,0.0,4
MAP3K5,0.037920745691202414,-0.379488224056033,0.0,0.0,1
TP53BP2,0.03791102176934697,-0.3586548605861279,0.0018815734745498,-1.0,5
TIMM22,0.037901874181113245,-0.3793165042488038,0.0,0.0,1
CIITA,0.037892559171349295,-0.3792317430572804,0.0,0.0,3
CLIP4,0.03788261871768945,-0.3791412906887008,0.0,0.0,4
MDH2,0.03788132027762645,0.3791294756364732,0.0,0.0,4
ARL4A,0.03786961365844015,0.3790229521849593,0.0,0.0,2
SPIN1,0.03785674218839462,-0.2529796306444529,0.0114215834900764,2.0,2
DYNC2LI1,0.03784502686891279,-0.3787992266464054,0.0,0.0,4
SLC38A7,0.03783116295466833,0.3786730730598481,0.0,0.0,5
ZHX2,0.03781252332778766,-0.3785034632554578,0.0,0.0,3
PAFAH1B1,0.037809938144512,-0.372618253551745,0.0005316585203156,1.0,3
OXCT1,0.037806888516497425,0.3784521897376545,0.0,0.0,3
CDC25B,0.037803430617939754,0.3784207248643648,0.0,0.0,2
MTMR1,0.0378008191806132,0.3783969622978193,0.0,0.0,4
ACBD4,0.03779535882321023,-0.3783472762093076,0.0,0.0,1
CATSPERB,0.03778770683983557,0.3782776475943314,0.0,0.0,4
PPP1CC,0.037785354947808304,0.378256246739623,0.0,0.0,2
NOL4,0.037761981010845026,0.3780435574566479,0.0,0.0,1
SEC23A,0.03775658459978992,0.3779944532428498,0.0,0.0,2
SRPR,0.037738508774146674,0.3778299737030408,0.0,0.0,3
DGCR2,0.03773028018441187,0.3777550983042861,0.0,0.0,1
XPA,0.0377255911442124,-0.3777124307554075,0.0,0.0,4
HECTD3,0.0377254126993502,0.3777108070105565,0.0,0.0,2
BAI2,0.03772243625904893,0.3776837231284322,0.0,0.0,4
TLL1,0.037721895458290106,-0.3776788021548791,0.0,0.0,3
FAM179B,0.037716817000172494,-0.377632591128583,0.0,0.0,2
C7orf43,0.037707773181227706,0.3775502976163798,0.0,0.0,2
ORAI3,0.037707157322989196,0.3775446936632516,0.0,0.0,1
EIF4A1,0.0376999689215163,-0.3774792833749716,0.0,0.0,2
MAGEL2,0.03769091550275392,0.3773969025099907,0.0,0.0,4
ARFGAP1,0.03768836936927076,0.3773737341705816,0.0,0.0,4
ITPA,0.03768363131551298,0.3773306206267219,0.0,0.0,4
FLRT1,0.03767788054778328,0.3772782919725073,0.0,0.0,3
FYB,0.037671128953989476,-0.3772168563810107,0.0,0.0,2
HSD17B4,0.03765428208585252,-0.377063559642423,0.0,0.0,3
SH3GL1,0.03765404326864705,0.3770613865442293,0.0,0.0,4
DRD1,0.03764720767674962,-0.3769991866186601,0.0,0.0,3
FRMPD4,0.037636049967676985,-0.3768976579311296,0.0,0.0,1
FAIM2,0.03762719340628338,-0.3768170683541409,0.0,0.0,1
WDR76,0.03762522764075381,0.3767991810268311,0.0,0.0,2
MC1R,0.03761930892171579,0.3767453241130256,0.0,0.0,4
RRAGB,0.0376152034248574,-0.3767079664704325,0.0,0.0,4
HMGCL,0.03761421605795689,0.3766989820037407,0.0,0.0,2
IGSF3,0.03761306898200006,0.3595640136631183,0.0015532054352352,1.0,4
CD4,0.037602888771584124,-0.3765959102610359,0.0,0.0,2
DDX1,0.03758085664417725,0.3763954306675491,0.0,0.0,2
IL24,0.03757991986872961,0.3763869065537646,0.0,0.0,1
PER2,0.0375753576443617,-0.3763453929554732,0.0,0.0,3
RNF24,0.037573668804426585,0.3763300254906159,0.0,0.0,4
GLRX3,0.03756374940416061,0.3762397646957217,0.0,0.0,4
SLC30A5,0.03755378883973284,0.3761491293308066,0.0,0.0,4
SCNM1,0.03754610437154067,0.3760792051228135,0.0,0.0,5
NMT2,0.0375438736793769,-0.376058907116637,0.0,0.0,4
NGFR,0.03752211142330903,0.3758608831959655,0.0,0.0,1
LLGL2,0.03751978088834682,0.3758396766781744,0.0,0.0,2
CRISP2,0.03749736387867873,-0.3756356948791201,0.0,0.0,2
BMS1,0.03749633832302842,0.3756263629169325,0.0,0.0,1
ZNF212,0.03749550793479529,0.3756188068651568,0.0,0.0,4
UNC119,0.037494343919236305,0.3756082149980272,0.0,0.0,4
EIF5B,0.03747198821105962,0.3754047910070252,0.0,0.0,2
MCF2L,0.03747015099877044,-0.3652052315633396,0.0009235900069311,-1.0,2
SSH3,0.03746968857053624,0.3753838656107264,0.0,0.0,2
GNG5,0.037462059764367193,-0.3048846857625324,0.0063880226449247,-2.0,3
NTAN1,0.037461308916111886,-0.3753076156108272,0.0,0.0,4
NAV3,0.03745876162910875,-0.3752844367750547,0.0,0.0,4
C14orf159,0.03745462329581722,-0.3752467803399462,0.0,0.0,2
CCND1,0.03744566734877388,-0.3751652864111313,0.0,0.0,2
RXRG,0.03744090962062393,-0.3751219938417026,0.0,0.0,3
COX7A2,0.03740441886811155,0.374789949137412,0.0,0.0,1
GM2A,0.037394239896768516,0.3746973263961179,0.0,0.0,2
LRRC16A,0.037392315496726135,-0.3746798154707734,0.0,0.0,5
AUP1,0.03738980084174779,0.3746569335675188,0.0,0.0,4
GHRH,0.03737805004919039,0.3745500081639229,0.0,0.0,1
MDM2,0.03737602339795621,0.3483965451660165,0.0023704625011548,-1.0,1
ULK4,0.03735932369387642,-0.374379609181042,0.0,0.0,5
CDK5RAP3,0.037355124403783364,0.3743413980743594,0.0,0.0,3
HSF1,0.03734671647508192,0.3742648907949214,0.0,0.0,2
CORO1B,0.0373406952887342,0.3742101014879695,0.0,0.0,5
RAVER2,0.037332811883865336,-0.3741383670714869,0.0,0.0,4
CLPB,0.03732188195242694,0.3740389110284484,0.0,0.0,4
MRPS28,0.037321272634185845,0.3740333665855073,0.0,0.0,3
C1GALT1C1,0.03731401438351064,0.3739673207099585,0.0,0.0,1
TMX1,0.0373043490599703,0.3738793718660497,0.0,0.0,3
SHARPIN,0.03730422730414958,0.3738782639586292,0.0,0.0,4
CALY,0.037300934487054196,0.3738483012309944,0.0,0.0,1
HDHD1,0.03729720972779336,0.373814408079931,0.0,0.0,2
SCT,0.03729101021552171,0.3737579961103974,0.0,0.0,1
AATF,0.037280278095903244,0.3736603400403036,0.0,0.0,4
GABPA,0.037216753713283264,-0.3544194944047838,0.0016927283704085,1.0,1
QDPR,0.03721668111642142,-0.3730816443765555,0.0,0.0,5
NCK1,0.03721483824530935,-0.3730648753172371,0.0,0.0,2
SLC12A4,0.0372072241262881,-0.3729955912459375,0.0,0.0,2
CNP,0.03718518216662502,0.3727950221846163,0.0,0.0,4
SMG7,0.037184315092206745,0.3727871323098126,0.0,0.0,4
URB2,0.037178161901836815,0.2842440061528826,0.0080258375075734,-1.0,3
MICA,0.037172273166994736,-0.3726775577677487,0.0,0.0,3
DYNC2H1,0.037169977095648274,-0.3726566648488918,0.0,0.0,3
UPP1,0.03715846975650424,-0.3725519547302952,0.0,0.0,2
AOC2,0.03714732687372176,-0.3724505609534144,0.0,0.0,3
HAX1,0.03714439491960429,0.3724238818697863,0.0,0.0,3
ARMC1,0.037133741816868925,0.3723269448075445,0.0,0.0,3
COPA,0.03709596930075055,0.3719832367971223,0.0,0.0,4
MAP4K1,0.03709167072603214,0.3719441222578767,0.0,0.0,1
BZW1,0.03709024265496306,0.371931127638605,0.0,0.0,3
CIB1,0.037083843296392326,0.3244813282780264,0.0042984443817661,1.0,3
ZNF672,0.03707503326371071,0.3717927309908759,0.0,0.0,1
AVL9,0.03707041803632836,0.3717507350958642,0.0,0.0,4
MUC7,0.0370594480049553,-0.3716509141666551,0.0,0.0,1
ZDHHC4,0.03705874773150093,0.3716445420839747,0.0,0.0,4
SORBS3,0.03705034074635562,-0.3715680433903507,0.0,0.0,4
POLA1,0.037044379148970456,0.3715137963084309,0.0,0.0,3
KLHL21,0.03703377813568221,-0.3714173332299761,0.0,0.0,1
ZNF587,0.037015460094309414,0.3712506496673735,0.0,0.0,4
DOLK,0.03700429881190613,0.3711490884646045,0.0,0.0,1
UBAP2L,0.03700255280775193,0.3711332008384758,0.0,0.0,5
CMAS,0.0369978684182743,0.3710905756084712,0.0,0.0,3
MED1,0.036973145426853996,0.37086561071161,0.0,0.0,2
REEP2,0.036947583015733046,0.3706330075818518,0.0,0.0,4
UBE2L6,0.03692651538275094,-0.3704413043287804,0.0,0.0,1
MGC40069,0.0369127474999244,0.3703160245724834,0.0,0.0,1
B2M,0.03691050822160106,-0.3702956484372298,0.0,0.0,5
ATP1B2,0.03689298101067493,-0.3701361609734667,0.0,0.0,4
CCNT1,0.03688925468639379,0.3701022535816254,0.0,0.0,1
ZIC1,0.036883883644241805,0.2580849950993993,0.0101556012394151,3.0,3
HSPA1L,0.03688313007201362,-0.3700465231395067,0.0,0.0,3
LOC729966,0.03688195772026543,-0.3700358554178854,0.0,0.0,4
FBXL6,0.036876978685501806,0.3699905490865025,0.0,0.0,4
ATP5C1,0.03687346248674032,0.2297701853259671,0.0127151710400796,5.0,2
TBXA2R,0.036825454220404716,-0.369521706308566,0.0,0.0,5
USP25,0.03681563866343614,-0.3694323904275089,0.0,0.0,3
COPS6,0.03681491102245393,0.3694257693161826,0.0,0.0,4
ASAP1,0.03679618959352349,-0.3692554151605373,0.0,0.0,3
GABRA2,0.03679216475934506,-0.3692187915015941,0.0,0.0,1
GTPBP2,0.0367784673927962,0.3690941534025652,0.0,0.0,5
LTB4R,0.036770217261138854,0.3690190819847973,0.0,0.0,2
ZBTB7B,0.036760300702311816,0.368928847045351,0.0,0.0,4
CBR4,0.036756912097911945,0.3688980127087466,0.0,0.0,2
SLC12A7,0.036754908015831866,0.3688797767230287,0.0,0.0,4
IFITM3,0.036749475980509066,-0.368830348349036,0.0,0.0,2
RNPEP,0.03674280372032382,0.3687696346474096,0.0,0.0,2
TRIP6,0.03673089898043487,0.3686613084122972,0.0,0.0,3
DOCK3,0.03671117613169277,0.3684818419166113,0.0,0.0,4
FBXL2,0.0366945232759653,-0.3683303105785347,0.0,0.0,1
PTGES3,0.036680785638662644,0.3682053060389801,0.0,0.0,2
COPB2,0.03667430543703775,0.3681463399589698,0.0,0.0,4
ACVR1,0.03667021368338055,0.3681091073715444,0.0,0.0,3
UBE2H,0.036655244787008115,0.3679728990878743,0.0,0.0,4
FIP1L1,0.03665488772564705,0.3679696500363781,0.0,0.0,3
OAT,0.03664919943338824,0.3679178898727488,0.0,0.0,3
WDR11,0.03663133940038676,-0.3677553739209447,0.0,0.0,1
SERTAD3,0.036606529232556785,-0.3675296157692675,0.0,0.0,3
USP39,0.0366059167228174,0.3675240422855412,0.0,0.0,4
SLC36A1,0.03660533536039135,0.3675187522243188,0.0,0.0,4
ZFAND3,0.03660483040765638,0.3675141574470116,0.0,0.0,4
CHL1,0.036603252259437016,0.3674997972126304,0.0,0.0,2
FOLR2,0.036600506190954826,-0.367474809580577,0.0,0.0,2
DCTN1,0.03656531904074698,-0.3671546269019208,0.0,0.0,2
SGSM2,0.03655864361952482,-0.3670938844366901,0.0,0.0,2
TRIM37,0.03655056394192994,0.3670203640521256,0.0,0.0,3
GPAA1,0.03653240147274108,0.3668550961062548,0.0,0.0,4
PAFAH2,0.03652623117744209,0.3667989499942434,0.0,0.0,2
GABARAPL2,0.036522389885716725,-0.3667639964652744,0.0,0.0,5
TTF2,0.03650028119036817,0.3665628201478835,0.0,0.0,4
KIAA0141,0.03649837579022829,-0.3665454821106428,0.0,0.0,4
PTPN20B,0.03648848070529742,0.3664554425712092,0.0,0.0,1
MINA,0.036481182045514274,0.366389028996192,0.0,0.0,3
GTF2IRD2B,0.03647837359489709,-0.3663634737228558,0.0,0.0,2
NIPAL3,0.036474507888217274,-0.3663282980319479,0.0,0.0,2
TRIM3,0.03647417696072313,-0.1600977150615982,0.0187049673075929,-6.0,2
CD84,0.03646976693085314,0.3662851580669528,0.0,0.0,1
EIF3B,0.03646318972298366,0.3662253092863244,0.0,0.0,4
TRIB2,0.03645797150701846,-0.3661778265445941,0.0,0.0,2
LSS,0.03645777170038171,-0.3638314243292719,0.0002126552157904,-1.0,4
SSB,0.036453221347402864,0.3661346028444427,0.0,0.0,2
NDUFA8,0.0364512712683947,0.3661168582553886,0.0,0.0,3
PSCA,0.03644635119210641,0.3660720884119692,0.0,0.0,1
CEP97,0.036439781505454974,0.366012308070067,0.0,0.0,2
PCYT2,0.03643315058352233,0.365951970522587,0.0,0.0,2
PIGN,0.03641538868929434,0.3546983303612076,0.0010060527681134,1.0,3
ICMT,0.03640340832367229,0.3656813331912935,0.0,0.0,4
TCEAL4,0.036389471954879876,-0.3655545203103316,0.0,0.0,3
ATP9A,0.03638291203689005,0.3654948288575899,0.0,0.0,3
AGRP,0.03638267705618155,-0.3654926906692957,0.0,0.0,3
LRRFIP2,0.03638041313788147,-0.3654720903245307,0.0,0.0,4
GPSM2,0.03635642377864706,0.365253801055478,0.0,0.0,4
NFAT5,0.03635440428439498,-0.365235424827925,0.0,0.0,3
PGLYRP4,0.036348376360342126,0.3651805742117603,0.0,0.0,4
ZNF93,0.03631894205680771,0.3649127391045021,0.0,0.0,4
FAM50A,0.0363158472490381,0.3648845781470007,0.0,0.0,3
NAALADL1,0.036315313373335587,-0.3648797201874476,0.0,0.0,4
CCNL2,0.03630431490211209,-0.3647796404720781,0.0,0.0,2
MYLIP,0.036298377491350904,-0.3647256134744222,0.0,0.0,4
GTF2B,0.03628895786279714,-0.36463990031253,0.0,0.0,3
CLCN4,0.03628330711926245,-0.3645884818205336,0.0,0.0,4
NACAD,0.0362708758810766,-0.3644753647559846,0.0,0.0,2
SPTB,0.036260541192063636,0.3643813250741205,0.0,0.0,4
WDR5B,0.036249163309837185,0.3642777929384636,0.0,0.0,4
STAR,0.036247606755749825,0.3642636291981714,0.0,0.0,2
PBX3,0.03624315034172471,-0.3642230784126905,0.0,0.0,3
PDCD11,0.03623854550487319,0.3641811770654889,0.0,0.0,3
ANKRD12,0.03622694782095767,-0.3640756448618196,0.0,0.0,4
ADCY6,0.036212452456448566,-0.3639437454437306,0.0,0.0,2
RBBP5,0.036212135646282284,0.3639408626547845,0.0,0.0,4
ATR,0.036205505360478944,0.3638805308957125,0.0,0.0,4
ZNF83,0.03620337601240302,-0.3638611550620143,0.0,0.0,2
RHOH,0.036202451842717684,0.3638527456533627,0.0,0.0,1
LIG4,0.036201043082010886,-0.3638399267471988,0.0,0.0,4
NMB,0.036174566700291615,0.3635990070145712,0.0,0.0,4
UVRAG,0.03616842304758652,-0.363543103334727,0.0,0.0,4
ATP4A,0.03614832982462986,0.3633602666482918,0.0,0.0,3
TET3,0.03614029609384118,0.3632871643530412,0.0,0.0,2
LY6G5C,0.03613851332779154,-0.3632709422149647,0.0,0.0,2
TERF2IP,0.03613157929637047,-0.3632078465467684,0.0,0.0,2
CDK7,0.03612755090521472,0.3631711905213926,0.0,0.0,4
KIAA0485,0.03612583613314511,-0.3631555870891371,0.0,0.0,2
AVP,0.03612389577649239,0.3631379309678841,0.0,0.0,2
EFR3A,0.03610690390924713,0.3085848888015245,0.004933970621828,1.0,3
CLPP,0.036103159564964626,0.3629492434580141,0.0,0.0,2
RGS7,0.03608423965280172,0.3627770832199591,0.0,0.0,3
DDX41,0.03608008984955184,0.3627393224148756,0.0,0.0,5
NDUFAB1,0.03607558913874206,0.3626983685543208,0.0,0.0,4
AMPD1,0.03604707756198846,-0.3624389297261192,0.0,0.0,1
NISCH,0.03604431904044842,-0.3624138287784549,0.0,0.0,4
LDHC,0.0360326808935492,0.362307928385079,0.0,0.0,3
ZNF613,0.03601690967371287,-0.362164419422772,0.0,0.0,1
FHL3,0.03601558606793161,0.3621523753770898,0.0,0.0,4
TMEM59L,0.03601528866969206,0.3621496692254292,0.0,0.0,3
FAM35A,0.03599530689261715,-0.3619678466319437,0.0,0.0,3
TRMT5,0.03599174601221395,0.3619354446835297,0.0,0.0,4
SUPV3L1,0.0359903262689462,0.3619225258424247,0.0,0.0,2
DMRT1,0.03597938850874678,0.361822998562197,0.0,0.0,2
VNN3,0.03597499254345216,-0.3617829978251383,0.0,0.0,4
RNGTT,0.03596568002429284,0.3616982592966738,0.0,0.0,2
HEPH,0.035957989370910264,-0.3616282788070319,0.0,0.0,2
TOMM34,0.035945586024826934,0.3615154155444545,0.0,0.0,4
FSTL4,0.035941330172473654,0.3614766897539773,0.0,0.0,3
SERTAD2,0.03593586734634627,0.3614269812015038,0.0,0.0,1
KIAA0247,0.035933923974321776,-0.3614092976421149,0.0,0.0,4
C17orf62,0.03593093903845833,0.3613821364552972,0.0,0.0,4
POLR3F,0.03592591247125489,-0.3613363976062533,0.0,0.0,1
NR1D1,0.03592260468792334,0.3613062986945411,0.0,0.0,4
OSGEPL1,0.03590514516474729,0.3611474271500839,0.0,0.0,3
HMGB2,0.03590136137445245,0.361112996850815,0.0,0.0,3
LITAF,0.03589273389847006,-0.3610344918183311,0.0,0.0,3
PFDN4,0.03588643883121061,0.3609772103537753,0.0,0.0,4
NDUFB5,0.03588617407187547,0.3609748011972331,0.0,0.0,4
CKMT2,0.035873589782349155,0.3608602914541672,0.0,0.0,1
BCAS4,0.035860602677699374,0.3607421163268781,0.0,0.0,4
FAM110B,0.03585788457688447,-0.3607173831843919,0.0,0.0,4
APBB2,0.03585166933767112,-0.3606608281088014,0.0,0.0,4
RBM19,0.03584647737927939,0.3606135842957754,0.0,0.0,2
ITSN2,0.03584115091164789,-0.3605651165266053,0.0,0.0,3
ZFP36L1,0.03583674799849079,0.3605250525680237,0.0,0.0,1
SLC25A22,0.03583664687591073,0.3605241324111379,0.0,0.0,4
GGPS1,0.03582892159004806,0.3604538367859939,0.0,0.0,2
DPYD,0.03581698756788009,-0.3603452440991093,0.0,0.0,3
CAPZA2,0.035798523667892525,-0.3601772333076261,0.0,0.0,4
FAM47E,0.03579729786533695,-0.3601660792146282,0.0,0.0,2
ACACA,0.03578202458120103,0.3600271011786796,0.0,0.0,3
VASH1,0.03577175392630547,-0.3599336441701811,0.0,0.0,3
C14orf105,0.03576971781027604,0.3504609617591032,0.0008574976541848,1.0,4
THUMPD2,0.0357630230506783,0.3041331666386936,0.0050539317615742,2.0,4
PRCC,0.035758527365071714,0.3598132901267243,0.0,0.0,4
NFIC,0.03575518070841656,-0.3597828374902914,0.0,0.0,3
IDI1,0.035751790681731975,-0.3597519902117203,0.0,0.0,4
T,0.035747135948534396,0.3597096348366806,0.0,0.0,4
SLC25A40,0.03574004778792138,0.3596451366821436,0.0,0.0,4
SRF,0.03573221974111249,-0.3595739059919311,0.0,0.0,4
PLEKHG3,0.0357284662127164,0.3595397510584064,0.0,0.0,2
ATF5,0.03572429885777474,0.3595018305430976,0.0,0.0,4
FRAT2,0.03572228033771406,-0.3594834631801218,0.0,0.0,1
NXPH3,0.035717374620072434,-0.3594388239920674,0.0,0.0,4
PARN,0.03569373206695332,0.3592236904577165,0.0,0.0,4
SLTM,0.03568973809244593,-0.359187347603899,0.0,0.0,4
TMEM5,0.035687252342339125,0.3591647287182272,0.0,0.0,4
ZGPAT,0.03568096284706064,0.3591074979554696,0.0,0.0,3
ZNF550,0.03566146632626986,0.3589300909130011,0.0,0.0,4
KCNN3,0.03564869872604302,-0.3588139131487748,0.0,0.0,2
ANKRD27,0.035630495922141604,-0.3586482781803906,0.0,0.0,3
SYNCRIP,0.035620623714419444,0.3585584468103007,0.0,0.0,2
TOB2,0.03558725622079402,-0.3582548219521941,0.0,0.0,3
HMHA1,0.03558664270690251,-0.3582492393312653,0.0,0.0,3
GLUD1,0.03558501117974602,-0.3582343933794852,0.0,0.0,4
NPC1,0.03556850182739009,-0.3580841678389404,0.0,0.0,3
CALD1,0.03556366085585535,-0.3580401178029433,0.0,0.0,1
SCYL2,0.03556052887734648,0.3580116186132522,0.0,0.0,3
ZNF749,0.03555489521362156,0.0829010224758584,0.0249480503000189,-7.0,2
SNAP23,0.035537679941533805,-0.35780370653655,0.0,0.0,4
ITGA3,0.03553004954691426,-0.3577342743667363,0.0,0.0,2
TNK1,0.03552989241825103,0.3577328445869449,0.0,0.0,4
TIMM13,0.03552968791517123,0.3577309837274124,0.0,0.0,4
LRCH3,0.03552561112757702,-0.3576938873224886,0.0,0.0,1
FBXW12,0.03552385857649144,-0.3576779401230778,0.0,0.0,2
CPSF1,0.035502498651543465,0.3574835771824776,0.0,0.0,4
CRHBP,0.03549434766343378,-0.3574094079135474,0.0,0.0,2
CYP51A1,0.03548942839927259,-0.3573646454600141,0.0,0.0,2
ZNF253,0.03548520387131548,0.357326204703392,0.0,0.0,3
XRCC4,0.03548048649599875,0.3572832793213643,0.0,0.0,4
RFX7,0.035454207498875775,0.3570441556741939,0.0,0.0,2
NCOA4,0.03543587112332704,-0.3568773052812135,0.0,0.0,4
TEX2,0.03542885570808091,-0.3568134690673649,0.0,0.0,4
SETD6,0.035422288229541944,0.3567537088180068,0.0,0.0,2
MRPL48,0.035417679970320824,0.3567117763292248,0.0,0.0,4
CRYZL1,0.03540503037117084,-0.3565966723064254,0.0,0.0,4
GABRB3,0.03540467005363238,0.3565933936256016,0.0,0.0,2
POP1,0.035403869854513284,0.3565861122772714,0.0,0.0,3
COX6C,0.03539603603960528,0.3565148291006991,0.0,0.0,4
MARCH5,0.035389280067264745,0.3564533536669643,0.0,0.0,1
DKFZP586I1420,0.03538250839389118,-0.3563917353629264,0.0,0.0,2
SLC30A1,0.0353809300432667,-0.3563773732867759,0.0,0.0,1
WIPF2,0.03537605721211989,-0.3563330333467691,0.0,0.0,1
LILRA3,0.03536428983068234,-0.3562259569939759,0.0,0.0,3
CAPNS1,0.035349230529566754,-0.3560889260795257,0.0,0.0,1
ADRBK2,0.03534591841678343,-0.3560587877723109,0.0,0.0,3
LARS2,0.03534325067298571,0.3560345128495031,0.0,0.0,4
EFR3B,0.0353422377540327,-0.356025295873939,0.0,0.0,4
TFG,0.03533910868861811,0.3559968231917179,0.0,0.0,3
OCEL1,0.03533254339776393,-0.3559370828490237,0.0,0.0,2
PMF1,0.035322253867715925,0.3558434540875746,0.0,0.0,3
NOS1,0.035313598363214994,-0.3557646940118123,0.0,0.0,4
MAD1L1,0.03531319031879233,0.3557609810439963,0.0,0.0,4
MRM1,0.03529332061759116,0.3555801782760225,0.0,0.0,4
REEP4,0.03528983947284604,0.3555485018758963,0.0,0.0,3
UPK3A,0.035282503142762316,0.355481745522971,0.0,0.0,4
PRKCG,0.03527722264571157,0.3184857572392192,0.0033512007242529,-3.0,2
YARS2,0.03526931350284625,0.3553617274421122,0.0,0.0,4
PIP4K2C,0.035250615368769236,0.3551915852561356,0.0,0.0,4
UBE2G1,0.035247408465673605,0.3551624042961179,0.0,0.0,3
TMEM185B,0.03522547806284451,0.3549628503373474,0.0,0.0,3
RBM34,0.03521768572777517,0.3548919446032726,0.0,0.0,4
GATC,0.03520981626023259,0.3548203370083836,0.0,0.0,2
TRIM21,0.03520338214514431,-0.3547617902891529,0.0,0.0,4
BHMT2,0.03520255257323755,0.3547542416654742,0.0,0.0,2
BAX,0.03519802984122565,0.3547130874247397,0.0,0.0,2
PTGER3,0.03519678760958998,-0.3547017838366324,0.0,0.0,1
PPP1R3D,0.03517758997973687,0.3545270965285125,0.0,0.0,2
MECP2,0.035177199113124516,-0.3545235398688171,0.0,0.0,4
AGRN,0.03517159581891349,0.3544725531381729,0.0,0.0,4
LAMA5,0.03515964570287751,-0.3543638140064145,0.0,0.0,2
EPM2A,0.03515896013052559,-0.3543575756952483,0.0,0.0,4
PMFBP1,0.035150495076982535,0.354280548612851,0.0,0.0,3
F11R,0.035147257249840455,0.3542510862619288,0.0,0.0,2
ME1,0.03514239300493696,0.3542068244517611,0.0,0.0,4
ETFB,0.0351374062931639,0.3541614482640405,0.0,0.0,2
FNDC3B,0.0351233533369039,0.354033574504677,0.0,0.0,4
RBM17,0.03511437000506028,-0.3539518313900468,0.0,0.0,4
POLR2J,0.03510765109098354,0.3538906931650402,0.0,0.0,4
SS18L1,0.03510474408008434,0.3538642410502457,0.0,0.0,2
TAOK3,0.035085100442934954,-0.3536854953341565,0.0,0.0,3
RIT1,0.03508348584392503,0.3536708034187016,0.0,0.0,2
COQ9,0.03506757684920898,0.3535260407848189,0.0,0.0,5
ZMAT3,0.035060532856034256,0.3534619445283788,0.0,0.0,2
TNN,0.035055956718290086,-0.3534203043264252,0.0,0.0,1
AKTIP,0.03504547350817123,-0.3533249131885539,0.0,0.0,4
PIGF,0.03504477570855944,0.3533185636164076,0.0,0.0,4
RPH3AL,0.03502011694424885,-0.3530941831490302,0.0,0.0,2
CXCR4,0.03501999936395886,-0.35309311323652,0.0,0.0,1
DDHD2,0.035014668251183816,-0.3530446031992351,0.0,0.0,2
DCLK2,0.03499907371179665,-0.3529027019266427,0.0,0.0,2
TSEN34,0.03498898276205083,0.3528108801308815,0.0,0.0,4
TMEM189,0.034973284485221454,0.3526680349076729,0.0,0.0,4
MSRA,0.03496409005184048,-0.3525843708913699,0.0,0.0,4
GNL1,0.03496183200385699,-0.3525638239630845,0.0,0.0,3
VPS11,0.034956580064486785,-0.3525160343579088,0.0,0.0,2
RAB23,0.0349389479600065,-0.3523555924235806,0.0,0.0,3
CCDC134,0.03493380702734586,0.3523088129151421,0.0,0.0,4
TSN,0.03492394185358275,0.3522190455500039,0.0,0.0,2
SPTSSA,0.034917163874739914,-0.3521573698698492,0.0,0.0,3
EPB41,0.03491396853137333,0.3521282940966679,0.0,0.0,2
DDB1,0.03490269087460469,0.3520256739546041,0.0,0.0,4
PSME4,0.03489867402854491,0.3519891229829121,0.0,0.0,4
SUPT3H,0.034895048543354144,0.3519561331683647,0.0,0.0,4
MAP2K6,0.03487741311993409,0.3517956610336077,0.0,0.0,3
SLC25A28,0.034876091157412394,-0.3517836319406354,0.0,0.0,5
GTPBP3,0.03486659998355346,0.3516972677579211,0.0,0.0,5
NANOG,0.03486591458898075,-0.3295380414307949,0.0020092897540471,1.0,2
MPPE1,0.03486494060626911,-0.3516821683861145,0.0,0.0,5
WIPF1,0.034864118434090964,-0.3516746870956786,0.0,0.0,3
NTHL1,0.03485778389459937,0.3516170464566814,0.0,0.0,3
NXT1,0.03485764627678411,0.3516157942143014,0.0,0.0,2
TELO2,0.03485316683582012,0.3515750338970191,0.0,0.0,4
CERK,0.034852709577877304,0.3515708731146851,0.0,0.0,1
PSMD7,0.034838830626404194,0.35144458269806,0.0,0.0,5
ZNF222,0.034838711876353776,-0.3514435021414077,0.0,0.0,2
DUSP13,0.034827437693809186,0.3513409136127697,0.0,0.0,2
DOK1,0.034821611835883254,-0.3512879016812783,0.0,0.0,2
GEMIN7,0.03481788112801834,0.3512539544013646,0.0,0.0,4
ATF1,0.0348167799939309,-0.3512439347191911,0.0,0.0,2
STK17B,0.034815454478279814,-0.3512318732948001,0.0,0.0,3
PORCN,0.034812857036272134,0.3512082380775472,0.0,0.0,4
ELK3,0.034811180331159465,-0.351192981032543,0.0,0.0,3
DHX35,0.03480684971810731,0.3511535749630241,0.0,0.0,2
MLF2,0.03480458894047986,0.3511330031965602,0.0,0.0,4
PRUNE,0.03479449350671117,0.3510411405987891,0.0,0.0,4
THG1L,0.03477566401719628,0.3508698031544381,0.0,0.0,4
MRE11A,0.034768155264641394,0.3508014778569307,0.0,0.0,2
ALOX12B,0.034762438710023776,0.3507494605222122,0.0,0.0,2
BCAP31,0.03475669634907589,0.350697208364841,0.0,0.0,4
EMILIN2,0.03474979506264911,-0.3506344106571196,0.0,0.0,4
CACNB3,0.03474912704089256,0.350628332046202,0.0,0.0,4
ADAM15,0.03474328124746427,0.3321164519680893,0.0016742142150314,1.0,3
TMEM165,0.03473776398965492,0.3505249348639498,0.0,0.0,1
RGS10,0.03472785282954442,0.3504347490496959,0.0,0.0,2
TRPM4,0.03472124912642054,0.3503746591776044,0.0,0.0,2
COG2,0.03471713373486033,0.3503372114989579,0.0,0.0,4
NRBP1,0.034716907249860755,0.3503351506166924,0.0,0.0,3
TCF3,0.03470563515215656,0.350232581058894,0.0,0.0,4
TXNL4B,0.03469848783409346,0.3501675446058385,0.0,0.0,3
CORO2A,0.03469473073065627,0.3501333571415112,0.0,0.0,3
UMPS,0.03468738944764244,0.3500665557197918,0.0,0.0,4
POMC,0.034681261357619925,0.3500107936513416,0.0,0.0,2
TMEM110,0.0346684322547145,-0.3498940562483763,0.0,0.0,4
SPARC,0.03462725013848609,-0.3495193228525526,0.0,0.0,1
PIN1,0.034604471350708245,-0.349312049082322,0.0,0.0,4
TMEM161A,0.03460306277260418,0.3492992318377372,0.0,0.0,4
TRADD,0.03459944069128324,0.349266272996433,0.0,0.0,2
MECR,0.03459042648172891,0.3491842489125266,0.0,0.0,4
RHD,0.034586921257182324,0.3491523534001595,0.0,0.0,3
MYL2,0.03455131216744475,0.3488283313162642,0.0,0.0,2
ME2,0.03454296626340298,0.3487523884252907,0.0,0.0,2
AP2S1,0.034506154758567435,0.3484174250607105,0.0,0.0,4
ENTPD6,0.03450475467907522,0.3484046851485692,0.0,0.0,4
ROCK1,0.03449203649701611,-0.3482889570610353,0.0,0.0,4
SNTB2,0.03448922377862067,-0.3482633629533898,0.0,0.0,3
PHB,0.03448806780821939,0.3482528442925337,0.0,0.0,4
SNAI1,0.034483897685332485,-0.3482148985905269,0.0,0.0,2
NOX1,0.034478233122406374,0.3481633543500759,0.0,0.0,4
ZNF432,0.03447697523856058,-0.3481519083359257,0.0,0.0,3
ZNF22,0.034472334223326954,-0.3481096777864095,0.0,0.0,3
IER3IP1,0.03446548920274872,0.3480473920653082,0.0,0.0,2
C16orf95,0.03445939345778465,0.3479919243181484,0.0,0.0,4
RAB3A,0.03445921275540563,0.3479902800312024,0.0,0.0,3
MRPS15,0.03444716726023519,0.3478806730045853,0.0,0.0,4
MAGT1,0.034439734320946117,0.3164796518235195,0.0028419573145136,1.0,3
KLKB1,0.03443791291429857,-0.3477964638187406,0.0,0.0,3
AEBP1,0.03443721579699491,0.3477901204552029,0.0,0.0,1
APOBEC1,0.03443467633627573,0.3477670128340797,0.0,0.0,3
DECR1,0.0344343919313139,-0.3477644249137178,0.0,0.0,3
ST3GAL1,0.03442559320643549,-0.3476843616155056,0.0,0.0,3
MTMR11,0.03441517218246364,0.3475895363355401,0.0,0.0,2
DDX18,0.034414534488645745,0.3475837336912915,0.0,0.0,2
SLC17A9,0.03440635985282315,0.3475093492418758,0.0,0.0,4
FOXN2,0.03439686350847181,-0.3474229380106766,0.0,0.0,2
OTUD3,0.03439396465344999,-0.3473965601096405,0.0,0.0,2
YIF1B,0.03438255294996722,0.3472927202201479,0.0,0.0,4
SATB2,0.034375132770742375,0.3472252008886224,0.0,0.0,4
TGS1,0.03437292869438949,0.3472051450709031,0.0,0.0,2
CBX6,0.03436691864559162,-0.3471504571092015,0.0,0.0,2
MAPKAP1,0.03436284008149232,0.3471133445391107,0.0,0.0,2
UBE2Z,0.034352271481433654,0.3470171764022641,0.0,0.0,4
GLT8D2,0.03435177337278891,-0.3470126439022124,0.0,0.0,2
HARS2,0.03435105202664093,0.3470060800702302,0.0,0.0,4
ZC3HAV1,0.03434735479815617,-0.3469724374332771,0.0,0.0,3
HMHB1,0.03434019247288546,0.3469072644233278,0.0,0.0,3
TMEM51,0.0343384489065303,0.3468913989797579,0.0,0.0,2
RPS24,0.03432890793466164,0.3468045816640092,0.0,0.0,2
CCIN,0.034326007250862496,-0.3467781871221592,0.0,0.0,4
CASP5,0.034317323605249986,-0.3466991709785871,0.0,0.0,4
DNMT3A,0.03431386967425865,0.3466677422078522,0.0,0.0,4
CCDC88A,0.03430022502111528,-0.3465435837702699,0.0,0.0,1
ABCF1,0.03429918982498793,0.3465341640853272,0.0,0.0,4
ZBTB33,0.0342904707583109,0.3464548256305917,0.0,0.0,4
SSPN,0.03428009959466746,-0.3463604540507246,0.0,0.0,2
RUNX3,0.03427801929807634,-0.3463415245571166,0.0,0.0,2
RBM5,0.034266697753236916,-0.3462385050590384,0.0,0.0,3
C6orf15,0.0342643194371115,0.3462168637603476,0.0,0.0,2
C2orf44,0.034262654736355806,0.3462017159480362,0.0,0.0,4
OLA1,0.03424758232879552,0.3460645657725334,0.0,0.0,3
ZBP1,0.03423723982368786,0.3459704549687364,0.0,0.0,3
ANKRD7,0.03422785146028554,0.3458850263016066,0.0,0.0,3
SH3TC1,0.03422583451776674,-0.3458666732933479,0.0,0.0,2
ATP10D,0.034221240405230675,-0.345824869531203,0.0,0.0,3
CPSF4,0.03420882753397727,0.345711919595097,0.0,0.0,3
ZNF623,0.03419562810588674,0.3455918124475221,0.0,0.0,3
TMEM57,0.03418762705794636,0.3455190075472538,0.0,0.0,1
POM121L9P,0.0341810718143177,0.3454593586284902,0.0,0.0,3
PMVK,0.0341739072829295,0.3181207192769735,0.0024737183128979,1.0,2
GAR1,0.034171751152200024,0.345374546003823,0.0,0.0,4
LEPROTL1,0.03416955161044496,-0.3453545314483164,0.0,0.0,4
GATM,0.03416851765033322,0.3453451230103996,0.0,0.0,2
ZNF277,0.03416502435039774,0.3453133360050842,0.0,0.0,1
HMGXB4,0.03414879835447361,0.3451656888438857,0.0,0.0,4
SLC30A9,0.03414395272338526,0.3046117083599378,0.0036742717050814,1.0,3
PPP1CA,0.03414008126505154,0.3450863683810248,0.0,0.0,3
TYW1,0.03413820485671542,0.3450692941523998,0.0,0.0,3
PSMC6,0.03412161390385602,0.3449183260945547,0.0,0.0,5
ACTR3B,0.03411713304372761,0.3448775528636985,0.0,0.0,4
CBFA2T2,0.0341082177287192,0.3447964286628582,0.0,0.0,4
MAGOHB,0.034106927985325775,0.3447846927452847,0.0,0.0,3
ACO2,0.03410601683041769,0.344776401763565,0.0,0.0,1
MICB,0.034099457400166885,0.3447167147489658,0.0,0.0,1
JTB,0.0340953336519938,0.3446791910299842,0.0,0.0,4
HOXD13,0.0340943092073507,0.3446698691773185,0.0,0.0,3
RAF1,0.03408977193246244,-0.3446285826048356,0.0,0.0,4
CSNK1G1,0.0340882834736349,0.3446150384919519,0.0,0.0,2
GFAP,0.034079048655443894,0.3445310069972775,0.0,0.0,2
RNF10,0.034056041624760586,-0.3443216563488563,0.0,0.0,4
TBC1D16,0.03405435801352212,0.3206684428653945,0.0021439714547148,1.0,3
DAAM1,0.03402985580044131,-0.3440833805202131,0.0,0.0,2
E2F1,0.03402188213031308,0.3440108247421721,0.0,0.0,4
PHF10,0.034004048128055256,-0.3438485456550524,0.0,0.0,3
UXS1,0.034003371853537995,-0.3438423919487942,0.0,0.0,2
ZMYM1,0.033998356245674155,0.3437967528233905,0.0,0.0,4
CD320,0.03398881826402542,0.3437099627169105,0.0,0.0,2
CLDN9,0.03398378288992186,0.3132082827438715,0.0027623652808252,1.0,2
SH3PXD2A,0.03398346485743598,0.3436612498188322,0.0,0.0,3
PSD4,0.03397841919280863,0.3436153371942962,0.0,0.0,2
PPP1R12B,0.03397709456209041,-0.3436032838222815,0.0,0.0,4
KRT83,0.033964499746973555,0.1103915390253291,0.0211420535734737,2.0,2
CPNE7,0.03396231182998593,0.343468769525582,0.0,0.0,3
F2,0.03394950590394499,0.3433522430186543,0.0,0.0,1
DEK,0.03394190739275179,0.3432831009695464,0.0,0.0,2
TRIM24,0.033936293753921445,0.3432320201088603,0.0,0.0,4
MINPP1,0.03392456238314442,0.3431252714322124,0.0,0.0,3
EPHA4,0.033920775287795156,0.3430908110588633,0.0,0.0,4
POU6F1,0.033910556292221394,-0.3429978241202606,0.0,0.0,4
ZNF415,0.03390964894354896,-0.3429895677730799,0.0,0.0,2
WDR37,0.03389016271201367,-0.3428122543568745,0.0,0.0,4
FBXO16,0.033888100701690516,-0.3427934912577095,0.0,0.0,2
OPA1,0.03388409167581557,0.3427570114451683,0.0,0.0,2
PIP5K1A,0.03388115200346101,0.3427302621300548,0.0,0.0,3
NOC3L,0.0338692007652823,0.3426215127874478,0.0,0.0,4
MDC1,0.0338655833077985,0.3425885960203824,0.0,0.0,2
EXT1,0.03386473449013053,-0.3425808722714281,0.0,0.0,3
STAG3,0.03385911978890475,0.3425297817435591,0.0,0.0,3
SLC26A4,0.03383766788137737,-0.3423345818147831,0.0,0.0,1
VGLL1,0.03383275208509432,-0.3422898509169316,0.0,0.0,1
PSMC1,0.033829147756640796,0.3422570536164344,0.0,0.0,4
PEF1,0.0338231861794967,-0.3422028067186965,0.0,0.0,2
ABCA1,0.033816491029009084,-0.3421418847285817,0.0,0.0,2
AK2,0.033810796463544034,0.3420900674824105,0.0,0.0,3
DNAJC6,0.03380258910226028,-0.3420153852502601,0.0,0.0,1
CNOT8,0.03378972931781487,-0.3418983686630585,0.0,0.0,2
SH3D21,0.03377190519913112,0.3417361795107362,0.0,0.0,4
HNRNPA0,0.03377147922674845,-0.341732303408872,0.0,0.0,4
CACNA1C,0.03376643392469011,-0.3416863940835039,0.0,0.0,4
CELSR1,0.033761092122881656,0.3416377867822084,0.0,0.0,3
CDK3,0.03375630600800862,-0.3415942359100476,0.0,0.0,1
FSD1,0.03374795690382082,0.3415182638995995,0.0,0.0,2
RRAGA,0.03373633058741957,-0.3414124711569004,0.0,0.0,4
TAOK2,0.03373082289444321,-0.341362354342098,0.0,0.0,4
TNFRSF1A,0.033729814756571906,-0.3413531808716072,0.0,0.0,4
BHLHB9,0.03372365751321811,0.3412971535247345,0.0,0.0,2
NME3,0.03372034998215647,0.3412670569085323,0.0,0.0,2
CRELD1,0.03371634364990824,-0.3412306016064335,0.0,0.0,2
MPI,0.03369447682870095,0.3410316262035807,0.0,0.0,4
TRABD,0.033687462825806744,0.3409678028413162,0.0,0.0,4
GPR124,0.03368384813826574,-0.3409349112791253,0.0,0.0,3
HIST1H1E,0.033681138897253285,0.3409102587557078,0.0,0.0,3
KCNAB2,0.03367896325041733,-0.3408904616301199,0.0,0.0,4
EI24,0.03367892904713772,0.3408901504000936,0.0,0.0,4
COX5B,0.03367807608964787,0.3408823889811589,0.0,0.0,4
MTHFR,0.03367793334407847,-0.3408810900791874,0.0,0.0,4
MPP5,0.03367488778307195,-0.3408533772386954,0.0,0.0,3
PRICKLE4,0.033665930434692806,0.3407718705585366,0.0,0.0,4
NR1H2,0.033657622248716774,-0.3406962708801067,0.0,0.0,4
MOCS3,0.0336574715988895,0.3406949000539684,0.0,0.0,4
SRGAP2,0.03364918280476624,-0.3406194768301626,0.0,0.0,5
MTMR14,0.03364442829528556,-0.3405762135487593,0.0,0.0,3
IHH,0.03364023006684658,-0.3405380121025136,0.0,0.0,2
PRPF31,0.03363801043281589,0.3405178147189408,0.0,0.0,2
TGFB3,0.03362217233284006,-0.3051274546791065,0.0031968558243907,-1.0,1
CASC3,0.03361569781510695,-0.3403147828262277,0.0,0.0,5
LLPH,0.03360637101698215,-0.340229914367451,0.0,0.0,3
MSRB2,0.0336038151968103,-0.3402066578847875,0.0,0.0,4
ATAT1,0.033599731384691515,0.3401694975607602,0.0,0.0,4
SHOC2,0.03359469092660343,-0.3401236323127147,0.0,0.0,4
BAZ2B,0.033582033901196295,-0.3400084607152782,0.0,0.0,4
PIBF1,0.03358108797225608,-0.339999853310015,0.0,0.0,2
TNFRSF25,0.033579148338143405,0.3399822037634578,0.0,0.0,4
TINF2,0.03356044070090521,-0.3398119751042208,0.0,0.0,4
ZNF586,0.03355987582878241,0.339806835095203,0.0,0.0,1
RNF126,0.03355949228908397,0.3398033451061788,0.0,0.0,2
GNL3L,0.033556802140989446,0.3397788663172517,0.0,0.0,4
TMEM168,0.033546862000948044,0.3396884168024181,0.0,0.0,1
PURG,0.033543432445418894,-0.3396572098342654,0.0,0.0,1
SMTN,0.03354262095510706,-0.3396498257426236,0.0,0.0,2
C2orf43,0.033538087236701555,0.3396085715320731,0.0,0.0,4
ZNF516,0.03351834026649354,-0.3394288855450239,0.0,0.0,3
ZNF195,0.03351308219046445,0.339381040099808,0.0,0.0,4
THSD4,0.03351072342299177,-0.3393595766825302,0.0,0.0,4
PGRMC1,0.03350259662290688,0.3392856275106105,0.0,0.0,3
ODF2,0.03349811868778251,0.3392448808955962,0.0,0.0,2
GNPAT,0.03349269493626157,0.3391955278994006,0.0,0.0,4
HIST1H3B,0.03348991883106084,0.3391702669506125,0.0,0.0,2
PCNXL2,0.03348119627106119,0.3390908967086653,0.0,0.0,4
CDK2AP2,0.03347818965698581,0.33906353826268,0.0,0.0,2
USP4,0.033473299414032834,-0.3390190398853259,0.0,0.0,3
ACTR1A,0.033472879613570025,-0.3084367598221406,0.0027734850976856,-1.0,5
LRRC17,0.033471193367641684,0.3389998760834576,0.0,0.0,2
CBX5,0.03346910541615337,0.3389808769347205,0.0,0.0,4
SEMA4D,0.033455195596399714,0.3388543056346282,0.0,0.0,1
TADA2A,0.03345473810734857,0.3388501427493424,0.0,0.0,2
DDT,0.03344171149164565,0.3387316080943632,0.0,0.0,3
ATP8B4,0.033433047303337404,-0.338652769000986,0.0,0.0,2
NPTXR,0.03343288274158374,0.3386512715843785,0.0,0.0,4
TICAM1,0.033425879454242344,-0.3385875457274357,0.0,0.0,2
CNPPD1,0.03342071079507063,-0.3385405139238118,0.0,0.0,2
OSBPL9,0.033413573471561375,-0.3384755684154052,0.0,0.0,2
ZNF184,0.0334052371510999,0.3383997127294595,0.0,0.0,4
SCAPER,0.0333844427850289,-0.3382104960469421,0.0,0.0,3
DRAP1,0.03338082799986826,0.338177603596469,0.0,0.0,3
TRDMT1,0.03337834668818813,-0.2363793688986061,0.0092311144723361,-3.0,4
SCO2,0.0333765031247838,0.3381382497391314,0.0,0.0,1
TUBD1,0.033358777946604475,0.337976960888071,0.0,0.0,2
ZNF12,0.03335142305762389,0.3379100356599376,0.0,0.0,4
RRAS2,0.03333608019353372,-0.3377704244867215,0.0,0.0,1
NLGN3,0.03333322364953695,-0.3377444315914975,0.0,0.0,1
WDR7,0.03332788724156341,-0.3376958733709744,0.0,0.0,2
AP4M1,0.03332466312145546,0.3376665357461206,0.0,0.0,2
PXMP2,0.03332339251926525,0.3376549740024055,0.0,0.0,4
HIPK1,0.03332232660498366,-0.337645274800058,0.0,0.0,4
KCTD5,0.03331816350531459,0.3376073930052641,0.0,0.0,4
ELF1,0.0333127013260766,-0.3375576903391094,0.0,0.0,4
GBAS,0.03330821116121331,0.337516832440557,0.0,0.0,3
ATXN2,0.03330766768486327,-0.3375118871206742,0.0,0.0,3
CCL7,0.033306368474744524,0.3375000650613855,0.0,0.0,1
ALKBH4,0.03330349837497081,0.3374739488164459,0.0,0.0,4
HOXB2,0.03329140812740563,0.3373639345689671,0.0,0.0,3
MRPL28,0.03328971416799078,0.3373485205198106,0.0,0.0,4
ZNF266,0.03328591920361069,-0.3373139885428405,0.0,0.0,4
ETNK1,0.03326536113844317,0.3371269220616266,0.0,0.0,3
FCRL2,0.03326388703781007,0.3371135085999929,0.0,0.0,4
ADM2,0.03324791272137575,0.3369681515763228,0.0,0.0,4
IRF2,0.03324744769327558,-0.3369639200900592,0.0,0.0,2
UBA6,0.033242439483554174,0.336918348283465,0.0,0.0,3
SYNE2,0.03322608958327789,-0.3367695736644549,0.0,0.0,1
ZNF264,0.03321628659393351,-0.3366803721414961,0.0,0.0,2
ATP6V1A,0.03321415717948441,0.3366609957038404,0.0,0.0,2
CCDC53,0.033212975001055495,-0.3366502385651184,0.0,0.0,2
SNTB1,0.03320963735518732,-0.3366198679216259,0.0,0.0,2
CHST4,0.03320909424619087,0.264959472475445,0.0064991936013089,3.0,1
B3GNT2,0.0332008412859497,-0.3365398287882062,0.0,0.0,3
PMPCB,0.03319363800497288,0.336474283105062,0.0,0.0,3
CUEDC1,0.033193120309190256,0.3364695723734048,0.0,0.0,2
DEFA5,0.03313829635784817,0.3359707061824363,0.0,0.0,1
CDON,0.03313793276822709,-0.3359673977275565,0.0,0.0,4
CTRL,0.03311691358444603,-0.1261426267758349,0.0190138878687225,-6.0,2
GLRX5,0.03311002339414845,0.3357134385947671,0.0,0.0,4
BTNL3,0.03309207139398103,-0.3355500857950408,0.0,0.0,1
ISCU,0.033084448037568624,-0.335480717668834,0.0,0.0,4
RTN4,0.033073479852748215,-0.3353809135421841,0.0,0.0,4
XYLT1,0.03307332733833682,0.3353795257494107,0.0,0.0,1
NUS1,0.03306540946804871,0.335307477717583,0.0,0.0,1
BAGE,0.033050729135332683,0.3351738951959859,0.0,0.0,1
LAG3,0.033050167620626375,0.3351687857375129,0.0,0.0,3
NDUFB3,0.03304775611079882,0.2696925308002913,0.0059367462279868,2.0,3
RB1CC1,0.033034364830170485,-0.3350249895008605,0.0,0.0,2
UTF1,0.03303321480985592,-0.3350145249823459,0.0,0.0,2
RLN2,0.033024259327493324,0.3349330352818565,0.0,0.0,2
PODNL1,0.03301496976256467,0.3348485056235909,0.0,0.0,4
CDKN2D,0.03300394537172166,-0.3347481900547024,0.0,0.0,2
MKKS,0.033003433173485704,0.3347435293475345,0.0,0.0,3
CAND2,0.03299583723065682,-0.3346744106690537,0.0,0.0,4
PRRC2C,0.03299552523245202,0.3346715716661689,0.0,0.0,4
CSDE1,0.03298428094198361,-0.334569255138104,0.0,0.0,5
RNPEPL1,0.0329841382987914,-0.3345679571677056,0.0,0.0,2
SMARCC2,0.03297688995107613,-0.3345020014033542,0.0,0.0,4
CSPP1,0.032973365084819066,-0.3344699271628026,0.0,0.0,3
STAMBP,0.03297298818397701,0.3344664975835248,0.0,0.0,4
CLINT1,0.03296252085392919,0.3343712509450988,0.0,0.0,2
PCGF1,0.03296093295200933,0.3343568019576945,0.0,0.0,4
HTT,0.032950089335261404,-0.3342581313283266,0.0,0.0,3
EZR,0.032938163586669435,-0.3341496139261897,0.0,0.0,2
ACOX1,0.032924329252751086,0.3340237295034605,0.0,0.0,1
RNF113A,0.03292420450179192,0.3340225943420156,0.0,0.0,4
SEPT8,0.03292304024977671,-0.3340120003232713,0.0,0.0,4
RPA2,0.03290667499675879,0.3338630860032081,0.0,0.0,2
SCN1B,0.032898696540367936,-0.3337904866729504,0.0,0.0,1
GNAS,0.03289557292364195,0.2019580422475296,0.0119547056160979,3.0,3
GTPBP8,0.03289062777718166,0.3337170656031802,0.0,0.0,4
KLHL3,0.03288048698606686,-0.3336247902798406,0.0,0.0,3
ILF3,0.03288037421246289,0.333623764105388,0.0,0.0,4
GSN,0.03287727811693609,-0.3335955914300423,0.0,0.0,4
FBXO2,0.032873839760346864,0.3335643043773424,0.0,0.0,3
ATP11A,0.03286065732186044,-0.3334443518253207,0.0,0.0,3
FLT3LG,0.03285465574786543,-0.3333897409794146,0.0,0.0,3
DHX58,0.03285421005718438,-0.3333856854524603,0.0,0.0,2
ZNHIT1,0.03284623231335156,0.3333130926060679,0.0,0.0,4
GRIK2,0.03284532551064884,0.3333048412268952,0.0,0.0,3
VAX2,0.03283737589381848,0.3332325043199278,0.0,0.0,3
KANK1,0.032815919673857975,-0.3330372651505091,0.0,0.0,2
KPNA1,0.03280860067861025,0.3329706665345471,0.0,0.0,2
RAP1B,0.0328041488588344,-0.3329301575540725,0.0,0.0,4
CDH15,0.032790445656115656,0.3328054663492793,0.0,0.0,4
PIGC,0.03278227072378207,0.3327310792017854,0.0,0.0,3
MERTK,0.03277447849631316,0.3326601744468122,0.0,0.0,2
BRPF1,0.032763387555158174,-0.3325592533086454,0.0,0.0,4
IL11,0.03275939909381075,0.3325229606213891,0.0,0.0,4
PPP2R1A,0.03275910228836873,0.3325202598638425,0.0,0.0,3
TNFAIP8,0.032749471329414866,0.332432623717759,0.0,0.0,1
COQ2,0.03274002907758554,0.2619346677643666,0.0063864149584476,-4.0,2
PPRC1,0.03273762965592997,-0.3323248713503814,0.0,0.0,2
SREBF1,0.03273276690418191,0.3322806231270631,0.0,0.0,2
TAS2R10,0.032729719929800664,-0.33225289742568,0.0,0.0,1
SNRNP27,0.032724563925289205,0.332205980772132,0.0,0.0,1
EDDM3B,0.032711147833745007,0.3320839021126684,0.0,0.0,2
TRAF3,0.03267851080330262,0.3317869240462805,0.0,0.0,1
CLPX,0.03265887077785988,0.331608211194629,0.0,0.0,1
ATP6V1C1,0.03265714370056209,0.331592495791927,0.0,0.0,3
CEP152,0.03264097460081866,0.331445366353006,0.0,0.0,2
FAM189B,0.03263823189626128,0.3314204093307192,0.0,0.0,4
CTSB,0.03263785478509213,0.3314169778375868,0.0,0.0,2
FNBP4,0.03262901050028296,-0.3313364999704031,0.0,0.0,1
TCEB1,0.03262604431571905,0.3313095094095463,0.0,0.0,2
HOOK2,0.03262463585356316,0.3312966932200227,0.0,0.0,4
ALDH4A1,0.032618862792456044,0.291090283771632,0.0036419813695145,2.0,3
WDR96,0.032607801236837694,-0.3311435079621809,0.0,0.0,3
SRPK2,0.032606337702695214,0.3311301906494893,0.0,0.0,3
RRBP1,0.0326043822412388,0.3311123970832748,0.0,0.0,4
HBZ,0.032602029762998044,-0.3310909908943633,0.0,0.0,3
MAPK6,0.03260040343954074,0.3310761922932306,0.0,0.0,4
ASPSCR1,0.032598367092964486,0.3310576627192922,0.0,0.0,1
UPF1,0.032596178111861385,0.3310377442595994,0.0,0.0,2
NUCKS1,0.032571259547214966,0.3308109997597002,0.0,0.0,3
SLC4A3,0.03257038374517392,0.3308030304685863,0.0,0.0,2
ZNF614,0.03256206733483401,-0.3307273559532104,0.0,0.0,1
XYLT2,0.03255005295846211,0.2900951070432229,0.0036754541687724,2.0,4
LARP7,0.03253202062576868,-0.2236708794325987,0.0096852898751015,-3.0,2
DUSP11,0.032530176364928685,0.3304371666054253,0.0,0.0,3
CASZ1,0.03252720630480836,-0.3304101407792508,0.0,0.0,4
NOL10,0.032520628948956375,0.3303502906520673,0.0,0.0,4
PTPN18,0.03251577707896005,-0.3303061414463846,0.0,0.0,1
SNRNP40,0.03251429911366429,0.3302926928185599,0.0,0.0,1
PTCD2,0.032509062199375015,0.3302450399329147,0.0,0.0,4
TUFM,0.03249931071892452,0.3301563071110448,0.0,0.0,4
MAP1S,0.032498398721889116,0.3301480084664545,0.0,0.0,1
PCBP2,0.03249585563619477,-0.3301248678601576,0.0,0.0,2
WBSCR22,0.0324651577541224,0.3298455349203502,0.0,0.0,4
ARAP1,0.032451239716015316,-0.3297188888380036,0.0,0.0,4
MUM1,0.03244780238215106,-0.3296876110915083,0.0,0.0,2
NKTR,0.032439286010193163,-0.3296101170412711,0.0,0.0,2
TRAF2,0.03243794545734647,0.329597918787113,0.0,0.0,3
RNH1,0.0324288195035201,-0.2403976336397317,0.0080829887411316,-2.0,4
TP53TG1,0.03242116755939346,0.3294452496372363,0.0,0.0,4
ANKH,0.03241262896690637,0.2593787529781917,0.0063480271465501,2.0,4
B3GNT1,0.03239854470898043,-0.3292393948066718,0.0,0.0,4
MGAT4C,0.03238205689411129,-0.3290893652447776,0.0,0.0,2
AP3D1,0.03237992101536393,0.3290699299857534,0.0,0.0,5
CA11,0.03237431037777927,0.329018876434664,0.0,0.0,4
HIVEP2,0.03237056130220646,-0.3289847620192511,0.0,0.0,2
PIK3C3,0.03236391673230777,-0.3289243002831879,0.0,0.0,4
USH1C,0.03233782568145939,0.328686886838216,0.0,0.0,3
ATF6,0.03232193617597513,-0.3285423015450502,0.0,0.0,2
HS2ST1,0.03232116309802786,0.3285352669836689,0.0,0.0,4
PEX5,0.032318778110964355,-0.3285135649833068,0.0,0.0,2
PCNX,0.03231612529650454,-0.3120283957546821,0.001493025536361,-1.0,4
ADAM17,0.03231073521653072,-0.3284403793041967,0.0,0.0,3
HPR,0.03230721593717895,-0.3284083559012462,0.0,0.0,4
TXNRD3,0.03229991209587843,0.3283418951774232,0.0,0.0,4
NR2C2,0.0322960973129404,-0.2645219096322591,0.0057853634241347,1.0,2
ARHGEF2,0.03229319041492004,-0.3282807317753967,0.0,0.0,2
LANCL2,0.032279367518997695,0.3281549514318036,0.0,0.0,5
HOXA11,0.032268248786028464,0.3280537774042304,0.0,0.0,4
ZNF426,0.03226381086143288,-0.3280133948618451,0.0,0.0,2
RBM12B,0.032262811813154706,0.328004304101385,0.0,0.0,3
PHLPP2,0.032261808500607454,-0.3279951745385471,0.0,0.0,4
ATOX1,0.032260661644697916,0.3279847388142847,0.0,0.0,3
SMARCD3,0.0322594052876396,-0.3279733066930159,0.0,0.0,3
XBP1,0.03225648605616122,0.3279467433780318,0.0,0.0,2
AARSD1,0.03225410566887326,0.3279250832329619,0.0,0.0,4
ANKRD46,0.03225141249836247,0.3279005769417979,0.0,0.0,3
TXK,0.032245533938830166,-0.3278470854562251,0.0,0.0,3
POLR3D,0.03224125812746395,0.3278081780502949,0.0,0.0,4
IDH3G,0.03223887732354551,0.327786514114129,0.0,0.0,4
FEZ2,0.032235098119629144,-0.2299981120647896,0.008866349010111,-4.0,4
TBX1,0.03223028750606284,0.3277083517521724,0.0,0.0,2
BTRC,0.03221074755730985,0.1401690668828088,0.0169938014522062,1.0,1
PIM1,0.03218680951632914,-0.3273127272377319,0.0,0.0,3
USP33,0.03218525672116876,-0.3272985977014973,0.0,0.0,3
DGUOK,0.0321806860409972,0.3272570071602921,0.0,0.0,3
GAA,0.032171201477284785,-0.3271707031260811,0.0,0.0,2
SRPK3,0.0321669823728366,0.3271323117202477,0.0,0.0,3
TMEM184B,0.032164987249782125,0.3271141572564717,0.0,0.0,2
LRFN4,0.032156388526519454,0.3270359138570772,0.0,0.0,3
HIST1H2BO,0.032141638064861006,0.3269016932027383,0.0,0.0,4
SPOCK3,0.032137894904909814,0.3268676326160545,0.0,0.0,3
NEFM,0.03213344262777724,0.3268271194738987,0.0,0.0,2
EDEM3,0.032128437169710956,0.3267815727057718,0.0,0.0,4
HOXB5,0.03212404654822843,-0.3267416205943068,0.0,0.0,3
ACTA2,0.03211107027400044,-0.3266235440175805,0.0,0.0,2
KPTN,0.03210898948240882,0.3266046100197547,0.0,0.0,3
STAT5B,0.03210239414991158,-0.3265445963155156,0.0,0.0,4
NDUFS5,0.03210050739396272,0.3265274279296102,0.0,0.0,4
HTATIP2,0.03207708021875997,0.3263142542095034,0.0,0.0,4
ZMYND8,0.03207690688693242,0.3263126769903051,0.0,0.0,4
PTTG1IP,0.03206808895819847,-0.3262324389481346,0.0,0.0,2
MCM3AP-AS1,0.032064676638107116,0.3262013888124792,0.0,0.0,4
SLC2A11,0.0320633493672386,0.3261893114166266,0.0,0.0,3
WHSC1L1,0.03204893021160111,0.3260581054551122,0.0,0.0,2
HIP1R,0.03204495311917753,0.3260219162184755,0.0,0.0,4
ZFYVE21,0.032040454345881736,-0.3259809799881753,0.0,0.0,2
AURKAIP1,0.03203921405775273,0.3259696940848525,0.0,0.0,4
IKZF4,0.03203649690522084,-0.3259449695711923,0.0,0.0,2
MDH1,0.03203113912198707,0.3258962168481865,0.0,0.0,4
PAQR3,0.032024644074036046,0.3258371156752107,0.0,0.0,1
TGIF2,0.0320233440554124,0.3258252862589958,0.0,0.0,3
CLTC,0.03200946188774209,0.3256989665768398,0.0,0.0,6
LMBR1L,0.03200920156763041,-0.3256965978146589,0.0,0.0,1
C22orf29,0.032008774004910874,0.3256927072416506,0.0,0.0,3
TMEM33,0.032008004746828994,0.3256857074388312,0.0,0.0,4
SAT1,0.03200361586226661,-0.325645771132333,0.0,0.0,2
ATP5E,0.03199738341259271,0.3255890594515236,0.0,0.0,1
HSPB11,0.03199694460417783,0.3255850665492038,0.0,0.0,4
GPATCH4,0.03199339077870434,0.3255527287965624,0.0,0.0,4
CALCOCO2,0.03199224649985379,-0.3255423165220436,0.0,0.0,4
IQCB1,0.03198575944678941,0.3254832880979038,0.0,0.0,3
WIPI1,0.03197603723494725,0.3253948216034108,0.0,0.0,2
ARG1,0.031970024430118364,-0.3253401085634239,0.0,0.0,3
MT3,0.031959537652648556,0.199914394409466,0.0113675342628219,2.0,3
AGAP1,0.03194725352954417,-0.3251329065621764,0.0,0.0,1
PRR16,0.03194383338079658,0.3251017851902853,0.0,0.0,1
FZD8,0.031931338321599924,-0.3249880873915173,0.0,0.0,3
ZFR2,0.03192693300793927,0.3249480015897443,0.0,0.0,3
NYNRIN,0.03191737178851392,-0.3248610000329616,0.0,0.0,2
BRD9,0.0319149787721905,0.3248392249709866,0.0,0.0,3
INTS7,0.03191124943297104,0.3248052901449534,0.0,0.0,4
VPS35,0.0319106340009513,0.3247996900701692,0.0,0.0,4
AKIP1,0.03190996713386875,0.3247936219661159,0.0,0.0,3
PLA2G2F,0.031905468684235834,-0.3247526886809604,0.0,0.0,1
JMJD4,0.03190305484805911,0.3247307241703838,0.0,0.0,4
ABCB4,0.031893738671724466,0.324645952363743,0.0,0.0,4
UBE2G2,0.031881044225893725,-0.3245304402621339,0.0,0.0,2
CDH16,0.03187616984356959,0.3244860862073123,0.0,0.0,2
RAB40C,0.03186525625125608,0.324386778840843,0.0,0.0,4
VEGFB,0.03186525584772107,0.3243867751689082,0.0,0.0,1
IL19,0.031864556319450114,0.3243804098669651,0.0,0.0,2
SLC30A4,0.03186406009931546,-0.324375894551261,0.0,0.0,3
ASAP1-IT1,0.03185377260762207,-0.3242822843376579,0.0,0.0,2
PNKP,0.03185339398127846,0.3242788390573157,0.0,0.0,4
ZC3H13,0.031841401885305966,-0.3241697179324592,0.0,0.0,4
SAV1,0.031837752137328805,-0.324136507340614,0.0,0.0,4
C5orf30,0.031837491477974406,0.3241341354915209,0.0,0.0,2
CDADC1,0.031830216635742155,-0.1769845285180848,0.01334055555663,-3.0,4
ZNF669,0.031829224633355094,0.324058911995483,0.0,0.0,2
CYP2F1,0.031810459319928805,-0.3238881585163532,0.0,0.0,2
JPH3,0.031810326324242,0.323886948332664,0.0,0.0,2
HNF1A,0.03179756034905102,0.3237707853553225,0.0,0.0,3
POGK,0.03178976169408457,-0.292508788169252,0.0028290459192838,-1.0,3
BLCAP,0.0317831141420734,0.3236393332422871,0.0,0.0,1
MBNL1,0.0317788320315759,-0.3236003685179121,0.0,0.0,4
GSTCD,0.03177691561553086,0.3235829302423172,0.0,0.0,3
PCLO,0.03176390290349975,0.3234645221026955,0.0,0.0,3
DSC1,0.03176280495854206,0.3234545314397548,0.0,0.0,2
NOL3,0.0317570235872738,0.3234019243110717,0.0,0.0,4
FOXJ3,0.03175172984253534,0.3233537543012678,0.0,0.0,2
UBE2B,0.031743434058124596,-0.3232782674698962,0.0,0.0,4
NAA35,0.031721846432377215,0.3230818325839564,0.0,0.0,2
MAP2K4,0.031717949193426555,-0.3230463699676543,0.0,0.0,1
TSPO2,0.031711817764363735,0.3229905775158721,0.0,0.0,4
RCBTB2,0.031695793312308804,-0.2984103450625696,0.0022162168179494,-1.0,4
PCDHA2,0.031685418832568264,-0.3227503625326749,0.0,0.0,3
TRAPPC6A,0.031677349645779326,0.3226769376083659,0.0,0.0,3
GFOD2,0.03167552848332688,-0.2086038279765938,0.0103449979977313,-3.0,4
GEMIN4,0.03167177776147624,0.3226262366896844,0.0,0.0,4
ZFHX4,0.03166442414764816,0.3225593230647,0.0,0.0,3
PYHIN1,0.0316600787092976,-0.3225197820935557,0.0,0.0,3
HTATSF1,0.0316555506208816,0.3224785791126475,0.0,0.0,4
SFT2D3,0.0316505192035997,0.3224327961306998,0.0,0.0,5
EHMT2,0.0316487740033164,0.3224169158193305,0.0,0.0,4
TSPYL1,0.03164757945645678,-0.3224060461350556,0.0,0.0,4
LIME1,0.03163287769105896,0.3222722685884727,0.0,0.0,3
PELP1,0.03162303635119681,0.3221827180980233,0.0,0.0,3
ZIC4,0.03161822059727556,0.3221388975276973,0.0,0.0,1
MGAT1,0.031613548071036744,-0.3220963802462921,0.0,0.0,4
GNL3,0.03161322042432286,0.3220933988510417,0.0,0.0,1
TMEM209,0.03160723273939115,0.322038914387564,0.0,0.0,4
B4GALT5,0.031586359784866444,-0.3218489825956538,0.0,0.0,1
GNRHR,0.03157643461736598,0.3217586693222674,0.0,0.0,1
POU6F2,0.03157450456204654,0.3217411069371784,0.0,0.0,4
GPR35,0.03156952552905243,0.321695800621897,0.0,0.0,3
APH1A,0.03156824413903028,0.321684140715162,0.0,0.0,4
ECEL1,0.031555736264752415,0.3215703263065803,0.0,0.0,3
ZNF589,0.031551485370856856,-0.3215316456351953,0.0,0.0,1
SLC35C1,0.03154992127706289,0.3215174132879417,0.0,0.0,2
AMBP,0.03154585234209,0.3214803883373219,0.0,0.0,4
RPN1,0.03153733938453587,0.3214029253561806,0.0,0.0,4
ERMAP,0.03153309541686749,-0.3213643077094497,0.0,0.0,4
SERPINA5,0.03153164744197896,0.3213511319769537,0.0,0.0,1
CD82,0.031514313754600794,-0.3211934054653451,0.0,0.0,1
TNPO3,0.03150867825161563,0.3211421256535187,0.0,0.0,3
FBXO41,0.03150759804661764,0.3211322964139323,0.0,0.0,4
PES1,0.03150709561880427,0.3211277246119488,0.0,0.0,3
PPP5C,0.03150663065175427,0.3211234936812063,0.0,0.0,2
MYT1,0.0315045131135308,0.3211042253103225,0.0,0.0,3
ZMYND11,0.03149386042619008,-0.3210072920279313,0.0,0.0,5
PRDX2,0.03149066867301476,0.3209782489234103,0.0,0.0,4
TRAPPC3,0.0314757451803694,0.3208424537873486,0.0,0.0,4
PDS5A,0.03146299091428293,0.3207263973560736,0.0,0.0,4
RAB28,0.03145360471592284,-0.3206409883895736,0.0,0.0,4
KLF8,0.031451411206608056,-0.3206210287257783,0.0,0.0,3
LMBRD1,0.03144841416061698,-0.3205937573438161,0.0,0.0,4
DCHS2,0.03144526611442824,0.3205651119475481,0.0,0.0,2
TMEM43,0.031444671846692966,-0.3205597044554894,0.0,0.0,4
BBS7,0.03143379013514346,-0.3204606871855001,0.0,0.0,2
CAMTA2,0.03142290176319885,-0.3203616093097745,0.0,0.0,4
FAM86A,0.031421438836391105,0.3203482975234771,0.0,0.0,4
ITGA2B,0.03142007952772694,-0.3203359286022476,0.0,0.0,4
AKAP11,0.03141358894749489,-0.3202768680829257,0.0,0.0,4
GULP1,0.03140645258778329,-0.3202119313445193,0.0,0.0,2
UIMC1,0.0313968064286376,-0.3201241568854975,0.0,0.0,4
SIKE1,0.031388953925968084,0.3200527036611236,0.0,0.0,1
KAT8,0.03137951490921629,-0.3199668140778633,0.0,0.0,2
ADAM9,0.03136602537266045,0.3198440671113495,0.0,0.0,2
EFNA2,0.031352873940185044,0.3197243966960624,0.0,0.0,4
MIPEP,0.03134666165710516,-0.3196678685195736,0.0,0.0,1
ATF4,0.03134346019249731,-0.3196387370466436,0.0,0.0,5
EFNB3,0.03133789111273305,0.3195880616476403,0.0,0.0,3
ATXN7L3B,0.03133695492753261,0.3195795429047633,0.0,0.0,2
HAUS3,0.03133337151820826,0.3195469359562206,0.0,0.0,4
UBXN8,0.03130444823515143,-0.3192837508392115,0.0,0.0,2
WRN,0.03129251035715112,0.3191751230664867,0.0,0.0,2
ECHS1,0.03129148841562318,0.3191658239907187,0.0,0.0,4
DUSP3,0.03128973674193514,-0.3191498847751171,0.0,0.0,4
SLC6A6,0.03127575662318412,0.3190226737948816,0.0,0.0,1
NMNAT2,0.031271300245108456,0.3189821233365199,0.0,0.0,2
FAM117A,0.031262337655003594,-0.3189005689596942,0.0,0.0,2
SDHAF1,0.03124566663982223,0.3187488723811092,0.0,0.0,4
FAM163A,0.031244948148430467,0.3096714427655865,0.0008227354490381,1.0,4
MRPL35,0.03123986135091415,0.3186960476157621,0.0,0.0,4
SEC62,0.031235737207958025,-0.3186585203044836,0.0,0.0,4
NPY5R,0.031225899194154146,-0.3185690000792373,0.0,0.0,4
METTL13,0.03122520812395538,0.3185627117408503,0.0,0.0,4
NBEAL2,0.03121815928286552,-0.3184985713711915,0.0,0.0,4
ARF5,0.031215736852207885,0.3184765286558184,0.0,0.0,4
AGK,0.03119676838894261,0.3183039266308635,0.0,0.0,4
MFHAS1,0.03118467516758319,-0.3181938853235803,0.0,0.0,2
CD44,0.031170641217999468,-0.318066184513958,0.0,0.0,3
ZNF292,0.031162411751495016,0.3179913011371076,0.0,0.0,2
NPLOC4,0.03116199056800726,0.3179874686114123,0.0,0.0,4
AMD1,0.031148516925726986,-0.3178648662735966,0.0,0.0,3
ERGIC2,0.031132751991121588,0.3177214145032492,0.0,0.0,3
C17orf80,0.03113042792493338,0.3177002668475533,0.0,0.0,3
GRAMD4,0.03112576966940753,0.3176578794213673,0.0,0.0,2
VDAC1,0.03112510345074937,0.3176518172176003,0.0,0.0,4
EBP,0.03112050912539148,0.3176100115189001,0.0,0.0,5
ZCCHC2,0.031120400290042493,-0.317609021180286,0.0,0.0,4
GNL2,0.031116942997888326,0.3175775618249168,0.0,0.0,4
HK2,0.031110705171714756,0.3175208012210757,0.0,0.0,2
KLHDC2,0.031102672764795034,0.3174477109722655,0.0,0.0,2
CXCR5,0.031088002830530374,0.3173142230705507,0.0,0.0,4
EXTL2,0.03106093181634609,-0.3170678925270351,0.0,0.0,1
CENPJ,0.031049997773546487,0.3169683990729918,0.0,0.0,2
SYNJ2BP,0.031049525023296304,-0.3169640973196374,0.0,0.0,4
ACTR5,0.031038307726397586,0.316862026417416,0.0,0.0,4
NDUFS2,0.031032641761947796,0.3168104694239116,0.0,0.0,4
FAM3C,0.031025174109167147,0.3167425181105356,0.0,0.0,4
PSTPIP1,0.031020793346516258,-0.316702655708726,0.0,0.0,2
COPE,0.031020495189864997,0.3166999426559583,0.0,0.0,4
PPP1R26,0.03099319333820702,-0.3164515116251846,0.0,0.0,4
CYB5B,0.030986455612037427,-0.3163902022210331,0.0,0.0,4
TIMM17A,0.03095590305068834,0.3161121916156054,0.0,0.0,4
PAAF1,0.030955799842824157,0.3161112524838423,0.0,0.0,4
SLC25A4,0.030955533713071075,-0.3161088308572909,0.0,0.0,4
PGS1,0.030943649704706967,-0.3160006932670423,0.0,0.0,3
KLRAP1,0.030936671952820672,-0.2697279620647426,0.0041912062161735,1.0,2
CHIC2,0.030935871042688183,-0.3159299119498051,0.0,0.0,1
CEP70,0.030931075066374485,0.3158862713442482,0.0,0.0,3
SEPT2,0.030927638092475715,0.3158549968732302,0.0,0.0,1
CYB5R3,0.030914761873071787,-0.3157378307374289,0.0,0.0,4
POLA2,0.030906018641070503,0.3156582723922447,0.0,0.0,4
ESYT1,0.030905314097954315,-0.3156518614581157,0.0,0.0,4
EIF3F,0.03090203324030031,-0.3156220075544678,0.0,0.0,3
ZMIZ2,0.0308879206084633,0.3154935907819309,0.0,0.0,3
INO80B,0.030875477698415536,0.3153803675102014,0.0,0.0,4
SEC14L2,0.03087253546154336,0.3153535948594635,0.0,0.0,4
WBP11,0.030871874470312304,-0.3153475802222543,0.0,0.0,2
MSC,0.030870744611601785,0.3153372991626544,0.0,0.0,3
MYOM1,0.03086999286111222,-0.3153304586687807,0.0,0.0,4
TMEM39B,0.030857874295105628,0.3152201867398935,0.0,0.0,4
ARMCX5,0.03085368610585263,0.3151820766444233,0.0,0.0,4
UROS,0.030850858721776436,0.3151563490875806,0.0,0.0,4
ZNF174,0.030849801481135294,0.3151467288103355,0.0,0.0,4
SLC25A24,0.030842634326139335,-0.3150815118526849,0.0,0.0,4
OXSM,0.030836406243475743,0.315024839909139,0.0,0.0,4
HOXB9,0.03083383355158733,0.3150014299036306,0.0,0.0,4
CYTH1,0.030831251069722752,-0.3149779308150117,0.0,0.0,4
CDC37,0.030828840076406,-0.3149559921728136,0.0,0.0,4
SYNGR2,0.030817816412180427,0.3148556832157227,0.0,0.0,2
CLK2,0.030811925995754982,0.3148020838392924,0.0,0.0,4
BUD31,0.030808035085320276,0.3147666788088186,0.0,0.0,3
MAP3K12,0.030807975131166166,-0.2921363600938957,0.0020525343130896,-1.0,4
SPANXA1,0.03080510919757911,0.3147400549256999,0.0,0.0,3
CCR9,0.030795186326562102,0.3146497625489823,0.0,0.0,1
RAB5B,0.03078590234351829,-0.3145652836826346,0.0,0.0,4
ECI2,0.030782962851906986,-0.31453853601218,0.0,0.0,4
ESPN,0.03077294297006699,0.3144473608931835,0.0,0.0,4
SRSF4,0.03077222706634678,-0.3144408465841405,0.0,0.0,2
PSMA4,0.030766297564427874,0.3143868915523667,0.0,0.0,3
PSMA7,0.030761199714680977,0.3143405040734801,0.0,0.0,3
CDK5R2,0.030747848903144238,0.3142190194242596,0.0,0.0,2
SLC8A1,0.030743820408380425,-0.3141823624561104,0.0,0.0,4
CDK5RAP1,0.030736839899005115,0.314118843865461,0.0,0.0,4
MIS12,0.030734904649470252,-0.3141012342160214,0.0,0.0,4
KRT33B,0.03073467525799603,0.3140991468865206,0.0,0.0,3
ERI2,0.030732789870436764,0.3140819909521677,0.0,0.0,4
BPNT1,0.030726619475342647,0.3140258439320785,0.0,0.0,4
PIGZ,0.030722399584474955,-0.3139874453702833,0.0,0.0,2
PGM3,0.030722371067700698,0.3139871858841608,0.0,0.0,3
TMEM14B,0.03072115177840555,0.3139760910580589,0.0,0.0,3
UFSP2,0.030719280509380567,-0.3139590635941874,0.0,0.0,4
LRRC48,0.030719051391531065,-0.313956978754513,0.0,0.0,3
KDM6A,0.030715247355625894,0.3139223642319209,0.0,0.0,1
FAIM,0.030711687096882136,0.3138899679402476,0.0,0.0,1
PIGT,0.030708128150197425,0.3138575835875514,0.0,0.0,4
CUTC,0.03069301558337928,-0.3137200679860712,0.0,0.0,4
AHI1,0.03069080744085946,-0.3136999751685889,0.0,0.0,2
ATG9A,0.03067705404954892,0.3135748272766907,0.0,0.0,1
IBA57,0.030676699903044728,-0.3135716047487031,0.0,0.0,3
AUH,0.03066880968602133,-0.3134998083455614,0.0,0.0,3
TAGLN2,0.030668007263728817,-0.3134925067676413,0.0,0.0,1
CCBL2,0.030667503313162432,-0.3134879211094876,0.0,0.0,1
TBC1D2B,0.030664142373211006,-0.3134573385033347,0.0,0.0,4
STX16,0.030659616135011135,0.3134161523583212,0.0,0.0,1
IRF2BP1,0.030654625663517766,0.1792774276161116,0.0121623458978556,1.0,2
ZNF26,0.03064459314114875,0.3132794518188379,0.0,0.0,2
DNAAF1,0.03062700864004299,-0.3131194430476354,0.0,0.0,3
RHBG,0.03060775413574292,0.3129442382150025,0.0,0.0,3
SCN2A,0.030595989253203837,0.3128371846007374,0.0,0.0,1
CNOT1,0.030594879224231285,0.3128270839802632,0.0,0.0,4
RPS6KA4,0.030592098416677038,0.3128017802427827,0.0,0.0,2
C1orf50,0.030592007518165015,0.312800953118992,0.0,0.0,3
DERA,0.030591989202614803,0.3128007864580975,0.0,0.0,1
CD2AP,0.030590941603044968,0.312791253909015,0.0,0.0,4
PIP4K2A,0.03058866973969211,-0.3127705812688733,0.0,0.0,4
CDK10,0.030585626728015375,-0.3127428916258052,0.0,0.0,1
ABT1,0.030582305339500907,0.3127126689148116,0.0,0.0,3
C16orf45,0.030566869231487954,-0.3125722092759258,0.0,0.0,3
ARHGAP19,0.03055753594779712,-0.3124872818022561,0.0,0.0,2
HSD17B7,0.030556944629846584,0.3124819011515293,0.0,0.0,2
GLG1,0.030550765386269257,0.3124256736153699,0.0,0.0,2
MGC4294,0.030550142864918087,0.3124200090317773,0.0,0.0,4
PELI2,0.030547547570167758,-0.3123963933533221,0.0,0.0,3
CES2,0.030544950189891153,-0.3123727586977862,0.0,0.0,1
DERL1,0.0305446335989934,0.3123698779040566,0.0,0.0,5
RCN1,0.0305418653598523,0.3123446885318533,0.0,0.0,4
FBXO28,0.03053687628584211,0.3122992908491436,0.0,0.0,3
PPM1H,0.03053598094059235,0.3122911437261542,0.0,0.0,3
PSAP,0.03053019256911878,-0.3122384728996588,0.0,0.0,2
FRG1,0.030510474448503598,-0.3120590494271882,0.0,0.0,1
RAB30,0.030506436188349587,0.3120223035996465,0.0,0.0,1
POLR3K,0.03049688355913855,0.3119353802088367,0.0,0.0,4
TBC1D10B,0.030491370140405653,0.3118852112929676,0.0,0.0,3
TRMT12,0.03048078864261759,0.3117889257942567,0.0,0.0,3
BACH1,0.030474854126705905,-0.1680103794411755,0.0130359044918787,-4.0,4
ENDOG,0.030471493417551926,0.311704344632024,0.0,0.0,1
MAN1B1,0.030467273154790336,0.3116659426862098,0.0,0.0,4
LILRA5,0.030465755089198323,-0.3116521291689242,0.0,0.0,4
FKBP1A,0.03046257614671341,-0.3116232026342631,0.0,0.0,2
ANKRD53,0.030459530833743125,-0.3115954920507571,0.0,0.0,1
MOSPD2,0.03044483935029616,-0.3114618080639694,0.0,0.0,4
RHOT2,0.0304303252724214,0.3113297383650959,0.0,0.0,3
C6orf48,0.03042718998603329,0.2099775021553196,0.0091901223953901,1.0,2
TRMT61B,0.03042589032464,0.3112893829099948,0.0,0.0,4
TMEM176B,0.030424854056451067,0.3112799534699129,0.0,0.0,2
TCOF1,0.03042461982118295,0.3112778220646943,0.0,0.0,4
NARFL,0.030413438676080966,0.311176080122876,0.0,0.0,3
PCM1,0.03040368931540504,-0.3110873665897264,0.0,0.0,4
BRMS1,0.03040278237782804,0.311079113983276,0.0,0.0,4
C1orf56,0.030401573859842337,0.3110681171698489,0.0,0.0,3
ATP5H,0.030399122874466656,0.3110458146230869,0.0,0.0,5
IRF3,0.030395837480957724,0.3110159194457873,0.0,0.0,3
SNCG,0.030395580804264227,0.3110135838366008,0.0,0.0,2
ZBTB25,0.030381247849630443,0.3108831622542733,0.0,0.0,3
ALG12,0.03038050923862869,0.3108764413221254,0.0,0.0,2
ETFA,0.030374870940578693,0.3048788882845657,0.0005393283236982,1.0,4
CTNNA1,0.03037391899762153,-0.3108164739474958,0.0,0.0,1
TANC2,0.030369004169644005,0.3107717518606634,0.0,0.0,2
MOSPD3,0.030363609562332937,0.2739648099995713,0.0033339599198827,1.0,4
CNTNAP1,0.030359699723724615,-0.3106870867940046,0.0,0.0,1
DSG1,0.03035807536562402,0.2875379091532934,0.0020983039974529,1.0,2
N4BP3,0.030353140009609335,-0.3106273971964031,0.0,0.0,4
TBL2,0.030353049018334292,0.3106265692285226,0.0,0.0,4
NIPAL2,0.03034595163579744,0.1647176666332055,0.0132281693697447,5.0,2
KHDRBS3,0.030344694376565413,-0.3105505468292953,0.0,0.0,2
ATG4A,0.03033606951075344,-0.3104720655478498,0.0,0.0,2
ACSM5,0.030321125030225812,-0.3103360794342203,0.0,0.0,3
G6PC3,0.03030653390399973,0.3102033086399934,0.0,0.0,3
ST8SIA4,0.030306035789536,-0.3101987760869923,0.0,0.0,1
TACSTD2,0.03030282791617067,0.3101695862980826,0.0,0.0,2
ANAPC5,0.030300558442306433,0.3101489354009028,0.0,0.0,2
MAB21L1,0.030298683260172574,-0.3101318723300079,0.0,0.0,2
FN3KRP,0.030298240288700963,0.310127841546284,0.0,0.0,4
PCDHGA8,0.030280524307750443,-0.3099666363846766,0.0,0.0,2
SLC7A10,0.0302698351791705,0.3098693715081233,0.0,0.0,4
VPS45,0.030258229638999417,0.3097637678170804,0.0,0.0,5
KLHDC3,0.030237392474643746,0.3095741616949708,0.0,0.0,2
BCR,0.03023323212793682,0.3095363049505373,0.0,0.0,1
SLC4A2,0.030229876491546296,0.3095057706037156,0.0,0.0,1
PCMTD2,0.030225677418759915,0.3094675614743978,0.0,0.0,3
EVI5,0.0302163810044603,-0.3093829694908252,0.0,0.0,4
EPM2AIP1,0.030178786176739195,-0.3090408783418615,0.0,0.0,3
VBP1,0.030176257824513098,0.3090178718015888,0.0,0.0,3
SIRT7,0.03016990014042931,0.3089600205602131,0.0,0.0,3
TAPBP,0.030156883112727642,0.3088415731504899,0.0,0.0,1
CRADD,0.03014944666752016,-0.3087739058079473,0.0,0.0,1
DUSP12,0.030138088404868275,0.3086705521990509,0.0,0.0,4
COX10,0.030105840760845357,0.3083771173234608,0.0,0.0,4
IRF4,0.030070669847200075,0.3080570823881161,0.0,0.0,2
RTN2,0.030067796199638046,0.3080309338603584,0.0,0.0,1
DVL2,0.030062007547657175,0.3079782604814091,0.0,0.0,3
MEF2B,0.03003608600075785,0.3077423894241591,0.0,0.0,2
SRSF8,0.030033986393238128,-0.30772328421229,0.0,0.0,1
FOXC2,0.030019684723666857,-0.3075931473059041,0.0,0.0,2
NFATC4,0.030015266577638502,-0.3075529447370204,0.0,0.0,1
FZD2,0.030011193842727324,0.3075158852091639,0.0,0.0,2
ESRRG,0.030005630914131207,0.3074652657822266,0.0,0.0,2
PRRC2A,0.02998127466845429,0.3072436380591294,0.0,0.0,4
SLC12A9,0.029978284965247563,0.2404068329320851,0.0060596717687993,-1.0,2
COQ4,0.029967514360230124,0.3071184272273251,0.0,0.0,3
TRIAP1,0.029964402497525848,0.3070901110798002,0.0,0.0,4
RAG1,0.029961303353357054,-0.3070619106635788,0.0,0.0,2
MED13L,0.02996043841189221,-0.3070540401974155,0.0,0.0,4
PPP2R5A,0.029957225979023772,-0.3070248089196694,0.0,0.0,4
NXF2,0.029953346676529137,-0.3069895095147243,0.0,0.0,2
KDM3B,0.029944321102102378,-0.3069073820170639,0.0,0.0,2
LPP,0.029933025720628295,0.2737598563184207,0.0029971785835194,1.0,2
C9orf116,0.029929599622786685,-0.3067734250852511,0.0,0.0,2
SKAP1,0.02992744032357874,0.3067537767136059,0.0,0.0,1
B3GNT4,0.029922383738403634,0.3067077647184129,0.0,0.0,4
STX8,0.029911629346310493,-0.3066099059817047,0.0,0.0,4
ZNF133,0.02990808449692021,0.3065776499062195,0.0,0.0,2
ZNF629,0.029903933775342114,0.3065398807448813,0.0,0.0,2
GP5,0.029888122601621766,-0.3063960082253798,0.0,0.0,1
NNT,0.029887493384401127,0.3063902827132548,0.0,0.0,3
DCXR,0.029880664190472146,0.3063281410054914,0.0,0.0,2
MED8,0.029880470852403678,0.3063263817410928,0.0,0.0,4
EBAG9,0.02986901199656433,-0.3062221127924764,0.0,0.0,2
SLC16A2,0.029866834634242938,-0.306202300056965,0.0,0.0,1
CRCP,0.029863133111782122,0.3061686183473179,0.0,0.0,4
METTL9,0.02985784007528293,0.1880912255334718,0.0107053235219817,-5.0,2
RFXANK,0.0298321800595126,0.3058869635065678,0.0,0.0,3
HEXIM1,0.0298283309511873,-0.3058519388510685,0.0,0.0,3
HOXC8,0.029818489086799873,0.3046792313630569,9.824257145994832e-05,-1.0,1
RPS11,0.029793881060663698,-0.3055384648083539,0.0,0.0,1
CDKN1B,0.029792021035710176,-0.3055215396590176,0.0,0.0,2
PSG5,0.029788737411370385,0.157380935055386,0.013433733693864,4.0,3
SV2B,0.029779933107053465,-0.3054115465122624,0.0,0.0,1
MAPKAPK5,0.02977908386058362,0.3054038188614595,0.0,0.0,2
YRDC,0.02976526790045667,0.3052781016295858,0.0,0.0,2
SIK3,0.029753555228720047,-0.305171523103371,0.0,0.0,4
RPS6KA5,0.02974038871834218,-0.305051715487908,0.0,0.0,4
CDC5L,0.02973793325167222,0.3050293721639646,0.0,0.0,3
MFSD1,0.029736966980658804,-0.3050205796576219,0.0,0.0,2
NOP16,0.029735095588529104,0.3050035510735688,0.0,0.0,4
ADORA1,0.029734747120090298,0.3050003802126862,0.0,0.0,2
EBLN2,0.02971829309816438,-0.3048506581469949,0.0,0.0,2
SGK2,0.029708655392207066,0.3047629606070894,0.0,0.0,3
ORMDL2,0.029688009256013947,0.304575092730573,0.0,0.0,4
ZMYM2,0.02968731807680862,0.1296265108961961,0.0158673732841947,4.0,1
CHST11,0.02968379302258927,-0.30453672744939,0.0,0.0,4
RBM38,0.029678763266773732,0.3044909595858235,0.0,0.0,3
REM1,0.029676340733455212,-0.3044689159362959,0.0,0.0,4
DMPK,0.029665793492244616,-0.3043729421525909,0.0,0.0,4
HIGD1A,0.02966252010671281,-0.3043431562409255,0.0,0.0,4
EYA1,0.02965718191588874,0.3042945817974957,0.0,0.0,1
THYN1,0.029650192973964717,0.304230986475539,0.0,0.0,2
TTC26,0.029648209029389125,0.3042129337294437,0.0,0.0,1
ZNF304,0.029648098292966024,-0.3042119260921567,0.0,0.0,3
ITIH4,0.029640808417294377,-0.3041455924474645,0.0,0.0,2
METAP2,0.02962394195071596,-0.3039921173744153,0.0,0.0,4
PPP3CA,0.029619693108518575,-0.3039534553722949,0.0,0.0,3
COPS3,0.029619656936056404,0.3039531262238483,0.0,0.0,2
GPR68,0.02960022106458246,0.3037762710550214,0.0,0.0,3
NFYA,0.029589645696864512,0.3036800413363967,0.0,0.0,2
TECR,0.02958875491925484,0.3036719357762855,0.0,0.0,4
YARS,0.029585957822820644,0.3036464838194356,0.0,0.0,3
PTTG2,0.02958393370323506,-0.3036280655040277,0.0,0.0,1
RCE1,0.029579015015899254,0.3035833082992712,0.0,0.0,4
ALAS2,0.029574874007470556,-0.2020636945845564,0.0092044735922378,-2.0,3
EIF4H,0.029563953556703465,0.3034462577475416,0.0,0.0,1
MSX2,0.02955051875263387,0.3033240088149393,0.0,0.0,4
PIP5K1C,0.029549099646288372,-0.3033110957694578,0.0,0.0,3
RIMS2,0.029547943549124097,0.3033005759551319,0.0,0.0,4
CCDC101,0.029540677249986,-0.3032344568432342,0.0,0.0,3
NBEA,0.029539882597590533,-0.3032272259668751,0.0,0.0,1
NUDT13,0.02952886632919738,-0.3031269843075739,0.0,0.0,1
GTF3C3,0.029523591251991343,0.3030789841614987,0.0,0.0,3
CHST1,0.029522247752715787,0.3030667590965452,0.0,0.0,2
BGLAP,0.02950868071313344,0.3029433068973972,0.0,0.0,1
ENTPD1,0.029497308054690852,-0.3028398222951466,0.0,0.0,1
BRF2,0.029490537528905264,0.3027782144334944,0.0,0.0,3
NDUFAF3,0.029484026061661683,-0.2951163462969445,0.0006895620778458,-1.0,4
GLB1L,0.029472479777206243,-0.3026138993561054,0.0,0.0,1
DNAJC4,0.02945936087338655,0.3024945249327375,0.0,0.0,3
AAAS,0.02945902318090453,0.3024914521268178,0.0,0.0,4
ADCYAP1R1,0.02943482155608716,-0.3022712313639516,0.0,0.0,4
NIPSNAP3B,0.029407198240517764,-0.3020198751978475,0.0,0.0,4
WNT4,0.02940564187585048,0.3020057131811683,0.0,0.0,4
HLA-G,0.02939409690594365,-0.3019006606444343,0.0,0.0,2
SNN,0.029392140315723958,-0.301882856807128,0.0,0.0,5
KLF12,0.029390191510339024,-0.3018651238073073,0.0,0.0,2
ARNTL,0.029379695879318723,-0.3017696196464299,0.0,0.0,1
E2F2,0.02937372661476596,0.3017153027977274,0.0,0.0,4
BICD1,0.029371368564257407,0.3016938459044077,0.0,0.0,3
MIOS,0.02935940846591546,0.301585015939449,0.0,0.0,3
ALDH3A2,0.02935925599880403,-0.3015836285770779,0.0,0.0,2
PSMC5,0.029358060769200087,0.3015727526802252,0.0,0.0,4
AFF1,0.029356138268774645,-0.3015552590402942,0.0,0.0,5
ZNF224,0.029353889816004418,-0.3015347994228898,0.0,0.0,1
SLC6A12,0.029343703982018198,-0.3014421142355191,0.0,0.0,2
CYP2W1,0.029330139765803922,0.1241049953373628,0.0160733906477025,5.0,2
PPT1,0.029320299644233595,-0.3012291483226849,0.0,0.0,2
ACAT1,0.029314792918512286,-0.3011790403093431,0.0,0.0,4
PRKD3,0.02930968771706384,-0.3011325859342321,0.0,0.0,2
NLRP1,0.02930959416652307,-0.3011317346785164,0.0,0.0,4
MAST2,0.02930795043338705,0.301116777659395,0.0,0.0,4
RANBP9,0.02930661898992525,0.3011046622953612,0.0,0.0,4
FIS1,0.029300225975673173,-0.3010464895699252,0.0,0.0,3
CHML,0.02929811401581957,0.301027271958975,0.0,0.0,3
SRP9,0.029294916479926884,0.3009981762350766,0.0,0.0,4
PRAMEF11,0.02928843914784815,0.1029778361999791,0.0179552204658585,-7.0,1
SLC38A10,0.029280679929448678,0.3008686318747061,0.0,0.0,4
PDCD5,0.029269506708892577,0.3007669620416637,0.0,0.0,3
SLMO1,0.029265691655900084,0.3007322472699605,0.0,0.0,3
NRBF2,0.02926485958966495,-0.3007246759493389,0.0,0.0,2
SGPP1,0.029254569381731606,-0.300631041019526,0.0,0.0,1
SMOX,0.029253348293573202,0.3006199298248108,0.0,0.0,4
YWHAE,0.029240163603888553,0.3004999567881896,0.0,0.0,1
DNAJC28,0.029229841567254475,0.3004060322356423,0.0,0.0,1
RHBDD3,0.029228893405888107,0.3003974045165946,0.0,0.0,4
KIAA1644,0.02922050088119047,0.3003210374046658,0.0,0.0,3
SCAND1,0.029219573132571584,0.3003125954297926,0.0,0.0,4
HSD17B8,0.02921738328271303,0.3002926690649286,0.0,0.0,2
CHN2,0.029212152793234837,-0.3002450746413416,0.0,0.0,3
KCNMB1,0.029204221221868006,-0.3001729019376363,0.0,0.0,2
SMARCAL1,0.02919150376836109,0.3000571804795052,0.0,0.0,3
DDX49,0.029190975952903365,0.3000523776646682,0.0,0.0,4
LARP4,0.02918429913780241,0.299991622515948,0.0,0.0,2
CLSTN3,0.02917689900506492,0.2999242855958421,0.0,0.0,3
CRYBB2,0.029161790096535616,0.2997868032826707,0.0,0.0,1
PRMT2,0.02916007902056101,-0.2675822902632537,0.0029195569028876,-1.0,3
RPAP2,0.029158066337007675,0.2997529192285974,0.0,0.0,4
ERGIC3,0.02915684960289691,0.2997418476531929,0.0,0.0,4
KCNF1,0.02915355713654595,0.2638343635665525,0.0032541134931311,-1.0,1
HIST1H2AK,0.029142588764056728,0.2996120822828016,0.0,0.0,3
TUBA1C,0.02913991500435622,0.2995877526187642,0.0,0.0,2
ATP7B,0.029135792138310378,-0.2995502369266294,0.0,0.0,1
KBTBD2,0.029106199468578557,-0.2992809607787358,0.0,0.0,2
FAM115A,0.02910551211140623,-0.299274706226738,0.0,0.0,1
HIC2,0.029101551108486185,-0.2992386633952608,0.0,0.0,2
HMGN1,0.029100915082670216,0.2992328759288633,0.0,0.0,4
INCENP,0.029095988556053866,0.2991880473911961,0.0,0.0,2
KIF5B,0.029088564736178667,-0.2991204949318619,0.0,0.0,2
SMAP1,0.029086488983640052,0.2991016067864987,0.0,0.0,4
INSL4,0.02908580849782203,0.2990954147598437,0.0,0.0,2
PYY2,0.029078760547009176,0.2990312824911897,0.0,0.0,2
IFI35,0.02906568448901892,0.2989122979400438,0.0,0.0,1
GGA2,0.029065052217049636,-0.2989065446314761,0.0,0.0,3
FBXO46,0.029054545230400738,0.2988109371409582,0.0,0.0,3
WNT5B,0.02905317146513944,0.2987984366730712,0.0,0.0,3
SLC22A14,0.029050665780603172,0.2987756363956418,0.0,0.0,4
OR2H1,0.02904150126270151,-0.2986922445928668,0.0,0.0,1
FCGR2C,0.029037572081517252,-0.298656491320747,0.0,0.0,1
C16orf80,0.029037462772327324,-0.2986554966704549,0.0,0.0,3
PEA15,0.029037150668921312,-0.2986526567103,0.0,0.0,4
RPP25,0.029028874130049356,0.2985773450021801,0.0,0.0,3
C5orf28,0.02902641893089274,0.2985550041124531,0.0,0.0,4
POLM,0.02902070785081983,0.2985030365929193,0.0,0.0,2
PRPSAP2,0.02901594721175783,0.2984597175358777,0.0,0.0,2
SRSF7,0.029006129041182417,-0.2983703778725128,0.0,0.0,4
SLC25A21,0.02894630605339816,0.2978260233464759,0.0,0.0,2
LETMD1,0.028942931630218625,-0.2977953180507597,0.0,0.0,1
TALDO1,0.02893481368964262,0.2977214494952375,0.0,0.0,4
GDPD5,0.028922588640923202,-0.2976102086353621,0.0,0.0,3
LUZP1,0.028920705084125843,-0.2975930693598818,0.0,0.0,3
YPEL1,0.028919903313408466,-0.2967820734138593,7.289611013727194e-05,-1.0,3
UTP14A,0.028906742749760274,0.2974660202072492,0.0,0.0,4
APOC2,0.028905566870165364,-0.2974553203842669,0.0,0.0,2
APIP,0.028905241920094884,-0.297452363526909,0.0,0.0,3
TNNT2,0.02888423848216348,-0.2972612444116029,0.0,0.0,3
GLRB,0.02887668433799179,0.2971925060766835,0.0,0.0,1
GTF3C1,0.028876483267566363,0.2971906764523169,0.0,0.0,4
BMPR1A,0.028860689824098028,-0.2970469652678354,0.0,0.0,4
ING4,0.028858447539317704,0.1740200243888488,0.0111567684244541,2.0,1
SETDB1,0.028855565711906856,0.2970003388159229,0.0,0.0,4
TEF,0.02882835054241225,-0.2967526965426103,0.0,0.0,3
GRWD1,0.028825355847896098,0.2967254465577074,0.0,0.0,4
C9orf3,0.028825252037713037,-0.2967245019451915,0.0,0.0,3
GOLGA7,0.028812614627948752,-0.2966095088387392,0.0,0.0,2
IFT74,0.028811538621476344,-0.2965997178033029,0.0,0.0,2
FAM102A,0.02880979553810729,0.2965838567546267,0.0,0.0,4
PFKFB4,0.028807367479922148,0.296561762832014,0.0,0.0,3
FAM50B,0.02880429835424955,0.2965338355667146,0.0,0.0,1
FMNL1,0.028802525656043805,-0.296517705040184,0.0,0.0,4
PWWP2A,0.028790149639924194,0.2964050904644408,0.0,0.0,2
HLCS,0.02877398851827701,0.2962580336215729,0.0,0.0,4
DNAJC2,0.028757713475695452,0.2961099401642106,0.0,0.0,4
TAPBPL,0.028753038568565856,-0.2960674012180788,0.0,0.0,3
HSPA9,0.028740506762693463,0.2959533690458534,0.0,0.0,5
SON,0.02873859444080808,-0.2959359680247392,0.0,0.0,2
HSF2,0.028732418464989248,0.2958797702232887,0.0,0.0,2
YOD1,0.028721835408899804,0.2957834705449382,0.0,0.0,1
RHEB,0.02872065301769804,0.2957727114701065,0.0,0.0,4
THOC6,0.02871169879467448,0.2956912332288726,0.0,0.0,3
RANBP10,0.02870702389782636,-0.2927762838605641,0.0002605293964437,-1.0,4
DPP8,0.028706554305728407,-0.2956444213602972,0.0,0.0,4
LOC100506639,0.028704780421991018,0.2956282800461156,0.0,0.0,2
RAP2B,0.02870359364188704,0.2956174810348168,0.0,0.0,4
RPUSD2,0.02869075644579494,0.2955006699885421,0.0,0.0,4
CPSF6,0.028684560054539846,0.2954442864184508,0.0,0.0,3
ZFPL1,0.02868339214707371,0.2954336591372211,0.0,0.0,4
COL14A1,0.028646528505109486,-0.2950982213549793,0.0,0.0,1
BCL2L14,0.028642981005548174,0.2950659411644733,0.0,0.0,4
SP1,0.028632041838155844,-0.2172431737977196,0.0070495444096523,2.0,2
RPL14,0.02861622410909661,-0.2948224689103185,0.0,0.0,1
FIBP,0.028613002953890555,0.294793158264354,0.0,0.0,4
CDC34,0.028612244220514668,0.2947862542302608,0.0,0.0,3
CTNNBL1,0.02861211760202705,-0.2947851020753891,0.0,0.0,2
AHCTF1,0.028596387192436828,0.2946419644626752,0.0,0.0,2
PVRL2,0.02858295157413759,0.294519708121055,0.0,0.0,2
MEX3D,0.02858193466655325,0.2945104548512569,0.0,0.0,3
RIPK2,0.02858116161660269,-0.2945034205446295,0.0,0.0,2
SFT2D2,0.02857980522905813,0.2944910782038958,0.0,0.0,4
INHA,0.028579729362357656,0.2944903878608804,0.0,0.0,3
HAL,0.028572296715338737,-0.294422755079653,0.0,0.0,1
MAFK,0.028569208613891967,-0.2943946551458036,0.0,0.0,4
C2orf49,0.028567469619853323,0.2943788313076646,0.0,0.0,2
GALK2,0.028566519740986965,-0.2943701879603622,0.0,0.0,3
SMAGP,0.02856162217935768,-0.2943256229872943,0.0,0.0,1
BCL2L10,0.028557750286394186,0.2942903910047894,0.0,0.0,4
RBBP7,0.028557448655686126,0.2942876463401177,0.0,0.0,4
UBXN4,0.028551122005114317,0.2942300774857195,0.0,0.0,3
CSGALNACT2,0.028547689801614297,-0.2941988464225661,0.0,0.0,4
DZIP3,0.0285435230498323,-0.2941609313956607,0.0,0.0,2
HK1,0.02854302751405972,0.2941564223072549,0.0,0.0,2
MTSS1,0.028537409316899912,0.2941052999684119,0.0,0.0,1
CCT4,0.028532281231494448,0.2940586373625515,0.0,0.0,4
BCAS2,0.02853057725990936,-0.2940431322084471,0.0,0.0,1
C18orf8,0.028529383490492468,-0.2940322695984505,0.0,0.0,5
FBXO7,0.028514895661547822,-0.2939004387496319,0.0,0.0,5
DHDDS,0.028504855947715773,0.2938090831709988,0.0,0.0,4
HSP90AA1,0.028503144199675548,0.2937935072556585,0.0,0.0,2
INPPL1,0.028499907934534306,0.2937640591180388,0.0,0.0,2
BEST1,0.028489367930853295,-0.2936681511916595,0.0,0.0,4
C12orf43,0.028482516908189502,-0.2936058108550574,0.0,0.0,3
MAD2L1BP,0.028482279192134485,0.2936036477766948,0.0,0.0,4
GSTM3,0.028481344005270425,-0.2935951381181004,0.0,0.0,2
COL8A1,0.02847419916039318,0.2935301241696031,0.0,0.0,1
LRPPRC,0.028463536655089,0.2934331015494332,0.0,0.0,3
SF3B3,0.028462786222946897,0.2934262730517575,0.0,0.0,4
UBE2O,0.028454554177500358,0.2933513662080284,0.0,0.0,3
UBASH3A,0.028444671013768838,-0.2932614351446014,0.0,0.0,1
ADAR,0.028443634343256575,0.2932520020436103,0.0,0.0,4
PTPRJ,0.02844004001648794,-0.2932192957526504,0.0,0.0,2
DENND4B,0.028435589582268564,-0.2931787993799369,0.0,0.0,3
ATF7,0.02843527786362813,0.2931759629209258,0.0,0.0,1
NKAIN1,0.028409297014979858,0.2929395522521212,0.0,0.0,2
CEP41,0.028405842732803673,0.2929081202858076,0.0,0.0,4
DHRS4,0.028404088142098754,-0.2928921545270426,0.0,0.0,1
ANTXR1,0.028396516856766828,0.292823260217497,0.0,0.0,3
ATP6V0B,0.028382796165659373,0.2926984098784997,0.0,0.0,2
OR7A5,0.02837687921402206,0.2926445690470165,0.0,0.0,2
PRSS1,0.028368088927459734,0.2925645825325913,0.0,0.0,3
OSR2,0.028366767060500432,0.2925525543091815,0.0,0.0,1
SCNN1A,0.028364892236626086,0.2925354944982405,0.0,0.0,1
ZNF37BP,0.02836253407662806,-0.29251403660863,0.0,0.0,4
MED15,0.028359860473459182,0.2924897083689397,0.0,0.0,2
ITPKB,0.0283575797969586,-0.2924689555342603,0.0,0.0,3
NOP14,0.028356221788944258,0.2924565984481905,0.0,0.0,4
VAV3,0.02834286610946147,-0.2923350695034816,0.0,0.0,1
VPS8,0.0283353583205018,0.2922667529741323,0.0,0.0,2
TOM1L2,0.02833179162560573,-0.2922342981172022,0.0,0.0,4
GNB1L,0.028331417434735422,0.2922308931970971,0.0,0.0,3
WDR19,0.028328866712498398,-0.2922076831026867,0.0,0.0,4
SHBG,0.028328748706967295,0.2922066093207287,0.0,0.0,1
DENND1B,0.028325727669707854,0.2921791196321255,0.0,0.0,2
ERF,0.028319541529766474,0.2921228293430492,0.0,0.0,1
CIR1,0.02831799693924804,-0.2921087744643023,0.0,0.0,1
CHD4,0.028314011254724505,0.2920725070445344,0.0,0.0,4
FGD2,0.02831102769287734,-0.2920453583604688,0.0,0.0,3
NUP214,0.02830069335156863,-0.1508941573879267,0.012793971376353,-4.0,3
RAP1GAP2,0.02829547489059768,-0.2919038368713713,0.0,0.0,2
ZNF219,0.028282528656537485,-0.291786033642766,0.0,0.0,1
PYGB,0.028272836309290134,0.2916978388987816,0.0,0.0,3
SPAG9,0.028267237496244667,-0.2916468929441475,0.0,0.0,3
IGBP1,0.028266518716565252,0.2916403524655421,0.0,0.0,2
UPF3B,0.028257294919158186,0.2915564212536158,0.0,0.0,4
RP2,0.028254780137044674,-0.2915335381935048,0.0,0.0,4
INHBC,0.0282531398491402,0.1244015604744586,0.0151576191729746,3.0,1
CMA1,0.028251624263285098,-0.2915048215708777,0.0,0.0,3
RAPGEF6,0.02825056369479504,-0.2914951710121357,0.0,0.0,2
MBTPS2,0.028250384757349676,0.2914935427850633,0.0,0.0,4
GPS2,0.028241337727359865,-0.2436084771785426,0.0043357381131773,-1.0,3
SLC9A1,0.028238923666906522,0.2913892535028471,0.0,0.0,3
PAN2,0.028237449157454627,-0.2913758363211992,0.0,0.0,2
SSH1,0.02822810404671525,-0.2912908012282406,0.0,0.0,3
GLUL,0.028226477307873518,-0.2912759988473503,0.0,0.0,3
FSTL1,0.028223608925945953,-0.2912498982338152,0.0,0.0,3
TMEM87A,0.028223591042589372,-0.2912497355056323,0.0,0.0,3
UBA5,0.02821905700748447,0.2912084784133008,0.0,0.0,2
CCR3,0.028217763584201874,-0.291196709010868,0.0,0.0,2
HNRNPF,0.028211818684219233,0.2911426138656363,0.0,0.0,1
ACVR2A,0.02821135880365324,-0.291138429218951,0.0,0.0,1
ZNF137P,0.028210576920098852,-0.2911313145316472,0.0,0.0,2
WDFY3,0.0282059224854184,-0.2910889618729404,0.0,0.0,1
DRG1,0.028196729182260186,0.2910053081410096,0.0,0.0,4
IFNAR1,0.028169326461797827,-0.2907559592625617,0.0,0.0,2
BTAF1,0.028167445080617866,-0.2907388397839391,0.0,0.0,2
B4GALT3,0.028161742942498236,0.290686953630999,0.0,0.0,4
SEPT9,0.028160096895615987,0.2906719755581275,0.0,0.0,3
PRKACG,0.02815773284567276,0.0990253080189533,0.0173805192457237,5.0,1
RPL36AL,0.028136562543194674,-0.2904578265874327,0.0,0.0,2
MCHR1,0.02809290001151952,0.2900605228482528,0.0,0.0,4
NAPA,0.028092451287318968,-0.2900564397180288,0.0,0.0,2
BRD2,0.028091841908258287,-0.2900508947216647,0.0,0.0,1
PJA1,0.02809003562369504,0.2900344585787415,0.0,0.0,1
PURA,0.02808843114471352,-0.2900198587496813,0.0,0.0,4
ARID3A,0.02808325386678184,0.2899727485203356,0.0,0.0,2
DTNB,0.028080798858612303,0.2899504093684804,0.0,0.0,3
PER3,0.028078710854685055,-0.2899314097425794,0.0,0.0,2
CASP7,0.02807046167263953,-0.2898563469657288,0.0,0.0,1
SLC29A1,0.028070143555862317,0.2898534522873803,0.0,0.0,2
OSGIN2,0.02804891527211254,-0.2896602872054078,0.0,0.0,4
SETD3,0.02804608845654462,-0.2072555366541774,0.0074718284070278,-4.0,4
GOLGA4,0.028016932513445423,-0.2893692626330749,0.0,0.0,2
TRAK1,0.028009517882980003,-0.2893017937920451,0.0,0.0,4
CDKAL1,0.02800385231109981,0.2892502403706966,0.0,0.0,1
RET,0.028002001326182486,0.2892333974804517,0.0,0.0,4
PTP4A3,0.027997316322285307,0.2891907666595852,0.0,0.0,1
MPG,0.02799438421663858,0.2891640861971287,0.0,0.0,3
RABEP2,0.027974662658703783,0.2889846314470413,0.0,0.0,4
DDX27,0.027964579795894416,0.2888928832377161,0.0,0.0,4
SPCS3,0.02796379312532883,0.2888857249913841,0.0,0.0,3
OBSCN,0.027949977904029172,-0.2887600144824107,0.0,0.0,1
SEC31A,0.02794328430778802,0.2886991066350381,0.0,0.0,4
ZG16,0.02792727128750371,0.2885533974287591,0.0,0.0,4
SLC8A2,0.027920034695870274,0.2884875486379406,0.0,0.0,3
BNIP1,0.027916684806004437,0.2884570665811639,0.0,0.0,2
TSHR,0.02791402725048156,0.2884328843657538,0.0,0.0,4
ARSA,0.02791147808766158,0.2884096884611349,0.0,0.0,1
MORF4L1,0.027898970637628376,-0.2882958779129338,0.0,0.0,5
LYST,0.027892393324869175,-0.2882360281778697,0.0,0.0,4
FAM118A,0.027880643217576863,0.2881291090097891,0.0,0.0,2
UTP18,0.027877572227777783,0.2881011647820188,0.0,0.0,5
C2orf47,0.02787516557587306,0.2880792656441547,0.0,0.0,3
SEC24B,0.027854257849738776,-0.2878890174507448,0.0,0.0,3
SEMA6C,0.027847331585420767,0.287825992458686,0.0,0.0,1
MCF2L2,0.02783738222489736,-0.2877354590428088,0.0,0.0,2
TUBB4B,0.027830160690740745,0.2876697472663048,0.0,0.0,2
TYMP,0.027821702133751396,0.287592779298782,0.0,0.0,1
LOC389906,0.02780977169532166,0.2874842192218388,0.0,0.0,3
BET1L,0.027800244130447946,0.2873975239019758,0.0,0.0,2
IRAK4,0.027796032030045652,0.2873591962289017,0.0,0.0,4
C2CD2L,0.027789705159442523,-0.287301625372346,0.0,0.0,2
SNX3,0.027787960457267398,-0.2872857495934725,0.0,0.0,4
CAST,0.02778745782946789,-0.287281175971731,0.0,0.0,4
CREB3L2,0.0277860619443338,0.2872684742258183,0.0,0.0,3
EPB41L4B,0.02776665315413317,0.2870918654808871,0.0,0.0,2
CAB39,0.027760260464991093,-0.2870336957137637,0.0,0.0,1
HIST1H4D,0.027722853828469445,0.2270956590865039,0.005405544144715,1.0,1
DNAJC17,0.02771965199967561,0.2866641822088613,0.0,0.0,1
TIMM44,0.027714940998285236,0.2866213148258703,0.0,0.0,3
GNG7,0.027710422872018206,-0.2865802024947454,0.0,0.0,3
DNAJC3,0.027709406997848646,0.286570958628423,0.0,0.0,3
PABPC1,0.027707683726263407,0.2865552778555001,0.0,0.0,4
USP14,0.02770590421045123,0.2190617658307093,0.0061202342829435,1.0,4
HPX,0.02769657552185037,0.2864541996316878,0.0,0.0,1
MAMLD1,0.027695752542532696,-0.2864467109967499,0.0,0.0,3
GUCA1A,0.02769410533344362,0.2864317223484697,0.0,0.0,4
PIK3CB,0.02768681367450827,0.2863653724771111,0.0,0.0,4
RAB3GAP2,0.027685784389034816,0.1499065264813008,0.0123760515773587,6.0,1
OSGIN1,0.02767897956716924,0.2862940866395859,0.0,0.0,3
NDUFAF4,0.02767292015900661,-0.2862389495362649,0.0,0.0,3
C4orf6,0.027663830948565837,0.2861562429877491,0.0,0.0,3
NOC4L,0.02765889596186003,0.2861113374681698,0.0,0.0,3
ZNF177,0.027655898418075087,-0.2860840615565719,0.0,0.0,3
FGFR1,0.027651818218772814,-0.2860469341070815,0.0,0.0,4
RAB21,0.02764738111025244,-0.2860065589905077,0.0,0.0,4
WNT10B,0.027637417469531078,0.2859158956331034,0.0,0.0,3
RNF111,0.027629964359152128,-0.2858480766471566,0.0,0.0,1
DDRGK1,0.02762931762479763,0.2858421917392633,0.0,0.0,1
ZNF574,0.02762251867271767,0.2857803252148031,0.0,0.0,2
KLK14,0.027618390084359176,0.2857427574529388,0.0,0.0,3
TRAPPC8,0.02761634654585681,-0.2173630962967348,0.0062003906489451,-1.0,4
LIG3,0.02760003524557691,0.2855757390552313,0.0,0.0,4
CHD9,0.02759919647718648,-0.2855681067488799,0.0,0.0,3
GREM2,0.027597950195140136,-0.2855567663043823,0.0,0.0,3
INPP5D,0.02759397533580689,-0.2855205973875737,0.0,0.0,2
TIMM23,0.027573243203098244,0.2853319469925943,0.0,0.0,4
PQLC3,0.027561285152878763,-0.2852231356643633,0.0,0.0,2
RNASEL,0.027558912899539705,-0.2852015495335154,0.0,0.0,2
ZNF354A,0.027555626266930002,0.2851716430811168,0.0,0.0,2
AGBL5,0.027538967488172427,0.2850200578468982,0.0,0.0,4
IQCC,0.02752705124223887,0.2849116269134468,0.0,0.0,3
FAM188A,0.027515764036791828,-0.2848089198839423,0.0,0.0,4
MYBL1,0.027514229900635487,-0.284794960133833,0.0,0.0,2
RAD54L2,0.027510670561633612,-0.2847625722112779,0.0,0.0,3
PPP2R2A,0.02750147322477249,-0.2174579970222359,0.0060969754974532,-1.0,3
ZNF473,0.02747863879898215,0.2844711017310815,0.0,0.0,2
TERF2,0.02747309486051238,0.2844206551032906,0.0,0.0,1
SPOP,0.02746601117677737,-0.2843561976857495,0.0,0.0,4
TFIP11,0.02746449430814688,0.2843423950601202,0.0,0.0,1
MIA3,0.027463192191536107,0.2843305465534382,0.0,0.0,2
ENO3,0.027452431271351864,0.2842326284148835,0.0,0.0,3
DBR1,0.027451969819846527,0.2842284294735604,0.0,0.0,1
GAPVD1,0.027450579391867735,-0.284215777384599,0.0,0.0,2
BUB3,0.02744706744906452,0.2841838207399893,0.0,0.0,4
RRP9,0.027444151852144008,0.2841572904973758,0.0,0.0,2
KAT5,0.02744163652790679,-0.2841344025042532,0.0,0.0,4
BCL2L13,0.02743763109009748,0.2840979553410303,0.0,0.0,1
THOC5,0.027432043547267675,0.2840471119388285,0.0,0.0,2
RABGGTA,0.027418903075448454,-0.2839275412591618,0.0,0.0,3
MYL5,0.027415335791157704,-0.2787002737950112,0.0004711722048525,-1.0,2
LDHB,0.027414083465931806,0.2838836856051517,0.0,0.0,3
KIF13A,0.02741206174460645,-0.2838652891125223,0.0,0.0,3
C1RL,0.027410326122873835,-0.2838494959604142,0.0,0.0,2
A4GALT,0.027409108162793926,0.2838384132294008,0.0,0.0,2
ADNP,0.02740406451552883,0.2837925189616924,0.0,0.0,3
MAPK14,0.02739052682434061,0.2836693338159258,0.0,0.0,3
VPS13A,0.027380398894465915,-0.283577175522419,0.0,0.0,3
EGFL8,0.027377021874603284,-0.2835464465983912,0.0,0.0,4
UTP3,0.027372199048176865,-0.2835025616723661,0.0,0.0,3
ZNF571,0.027370680054510012,-0.2834887397101372,0.0,0.0,2
YAP1,0.02736744954252459,-0.283459343922902,0.0,0.0,2
FAM120C,0.027364793188981943,0.2834351726448156,0.0,0.0,3
CHP2,0.027354389805756968,0.2833405078854252,0.0,0.0,1
PTK2B,0.02735432359016861,-0.283339905361938,0.0,0.0,2
BIN1,0.027349729646574703,-0.2832981031370688,0.0,0.0,2
TPTE,0.027349576571793977,0.2832967102452592,0.0,0.0,2
HEATR3,0.02734723624089476,0.2832754145901173,0.0,0.0,3
DLX2,0.027346499883734672,0.2832687141666226,0.0,0.0,2
DYNC1LI1,0.02733868207052398,-0.2831975765962241,0.0,0.0,4
IPP,0.02733814010256218,0.2831926450018003,0.0,0.0,4
UQCRC1,0.027334262982199934,0.2831573654529956,0.0,0.0,4
CCDC28B,0.02733271586507049,0.2831432875835525,0.0,0.0,3
ZNF20,0.02731992851471465,-0.283026930104596,0.0,0.0,3
COMMD10,0.027316956547642043,0.2829998869262606,0.0,0.0,1
CBFB,0.027309270235639383,0.2829299459406604,0.0,0.0,4
SH3BGRL3,0.027302536756643823,-0.2828686751833317,0.0,0.0,2
GNRH2,0.027299401843083236,0.2828401492863706,0.0,0.0,1
MBP,0.027285455535210393,-0.2827132459655357,0.0,0.0,4
MXD3,0.027282822749089018,0.2826892891373274,0.0,0.0,3
TRIM46,0.027276418585582395,0.2826310149601351,0.0,0.0,4
RGS14,0.027274578524806012,0.2826142714732431,0.0,0.0,3
GPATCH1,0.02726111224806601,0.2824917361575761,0.0,0.0,4
CSAD,0.027260608029445136,-0.2824871480602819,0.0,0.0,2
FAM127B,0.027256112016200932,0.282446236944852,0.0,0.0,4
SLC39A2,0.02723965971505224,0.2822965305372364,0.0,0.0,3
ZNF280A,0.02723682882402543,0.2822707710691751,0.0,0.0,2
CLNS1A,0.027234336877466937,0.2822480957993833,0.0,0.0,4
IST1,0.027228225855004447,-0.2821924890358401,0.0,0.0,2
CNGB1,0.027221677963697802,0.2821329070189468,0.0,0.0,4
HDAC7,0.027214936237795997,-0.2820715612195497,0.0,0.0,5
SCRG1,0.02721223558361922,-0.2820469868313615,0.0,0.0,2
VAPB,0.027209334168638646,-0.2820205856361841,0.0,0.0,1
VEZF1,0.027202532738810754,-0.2819586965656534,0.0,0.0,4
MAF,0.02719977983322506,-0.2819336467199197,0.0,0.0,3
DTX2P1-UPK3BP1-PMS2P11,0.02718831207640706,0.2818292967775551,0.0,0.0,3
DCUN1D2,0.027184793545647564,-0.2817972801863604,0.0,0.0,1
RPL36,0.027182386628022536,0.2817753786305955,0.0,0.0,2
PPP2R5D,0.02717390448204424,0.2816981960169413,0.0,0.0,3
AP2A2,0.02717232147808193,-0.2816837915981128,0.0,0.0,2
C6orf211,0.027169997743964558,-0.2816626469640691,0.0,0.0,2
VPS41,0.02716683739321074,0.2816338896033885,0.0,0.0,2
NFATC3,0.027162938221366277,-0.2815984093988727,0.0,0.0,5
CAPRIN2,0.027158792812874193,-0.2815606885835387,0.0,0.0,3
EIF5,0.0271579360777741,-0.2815528927905397,0.0,0.0,2
CASP2,0.027150803778442142,0.2814879929992353,0.0,0.0,4
C1QTNF1,0.027141455396230536,-0.281402928137775,0.0,0.0,2
OR1E1,0.027132037291535533,0.2813172288421146,0.0,0.0,1
RPGRIP1L,0.027131996474261583,0.2813168574285721,0.0,0.0,4
PRR3,0.027127451940639997,0.2812755048058218,0.0,0.0,4
DOCK5,0.02712712107691313,-0.2812724941376173,0.0,0.0,3
SURF2,0.027107624262042218,0.28109508441919,0.0,0.0,3
RPL8,0.027101307930724496,0.2810376094640248,0.0,0.0,3
MAN1A2,0.027099330605116545,0.2294639229242812,0.0046761330852018,1.0,4
CCR10,0.02708243356665134,0.2808658636871949,0.0,0.0,1
HMX1,0.02708100783277498,0.2808528903350227,0.0,0.0,3
OGFOD1,0.02707959031331752,0.2808399917293028,0.0,0.0,4
PACSIN2,0.02706799458993307,-0.2807344773653302,0.0,0.0,2
ZNF606,0.02706425597166975,0.2807004581053745,0.0,0.0,4
PAK3,0.02706115353495175,0.2806722277288631,0.0,0.0,1
NBR2,0.027057477977584968,0.2806387822865269,0.0,0.0,4
WDR91,0.027055431062225428,-0.2806201565427844,0.0,0.0,2
ATPIF1,0.027047037157708745,0.2805437768753018,0.0,0.0,3
CSRNP3,0.027042549977102197,0.2805029461317567,0.0,0.0,1
LCMT1,0.0270385135083355,0.2804662166048016,0.0,0.0,4
ERN1,0.02702686856375499,-0.2803602543564647,0.0,0.0,1
YTHDF2,0.027010736551168698,0.2802134623891845,0.0,0.0,2
CYB561,0.027003727818365984,0.280149686981699,0.0,0.0,4
RNF138,0.02700207351372465,-0.2801346337680046,0.0,0.0,2
DUT,0.027000852047381396,0.2801235191320264,0.0,0.0,2
OPRD1,0.026999135190878387,0.2801078967326347,0.0,0.0,4
RELB,0.026996872202623576,0.2800873048507428,0.0,0.0,1
HAUS5,0.026993963197074086,0.2800608345857864,0.0,0.0,4
DMXL2,0.026991633974858906,-0.2800396400132326,0.0,0.0,2
TOB1,0.02699095831959212,-0.2800334919417949,0.0,0.0,3
SRSF6,0.026990093339715162,-0.2800256211261036,0.0,0.0,1
GPN2,0.026985921925455934,0.2799876636733569,0.0,0.0,2
YTHDC2,0.026985007750420675,-0.2799793452102299,0.0,0.0,3
SDCCAG3,0.026984572860317777,0.2799753879622787,0.0,0.0,4
SOCS1,0.026975569575136322,0.2798934632838357,0.0,0.0,1
NCS1,0.026968584946741106,0.2798299072124918,0.0,0.0,3
TOM1,0.0269680244020883,-0.2798248065809436,0.0,0.0,1
C19orf53,0.02696670460355213,0.2798127971789857,0.0,0.0,3
STXBP3,0.02696362179018257,-0.2797468864159757,3.4338297795478217e-06,-1.0,3
MYOZ2,0.026962982645486105,-0.2797789295171721,0.0,0.0,4
PRPF6,0.026959648538818347,0.2797485910783527,0.0,0.0,3
LBR,0.026956807162863944,0.2797227362035255,0.0,0.0,3
OCRL,0.026953741476902097,0.2796948402376009,0.0,0.0,4
CCT6B,0.02694518758661198,0.2796170047922794,0.0,0.0,2
PGP,0.0269412377647063,0.2795810637015544,0.0,0.0,4
RMND1,0.026934456870665573,0.279519361494788,0.0,0.0,4
BRD7P3,0.02693030115672576,-0.2794815469058509,0.0,0.0,1
PTOV1,0.026921905825718986,0.279405154258135,0.0,0.0,4
SEC61A2,0.026913628286138358,0.279329833444146,0.0,0.0,3
DOT1L,0.0269090935649583,-0.2792885701089281,0.0,0.0,4
FPGS,0.02690907342458514,0.2792883868432021,0.0,0.0,1
CDC42BPA,0.026899051557553105,0.2791971936601083,0.0,0.0,1
RNPS1,0.026898735788981148,0.279194320349067,0.0,0.0,4
TFR2,0.026897928385287328,0.2791869734432813,0.0,0.0,4
MAVS,0.02689490526642583,-0.2791594648133055,0.0,0.0,2
SYDE1,0.026894809104127,-0.2791585897921048,0.0,0.0,5
ANAPC10,0.026893488321384357,-0.2791465714344383,0.0,0.0,3
CALM1,0.02689175410702575,-0.2791307910886182,0.0,0.0,5
C11orf71,0.026886587056111272,0.2790837739192033,0.0,0.0,1
PTPLB,0.026883161450002874,0.279052602888491,0.0,0.0,2
GJA3,0.026877992078341642,0.2790055646016253,0.0,0.0,4
CCDC9,0.026877970182345178,0.2790053653607445,0.0,0.0,2
RPS21,0.026877313961115704,0.2789993941277858,0.0,0.0,3
USP20,0.026876663755816866,-0.2789934776363101,0.0,0.0,2
TSFM,0.026865800151414956,0.2788946251308722,0.0,0.0,4
DHX57,0.026864773610472056,0.278885284203093,0.0,0.0,2
WDR13,0.02686159625824443,-0.2788563721388518,0.0,0.0,3
ADD3,0.026857649486055502,-0.2788204587987821,0.0,0.0,2
TCEA2,0.026854419848471502,-0.2787910709680932,0.0,0.0,2
ATP1A1,0.026846410056177127,-0.2787181864992702,0.0,0.0,2
PA2G4,0.026830805729280923,0.2785761961660167,0.0,0.0,3
RPS2,0.026826832922900407,0.2785400459298884,0.0,0.0,5
HNRNPC,0.02682155511786343,0.2784920209621322,0.0,0.0,5
ISG20L2,0.026819881862935234,0.2784767953118076,0.0,0.0,4
WIZ,0.026818543200514758,0.2784646142594327,0.0,0.0,2
NDUFV1,0.0268122374677141,0.2784072357446317,0.0,0.0,3
KAT7,0.026804682730508792,0.27833849201345,0.0,0.0,4
CNOT3,0.026789663880839802,0.2782018291837253,0.0,0.0,3
BMP1,0.02678538118805564,0.2781628591608791,0.0,0.0,3
ZC3H7B,0.026782319166328773,-0.2781349965373696,0.0,0.0,1
PPIP5K2,0.026772695147860705,-0.2780474235456854,0.0,0.0,2
TRIM13,0.026768942352396113,-0.2780132752814127,0.0,0.0,3
NANS,0.026766297785347202,0.2779892112535899,0.0,0.0,2
USP49,0.02676285438819585,0.2779578783346952,0.0,0.0,4
CYTH4,0.02676109849227468,-0.2779419006992186,0.0,0.0,3
WDR3,0.026749752616945358,0.27783865980778,0.0,0.0,4
SAP30L,0.026749607385157696,-0.2778373382826629,0.0,0.0,3
ZNF286A,0.02674918817467398,0.2778335237101612,0.0,0.0,2
SLC39A9,0.02674798016208865,0.2778225314955846,0.0,0.0,4
LRP5,0.02674543615285508,0.277799382485616,0.0,0.0,3
DBF4B,0.026743207397656357,0.277779102104699,0.0,0.0,4
ZBTB44,0.026731846974662795,-0.2776757288379451,0.0,0.0,3
SLC38A4,0.02672572080308868,0.2776199842262638,0.0,0.0,2
ERCC8,0.026723873506912188,0.1825943655225598,0.0086173573132183,1.0,4
SETX,0.0267207364055859,-0.2775746290970618,0.0,0.0,3
GNRH1,0.026719950561459562,-0.2775674783708481,0.0,0.0,3
ATP5G3,0.02671001512011345,0.2774770716114192,0.0,0.0,3
IKZF1,0.026706931197377416,-0.2774490097014163,0.0,0.0,3
SPAG8,0.026703186613766593,-0.2774149361602547,0.0,0.0,3
LPAR6,0.02670073363481237,-0.2773926154730831,0.0,0.0,4
EMID1,0.026693600620037457,-0.2773277091716624,0.0,0.0,1
GTPBP4,0.0266770821868879,0.2771774010011573,0.0,0.0,2
ATP5F1,0.026651558530162066,-0.2769451505139395,0.0,0.0,3
POP5,0.026651420791769544,0.2769438971743763,0.0,0.0,4
GREB1,0.02663948825224473,0.2768353179786853,0.0,0.0,3
SUZ12,0.026636797126965255,0.2768108302979413,0.0,0.0,4
ERH,0.0266279615164088,0.2767304313614313,0.0,0.0,4
BRE,0.02662738568966867,0.2767251916717432,0.0,0.0,2
BTD,0.026625645363321057,-0.2767093557103646,0.0,0.0,2
SUV420H1,0.026616347803637818,-0.2480204784744088,0.0025944252802196,-1.0,2
FAH,0.026611478926009922,0.2765804493391893,0.0,0.0,3
ADH5,0.026595591960507606,-0.2764358871583874,0.0,0.0,2
NADK,0.026584445693290916,0.2763344625851163,0.0,0.0,3
KIAA0391,0.026573925488489452,0.2762387348170689,0.0,0.0,4
LIAS,0.026572229786773035,0.2762233049139777,0.0,0.0,3
ZFP2,0.02655960665782042,-0.2761084417546369,0.0,0.0,4
TOR1AIP1,0.026557798190315455,-0.2760919857482089,0.0,0.0,3
P2RX5,0.02655013645022323,0.2760222683527562,0.0,0.0,2
TOP1,0.026545011610991494,0.2759756352851958,0.0,0.0,1
MLH1,0.02653363665802808,-0.2758721298041352,0.0,0.0,1
CCDC88C,0.02652721437844798,0.2758136907811712,0.0,0.0,3
AMOT,0.026521798740476582,0.2757644116135753,0.0,0.0,2
CLCC1,0.026515390734098795,0.2757061024684821,0.0,0.0,2
ZZEF1,0.026513982814303443,-0.2756932912141251,0.0,0.0,4
SCAMP5,0.026493304116198876,0.2755051270430816,0.0,0.0,4
ZFP37,0.0264846870774489,-0.2719559882376208,0.0003147972270663,1.0,1
C17orf70,0.026484133344687476,0.2754216783360815,0.0,0.0,4
GNA13,0.02647830193932634,-0.2753686159261441,0.0,0.0,2
CADM4,0.02647750306870875,0.2491802521146665,0.0023746413419817,1.0,4
PWP2,0.026466500733300428,0.2752612317891955,0.0,0.0,5
SLC35D1,0.026457783513109377,0.2751819101364126,0.0,0.0,4
RPLP0,0.02644767474896304,0.2750899262399288,0.0,0.0,5
TXNDC9,0.02644484100086593,0.2750641407741832,0.0,0.0,3
SLC22A7,0.02644102790472132,0.1478518161216367,0.0115350888742992,1.0,3
MOB1A,0.0264354937880295,0.2749790865533594,0.0,0.0,2
HNRNPL,0.02643103718020713,0.2749385340044358,0.0,0.0,3
TM2D3,0.026429611350505783,-0.2749255597803117,0.0,0.0,3
ASMTL,0.026429150222643236,-0.2749213637839505,0.0,0.0,4
UQCRFS1,0.026427244831483745,0.2749040258284261,0.0,0.0,3
NDUFA7,0.026422391294184316,0.2748598614512512,0.0,0.0,2
DNAJC8,0.026411893527936266,-0.2747643378610385,0.0,0.0,2
HDDC2,0.02640937262305512,-0.2747413990872897,0.0,0.0,2
NKX2-2,0.026405434718467527,0.2747055664372541,0.0,0.0,2
SPATA5L1,0.026403582763046815,0.2746887147159907,0.0,0.0,3
MRPL18,0.0264011158258227,0.2746662670166508,0.0,0.0,3
CXXC4,0.026387596077262838,0.2745432451384059,0.0,0.0,2
MARCH8,0.02638518128306006,-0.2745212719103473,0.0,0.0,5
ZFAND5,0.026379939390799842,-0.2744735737280509,0.0,0.0,4
PLAA,0.02637367724822516,-0.2444645528579332,0.0027166683175959,-1.0,3
C6orf106,0.02637260182480856,0.2744068061290829,0.0,0.0,2
PDS5B,0.026361157790274273,-0.2743026720457548,0.0,0.0,5
CDS2,0.026359756887721984,-0.2742899246442438,0.0,0.0,4
DGKQ,0.026357043946003463,0.2742652384465454,0.0,0.0,2
CLDND1,0.026353339240966615,-0.2742315277773004,0.0,0.0,2
BMP8B,0.026348488028047217,0.274187384550637,0.0,0.0,4
KEL,0.02634613108760363,0.2741659377582653,0.0,0.0,2
HLA-A,0.026332217848193007,-0.274039335341276,0.0,0.0,2
TTYH1,0.026325090567029696,0.2739744812123987,0.0,0.0,3
SMG5,0.026321922324518795,0.2739456520413013,0.0,0.0,4
MARK4,0.026320445054247136,0.2739322097377932,0.0,0.0,2
C21orf2,0.026311200107298385,-0.2738480860772921,0.0,0.0,3
NCR1,0.026302537222464315,-0.2737692588447746,0.0,0.0,2
SMARCD1,0.026299569056487903,0.2737422502542121,0.0,0.0,2
APC,0.02629865290779379,-0.2737339138319331,0.0,0.0,4
EMR2,0.026290258768017657,-0.2736575320237258,0.0,0.0,2
C6orf123,0.02628497394596259,-0.2736094432051708,0.0,0.0,2
SLC1A6,0.026282007180092763,0.273582447354767,0.0,0.0,3
HR,0.026279234038972955,0.2735572133773978,0.0,0.0,3
EXOC7,0.026265537689420308,0.2734325845324452,0.0,0.0,1
TG,0.026263020039427445,0.2734096753762938,0.0,0.0,2
PRKRA,0.02625683872374405,0.2733534289851698,0.0,0.0,2
NOS1AP,0.026255382505841054,0.2733401782460183,0.0,0.0,4
GORASP1,0.02625178934542902,-0.2733074825682277,0.0,0.0,4
MANEA,0.026249692992792735,0.2732884069739119,0.0,0.0,3
GOLGA3,0.02624862886842342,0.273278724058729,0.0,0.0,4
PTCRA,0.026241500749437076,-0.2732138623061475,0.0,0.0,2
CLIP2,0.026241292873714146,-0.2732119707575168,0.0,0.0,3
SH3GLB2,0.026241103322073724,-0.2732102459474195,0.0,0.0,1
SENP7,0.02623732682558496,-0.2731758820175597,0.0,0.0,4
RALA,0.026235785899025907,-0.2731618604787202,0.0,0.0,2
CGA,0.026234255567911303,0.273147935352286,0.0,0.0,2
ADSS,0.026234158221148402,0.2731470495531485,0.0,0.0,4
ZCCHC10,0.026232236922995866,-0.2731295668532043,0.0,0.0,2
MON1B,0.02622782126041471,-0.2730893868822511,0.0,0.0,3
STAM,0.026225450901951355,-0.2730678179936742,0.0,0.0,2
SMPDL3A,0.026225188426386638,0.2730654296181196,0.0,0.0,1
RAB40B,0.02621806743278171,0.2730006327023804,0.0,0.0,3
ARMCX6,0.02620204010128338,0.272854793272346,0.0,0.0,3
PGAP2,0.02619519457148294,0.2727925029176177,0.0,0.0,1
RASA2,0.026191202831021467,-0.2727561803923235,0.0,0.0,2
MEF2D,0.026187535202139928,-0.2727228070946091,0.0,0.0,3
RNF122,0.026184868977393132,-0.2236323231008072,0.0044503365261324,2.0,2
POMGNT1,0.026176058711756902,0.2075468226555541,0.0059020299723196,1.0,3
SYNGR1,0.026174868819490573,-0.2726075503516902,0.0,0.0,1
NECAB3,0.026171898303567136,-0.2725805203779714,0.0,0.0,1
OR1F2P,0.02617090451608183,0.2725714774876782,0.0,0.0,2
PFKL,0.02615818072973353,0.2724556984043599,0.0,0.0,4
RNF187,0.0261350444209333,0.2722451713999814,0.0,0.0,4
TFB1M,0.02612177541242772,0.272124431110946,0.0,0.0,4
SKP1,0.026116789458627575,-0.2720790618203397,0.0,0.0,3
MFF,0.026111249891799835,0.2720286549719583,0.0,0.0,2
PITPNM3,0.026109733191238382,-0.2720148538756599,0.0,0.0,2
KIAA0368,0.02610789172593928,-0.2719980976084249,0.0,0.0,3
RGS12,0.02610489581575019,-0.2719708365616027,0.0,0.0,2
DNAJA4,0.026101261190882307,0.2719377635812893,0.0,0.0,1
RPS28,0.026092802114026478,-0.2718607908832828,0.0,0.0,3
NRD1,0.02608781732152534,0.2718154321598246,0.0,0.0,2
HERC1,0.026081695487154055,-0.271759727014176,0.0,0.0,4
TRIM32,0.026078758287940536,0.271733000203213,0.0,0.0,4
FUBP3,0.026062806569317785,-0.2715878488065346,0.0,0.0,1
DKK4,0.026048946016572067,0.2560586095879144,0.0013970720933187,2.0,2
RC3H1,0.026047232244776272,-0.2714461314773247,0.0,0.0,2
VPS39,0.026034328663207363,-0.2713287163616763,0.0,0.0,2
KIAA0100,0.02603369788831346,0.2713229766756271,0.0,0.0,3
EDC3,0.026022506035843884,0.2712211373029679,0.0,0.0,4
INPP5E,0.02601996869821331,-0.2711980490007208,0.0,0.0,3
FLOT1,0.026006548213713544,0.2710759303679069,0.0,0.0,1
SAP130,0.02600617582586516,0.2710725418542566,0.0,0.0,4
C6orf47,0.026002385725618696,0.2710380541380841,0.0,0.0,2
RSL24D1,0.02600035075058709,-0.2710195370444073,0.0,0.0,3
DPH5,0.025994247964790003,0.2709640052297467,0.0,0.0,3
TTC4,0.025991505437236107,0.2709390498180891,0.0,0.0,4
MPHOSPH10,0.025980032734576945,0.2708346548714356,0.0,0.0,4
SMAD5-AS1,0.025963965094318305,0.2706884486550382,0.0,0.0,1
DTNA,0.025963910434931094,-0.2706879512862855,0.0,0.0,3
FRYL,0.025956057808856705,-0.2706164969389987,0.0,0.0,4
ZNF460,0.025946716265268902,-0.1015260034915135,0.0153289017277181,-5.0,1
POLD4,0.025945675800211215,0.2705220266758967,0.0,0.0,2
TAP2,0.025939248343664897,-0.2704635405455397,0.0,0.0,2
CDC42EP4,0.02593800286605493,-0.2704522074209471,0.0,0.0,4
PPP2R3C,0.02593566217969251,-0.270430908531296,0.0,0.0,4
ZBTB38,0.02592277132804969,-0.270313609250599,0.0,0.0,2
FCER2,0.025910607458486085,0.2702029250855929,0.0,0.0,2
IL18BP,0.025899339527894163,-0.2701003934461017,0.0,0.0,1
RALGAPB,0.02589582608472875,0.2700684231490653,0.0,0.0,2
PQLC1,0.0258932145999935,-0.2700446601511282,0.0,0.0,4
GFM1,0.025892647338557888,0.2700394984007483,0.0,0.0,3
PUS3,0.025887344981031932,0.2699912500195687,0.0,0.0,1
TMEM223,0.025883756033374495,0.2699585926754039,0.0,0.0,4
MRPL49,0.025880873433361207,0.269932362685527,0.0,0.0,4
CABIN1,0.02587491530653336,-0.2698781471836678,0.0,0.0,2
WRAP73,0.02585842307380923,0.269728077421853,0.0,0.0,4
MMP2,0.025858101564112477,0.2697251518699026,0.0,0.0,1
ZNF271,0.025857699178342623,-0.2697214903925484,0.0,0.0,4
ARFIP2,0.025840363789705823,0.269563748400472,0.0,0.0,3
RFNG,0.02583686800775407,0.2695319388102466,0.0,0.0,3
KATNA1,0.025835748527037048,-0.2695217521843743,0.0,0.0,4
LTK,0.025833644487551825,-0.2695026066441871,0.0,0.0,2
STAB1,0.025825810144489703,-0.2694313186617184,0.0,0.0,3
PRSS23,0.025818684867925955,-0.2693664827735356,0.0,0.0,2
SNRNP70,0.025809042587097014,0.2636947007631119,0.000506476112426,1.0,2
AKR1C4,0.025802251863775397,0.2692169519574219,0.0,0.0,2
HCRP1,0.025799572901904894,0.2691925749566518,0.0,0.0,1
ITGB1BP1,0.025789350719738965,-0.2690995590219067,0.0,0.0,2
STMN3,0.025778980716151815,0.2690051979978796,0.0,0.0,2
MAP4K5,0.025747001041370777,0.2687142014871231,0.0,0.0,1
GCNT2,0.02574475645173892,-0.2686937770220395,0.0,0.0,2
CDH18,0.02573687971959621,0.2686221033234986,0.0,0.0,3
TXN2,0.025721212189710924,0.2684795378796657,0.0,0.0,4
KEAP1,0.025718964039082172,0.2684590810115737,0.0,0.0,3
THAP7,0.0257148586193572,0.26842172407085,0.0,0.0,3
SLC25A16,0.025714101340116337,0.268414833268543,0.0,0.0,1
VAMP1,0.02570700250973751,0.1787987930573158,0.0081223710122187,2.0,2
MILR1,0.02569981644357657,-0.2682848489870251,0.0,0.0,2
PDSS1,0.025698981567162903,0.2682772520954071,0.0,0.0,1
SEC22B,0.025698824265544318,0.2682758207418221,0.0,0.0,1
DFNB31,0.02569426968445654,0.2682343766929512,0.0,0.0,4
HOXB3,0.025691794743910347,0.2682118561680177,0.0,0.0,3
TP73,0.025690117078433012,0.2681965903842515,0.0,0.0,3
ERLIN2,0.025672787472758987,0.2680389010137856,0.0,0.0,2
RHOT1,0.02567277303889644,-0.2680387696739997,0.0,0.0,3
ATG13,0.0256612673476108,0.2679340745499596,0.0,0.0,3
AKR7A2,0.025649266097913098,0.2678248701315076,0.0,0.0,4
APOBEC3C,0.025644830547787954,0.2677845091954274,0.0,0.0,2
ATP2A2,0.02564430168107041,0.2677796968147352,0.0,0.0,3
CLCNKB,0.025640669518032982,0.2677466462356525,0.0,0.0,4
DPYSL4,0.02564004189607393,0.2677409352394835,0.0,0.0,3
ICAM5,0.025638384967895247,-0.2677258581531194,0.0,0.0,3
CPSF3L,0.02563745797304427,0.2677174230370974,0.0,0.0,4
SLC9A6,0.025633904047731075,-0.2676850843759725,0.0,0.0,1
FAM32A,0.02563013473803042,-0.2676507858417203,0.0,0.0,3
ELL2,0.025629384368515213,-0.2676439579139131,0.0,0.0,1
HGS,0.025626928782105683,0.267621613500409,0.0,0.0,3
WDR74,0.02562144207059639,0.2675716876047999,0.0,0.0,4
TCP11L1,0.02562003891796432,0.2675589197288666,0.0,0.0,4
TFAP4,0.025615020887500006,0.2675132585592023,0.0,0.0,3
CSF1,0.02561093772845159,-0.267476104177737,0.0,0.0,3
SNRPN,0.02560302560094593,-0.2674041084019021,0.0,0.0,3
HIVEP3,0.025601481397891878,-0.2673900570488566,0.0,0.0,4
SLC25A17,0.025590026237300313,0.267285821724854,0.0,0.0,4
RBMX2,0.0255830194322024,0.2672220638583652,0.0,0.0,4
RALY,0.025572906865736964,0.2671300453629808,0.0,0.0,1
TMEM134,0.02556862592152127,0.2670910912510944,0.0,0.0,4
ZFYVE16,0.025566061166830287,-0.2670677534694837,0.0,0.0,3
TSPYL4,0.025551796941752192,-0.2669379572862895,0.0,0.0,2
TDRD12,0.025542592895908794,0.2668542058021481,0.0,0.0,2
METRN,0.025537073138171863,0.2668039792050152,0.0,0.0,1
RAB5C,0.02553541988115909,0.2667889355241337,0.0,0.0,1
SMAD4,0.025535258779184285,-0.2667874695895091,0.0,0.0,4
ABCD1,0.02552244933908406,0.266670911106678,0.0,0.0,4
CCDC121,0.025514289076878208,-0.2665966574488463,0.0,0.0,3
COG7,0.025512215348033267,0.266577787717923,0.0,0.0,3
TSC22D4,0.02549039008508237,0.1444226214899162,0.0110615356457569,2.0,2
C5orf45,0.02548448369434237,-0.2663254457376868,0.0,0.0,2
TLX3,0.025480833351114954,0.2662922297294092,0.0,0.0,2
SAP30,0.025480521250127015,0.2662893897912574,0.0,0.0,2
TLR6,0.02547741449466419,0.2662611201166704,0.0,0.0,1
LY6G6C,0.025459645658890438,0.2660994340067969,0.0,0.0,2
GTF3A,0.025459592301417124,0.2660989484847063,0.0,0.0,3
ZMPSTE24,0.02544878676223919,0.2660006243391623,0.0,0.0,3
RASGRP3,0.025445910968810825,-0.2659744562852643,0.0,0.0,3
ARHGEF18,0.025445534054925643,-0.2659710265873016,0.0,0.0,3
BRD3,0.025442063490137966,-0.2659394464586579,0.0,0.0,1
RFXAP,0.025442048937325837,-0.2659393140364998,0.0,0.0,4
WDR59,0.02543390360989033,0.2300354895873042,0.0032497763837534,1.0,4
LRP6,0.02542588127924314,-0.2657921977158561,0.0,0.0,2
LMAN2,0.025423849045877994,0.2657737055697555,0.0,0.0,4
POLR2C,0.025409204972495072,0.2656404529870801,0.0,0.0,2
HCRTR1,0.02539594377149318,0.2655197837418044,0.0,0.0,3
PRRG2,0.025389344348499817,0.2654597328164206,0.0,0.0,4
PTEN,0.02537672543095423,-0.2653449079784436,0.0,0.0,4
SERF1A,0.02536696216943215,-0.2652560679556485,0.0,0.0,2
JAK3,0.025361511696846712,0.2652064718132488,0.0,0.0,2
REC8,0.025349388045879464,-0.265096153614166,0.0,0.0,2
HMG20A,0.02534927253980293,-0.2650951025757964,0.0,0.0,2
NPRL3,0.025343535515441152,0.2650428989782666,0.0,0.0,4
ABCF2,0.025342642075142575,0.2650347691892292,0.0,0.0,3
ZNF507,0.025334810801741887,0.2649635091389009,0.0,0.0,4
CDHR1,0.02532725336622346,0.2648947408546332,0.0,0.0,2
NAB2,0.025326271371783282,0.2648858052742175,0.0,0.0,1
MMADHC,0.02532432911381846,0.2648681318521261,0.0,0.0,2
SARS,0.025323727028085694,-0.2648626532208201,0.0,0.0,3
AMPD2,0.025323411513497755,0.2648597822208862,0.0,0.0,2
TRAF5,0.02531606880472985,0.2647929678256307,0.0,0.0,3
NDUFB4,0.025294062687048688,0.2645927249055773,0.0,0.0,3
MCAT,0.025264328384941744,0.2643221599851351,0.0,0.0,3
SSBP3,0.025261301570700667,-0.2642946177293463,0.0,0.0,1
FAM53C,0.025254771592418256,-0.2642351987105943,0.0,0.0,4
CACNA1A,0.025252571790289544,0.2642151817858384,0.0,0.0,1
HAUS2,0.02525171837331042,-0.2642074161858176,0.0,0.0,2
MPRIP,0.02524600202475837,-0.2641554007261763,0.0,0.0,4
MAP1LC3B,0.025232946203777265,-0.2640366003200879,0.0,0.0,4
FCGR2A,0.02522373117329627,-0.2639527488821091,0.0,0.0,3
DDX23,0.025219964683629432,0.2639184760085307,0.0,0.0,4
SPEN,0.025219451485219452,-0.2639138062003587,0.0,0.0,2
EPHA3,0.02521376266367126,-0.2638620412205028,0.0,0.0,2
SH3BP4,0.025205853717615467,0.2637900743940183,0.0,0.0,4
NENF,0.025205845072010454,0.2637899957240221,0.0,0.0,3
IL5RA,0.025203182676744627,-0.2637657694697555,0.0,0.0,3
RBM41,0.025201794872412683,0.2637531412544602,0.0,0.0,4
ZFHX3,0.025186242994534674,-0.2636116281768821,0.0,0.0,1
MAPK8IP1,0.025181112859942352,0.1203459452990991,0.0129900513343763,1.0,2
VPS4A,0.02517452148896766,-0.2635049692679292,0.0,0.0,1
TOPORS,0.025171269477483008,-0.2634753778477083,0.0,0.0,2
ANP32A,0.025159452508877262,-0.2633678502804164,0.0,0.0,2
KIFC3,0.025138910318461535,-0.2631809282502457,0.0,0.0,2
LHX1,0.02513881797450571,0.1532313551249231,0.0099724175398912,1.0,3
ZDHHC24,0.025134019927231875,0.2631364285236597,0.0,0.0,4
ARSJ,0.02512924877729963,-0.2630930138237891,0.0,0.0,1
RNF115,0.025127124868738433,-0.2630736874865231,0.0,0.0,1
OR7E156P,0.025125331443791202,-0.2630573683586545,0.0,0.0,3
TGM5,0.02512163588011396,0.235345022723807,0.0025104767210655,1.0,3
RPS6KB1,0.025118037089553336,0.2629909939616047,0.0,0.0,3
SNED1,0.02510618291237141,-0.2628831278178291,0.0,0.0,2
JPH2,0.025100493527522832,-0.262831357712266,0.0,0.0,4
RBM42,0.02508287064546253,0.262670999696616,0.0,0.0,3
KHSRP,0.025080137141134676,0.2626461263910871,0.0,0.0,2
TMSB4X,0.025078681762892855,-0.2626328832923658,0.0,0.0,4
SCFD1,0.025071427289078914,0.1933718917225179,0.0062760271533729,1.0,3
ACIN1,0.025070177993780907,0.1794689146160805,0.0075360046363661,-1.0,3
ALDH1L1,0.025041478417343468,0.262294354404331,0.0,0.0,2
MUSK,0.025035859468443042,-0.2622432252250839,0.0,0.0,2
PAQR6,0.025034284069656774,0.2622288900089508,0.0,0.0,1
ARL2,0.025033140971551,-0.2622184884785253,0.0,0.0,4
PCNP,0.025032641122871957,-0.2622139401451697,0.0,0.0,2
ANXA6,0.025030782080367856,-0.2621970239355539,0.0,0.0,4
SF3A2,0.0250223203569941,0.2621200271557677,0.0,0.0,1
WDR60,0.025020717930760043,-0.26210544600552,0.0,0.0,2
GBAP1,0.025016162211058745,0.2620639915959258,0.0,0.0,4
CA8,0.025004903318908214,-0.2619615422010142,0.0,0.0,1
SEL1L,0.02499583788154795,0.2618790519737564,0.0,0.0,4
PROCR,0.02498028219122908,-0.2617375042051755,0.0,0.0,1
CHRNA6,0.024980124835940924,0.2617360723632285,0.0,0.0,3
DDX58,0.024979788423269512,-0.2617330112028438,0.0,0.0,2
C9orf16,0.024970005934612273,0.2616439962242594,0.0,0.0,3
TIA1,0.024962711396845406,0.261577620157202,0.0,0.0,2
MTA2,0.02495306939667791,0.261489883542472,0.0,0.0,2
FTCD,0.024950893241954042,0.2614700817953983,0.0,0.0,4
ZFP30,0.024947880690712895,0.2614426693246446,0.0,0.0,2
SIGLEC9,0.024947606018822833,-0.2614401699695962,0.0,0.0,2
TSHZ2,0.024938042108986327,0.2613531439316309,0.0,0.0,3
ARL15,0.024925953280645074,-0.2612431425982676,0.0,0.0,2
CEBPZ,0.024918380817059278,0.2611742375672945,0.0,0.0,2
ALMS1,0.02490328886660393,-0.2447313044789094,0.0014789283871093,-1.0,1
IL17RC,0.02490141820799444,0.261019887653326,0.0,0.0,1
DDX24,0.02489444158725021,-0.2609564044469663,0.0,0.0,2
G3BP2,0.024893195095603442,0.2609450620952263,0.0,0.0,2
CORIN,0.02489129233622212,-0.2609277480873583,0.0,0.0,1
OGFOD2,0.024890726757133965,0.2609226016453655,0.0,0.0,4
PLCD1,0.024882714288279158,-0.2608496928213935,0.0,0.0,2
AGGF1,0.024880203756679084,0.2608268484384919,0.0,0.0,3
BMP2K,0.024870626448839698,-0.2607397004864635,0.0,0.0,2
ADIPOR1,0.024867333672333312,0.260709738128165,0.0,0.0,2
DCLRE1B,0.024865052201467057,-0.2606889780652182,0.0,0.0,1
ZNF205,0.024860556637655996,0.2606480710393695,0.0,0.0,2
ZNF75D,0.024857902171309152,-0.2606239169336714,0.0,0.0,2
AQP7,0.024856480673301214,0.2606109821254474,0.0,0.0,1
SLC6A20,0.02485541413106036,-0.2606012772090345,0.0,0.0,2
KCNA4,0.024854767433905096,-0.2605953926396326,0.0,0.0,2
BAG2,0.024853648946515716,-0.2605852150524663,0.0,0.0,2
SRP72,0.024848681464406254,0.2605400138435423,0.0,0.0,3
PCMT1,0.024840078977738354,-0.2604617361993409,0.0,0.0,2
YLPM1,0.024834612018737337,0.260411990040112,0.0,0.0,2
TOP3B,0.024832815303799598,0.2603956409752361,0.0,0.0,2
MID2,0.024830274018351476,-0.2603725167501368,0.0,0.0,3
SH2D2A,0.024824131480120196,-0.2603166232113585,0.0,0.0,1
COPS2,0.024810253543142837,-0.2601903420260569,0.0,0.0,1
PSMB6,0.024809612211350376,0.2601845062783477,0.0,0.0,2
CD9,0.0248076214066737,-0.2601663911093075,0.0,0.0,3
NXF1,0.024806201966642905,-0.2601534750274831,0.0,0.0,4
MRS2,0.024799822047907275,0.2600954214636589,0.0,0.0,4
S1PR2,0.024794524802772097,-0.2600472196022731,0.0,0.0,3
OPHN1,0.024774054809004513,0.2598609545197681,0.0,0.0,2
PIGO,0.024770115283697415,0.2598251071221241,0.0,0.0,3
CCDC15,0.024768352862430034,0.2598090701097779,0.0,0.0,4
MED14,0.02476379538842301,0.2597675997370181,0.0,0.0,4
SIM2,0.024758997217214886,0.2597239391591937,0.0,0.0,3
ATP1A3,0.024752498722835366,0.2596648066257155,0.0,0.0,1
CAPRIN1,0.02474467222526311,0.2595935900326587,0.0,0.0,3
ECI1,0.0247401197025449,0.2595521647137582,0.0,0.0,4
KRT8P12,0.024736117442969007,0.2595157464706178,0.0,0.0,3
ARIH2,0.024735769360730627,-0.2595125791239353,0.0,0.0,4
SUPT7L,0.02472958958889887,-0.2594563467809667,0.0,0.0,3
LRRC40,0.024719002782540977,-0.2593600129773463,0.0,0.0,1
RNASEH1,0.024703983796913867,0.2592233489104815,0.0,0.0,3
CLMN,0.024699310802918317,-0.259180827372761,0.0,0.0,3
NPPA,0.02469799724510955,0.2591688747578065,0.0,0.0,2
RRP12,0.024693878772639604,-0.2591313990446666,0.0,0.0,1
MCF2L-AS1,0.02468903221848817,0.2590872982100923,0.0,0.0,2
TP53AIP1,0.02468157293282946,0.2590194230326778,0.0,0.0,2
CHRNE,0.024680487628969985,0.2590095473964063,0.0,0.0,3
GYPE,0.02467295172978318,-0.2589409750802778,0.0,0.0,4
PRLR,0.02466627217696598,0.2588801950199261,0.0,0.0,4
SRRD,0.024666228606079782,0.2588797985501077,0.0,0.0,4
ZNF804A,0.024661072127892297,-0.2588328775863823,0.0,0.0,3
ZNF85,0.02465880148471154,0.2588122160490997,0.0,0.0,4
POLDIP3,0.024656082983765384,-0.258787479265651,0.0,0.0,1
COG5,0.02465435722368336,0.2587717758488492,0.0,0.0,3
PPA2,0.024644201301098508,0.2586793628378996,0.0,0.0,2
CDX1,0.02463332360121747,0.2585803820717689,0.0,0.0,2
TMEM126B,0.024633065062209206,0.2585780295165971,0.0,0.0,1
XIAP,0.02462875682884904,0.258538827089308,0.0,0.0,4
UBAC1,0.024618811347364426,-0.2584483289704362,0.0,0.0,2
RAPSN,0.02461627629561502,0.080627979218704,0.0161263226060958,4.0,1
ST8SIA2,0.024615588330376102,0.2584190013833318,0.0,0.0,4
BAIAP2,0.02461548119638594,-0.2584180265260972,0.0,0.0,3
C3orf27,0.0246041921855431,0.258315303068537,0.0,0.0,2
KIAA1731,0.02459902050244837,0.2582682437489658,0.0,0.0,4
CD99,0.02458843445582872,-0.2581719168585232,0.0,0.0,3
ASNSD1,0.02458402053743009,-0.2581317527586204,0.0,0.0,2
GDI2,0.024581905697516563,0.2510024644368621,0.0006448853996153,1.0,2
EFHD2,0.024575166019895074,-0.2580511817795606,0.0,0.0,3
SKAP2,0.024570338052821446,-0.2580072500766245,0.0,0.0,4
PLEKHH3,0.02456922124912039,0.2579970878100464,0.0,0.0,3
SLC39A1,0.02456278180105577,0.257938492563821,0.0,0.0,2
WAS,0.024560286382905083,-0.2579157857045518,0.0,0.0,3
EDC4,0.02456009325266734,0.2579140283312924,0.0,0.0,1
MTMR12,0.024538966359099804,-0.2577217858412305,0.0,0.0,3
GUCA2B,0.024534436372140794,0.257680565584681,0.0,0.0,1
PPP3R1,0.024528938931194327,0.2576305420574105,0.0,0.0,3
CARD14,0.02452880143223116,0.2576292908965157,0.0,0.0,4
CREG1,0.02452536155796779,-0.2575979900338604,0.0,0.0,1
KIAA0922,0.024519582489091696,-0.2575454038556119,0.0,0.0,1
SEMA3A,0.024510058324085284,0.2574587394725714,0.0,0.0,2
GLB1,0.024506342355153754,-0.2538676237928695,0.0003226495211133,1.0,1
PEX1,0.02450555019454319,0.2574177181058512,0.0,0.0,3
POPDC2,0.024501280829951108,-0.2573788693618302,0.0,0.0,4
REPIN1,0.024491403639513267,0.2572889926519146,0.0,0.0,4
CENPB,0.024486645239885144,0.2572456939724237,0.0,0.0,1
DMTF1,0.02448563678507618,-0.2572365176179838,0.0,0.0,2
CLIP1,0.02445166646356402,-0.2569274073754001,0.0,0.0,4
RLN1,0.024442537873004763,0.2568443424906239,0.0,0.0,2
TMBIM6,0.024438733106627978,0.2568097213211633,0.0,0.0,1
SLC12A6,0.02443793002281461,-0.2568024137237867,0.0,0.0,3
NUP133,0.024429503838951608,0.256725740332956,0.0,0.0,3
COQ6,0.024427782173849256,0.2567100741780965,0.0,0.0,2
NLGN4Y,0.02441755956781149,0.2566170543863633,0.0,0.0,1
ZBTB22,0.024412725191218253,-0.2565730643605126,0.0,0.0,2
GOLGA1,0.02440208272774912,0.2564762241094289,0.0,0.0,2
CD300A,0.02439923942865774,-0.2564503517351695,0.0,0.0,2
DEFA4,0.024389409944002717,-0.2563609091202358,0.0,0.0,2
MYL6,0.024387444325885018,-0.2563430231342886,0.0,0.0,4
RARS,0.024384276403913805,0.2563141968799166,0.0,0.0,3
RAB32,0.024377107673916428,-0.2562489655906657,0.0,0.0,3
MRPS18B,0.024373111299798817,0.2562126009017855,0.0,0.0,3
C17orf85,0.024371511647680193,-0.2561980449943808,0.0,0.0,4
UBAP2,0.024367811497843016,0.2561643757748135,0.0,0.0,3
MMP25,0.024366797355190945,-0.256155147664297,0.0,0.0,3
CCT8,0.024366467869298174,0.2561521495335844,0.0,0.0,5
OXA1L,0.024364573412059227,0.2561349110704016,0.0,0.0,3
GRAP,0.024362829149618303,-0.2561190392928545,0.0,0.0,3
MAGOH,0.024361740655270536,0.2561091346249882,0.0,0.0,2
EIF3C,0.02435805849582262,0.2560756291075391,0.0,0.0,4
ZBTB5,0.024349381428193075,0.2559966728198006,0.0,0.0,2
AASDHPPT,0.024346869116181877,0.2559738122361894,0.0,0.0,4
ETHE1,0.024344487356108033,-0.2559521395995634,0.0,0.0,3
NPC1L1,0.02434070815983476,0.2559177511032289,0.0,0.0,4
DDX10,0.024340263984458998,0.2559137093646748,0.0,0.0,4
CRNN,0.024335745097834788,0.2558725901147402,0.0,0.0,2
HINFP,0.024332677347286082,0.2558446753622714,0.0,0.0,3
ADAM19,0.02431642029171818,0.2556967455763113,0.0,0.0,2
LFNG,0.024315860701406993,0.2556916536287188,0.0,0.0,1
GP6,0.024308594784840373,-0.2556255379979999,0.0,0.0,2
UTY,0.02430748495083119,-0.2556154391515794,0.0,0.0,2
SIGLEC7,0.024306376780997667,-0.2556053554481932,0.0,0.0,2
TMEM212,0.024306061454622083,-0.2531067539957971,0.0002263644388898,1.0,3
SMARCA5,0.024299088255447087,-0.2555390340888204,0.0,0.0,5
MEFV,0.024297817256787414,-0.2555274687374629,0.0,0.0,1
ARPC5L,0.02429718892062202,0.2555217512424301,0.0,0.0,3
ZNF764,0.0242944937920913,0.2554972271344193,0.0,0.0,2
CEP250,0.0242845538400451,0.2554067793302332,0.0,0.0,4
BAI1,0.024279246797550426,0.2553584883185528,0.0,0.0,4
WNT7A,0.024277814585689346,-0.2553454560204731,0.0,0.0,1
PEX7,0.024276520559412283,0.2553336811311401,0.0,0.0,2
VPS52,0.024268759029724387,0.2552630557081871,0.0,0.0,3
ZBED4,0.02426481683431295,0.2552271840141407,0.0,0.0,3
EFCAB2,0.02424471341042215,-0.2550442545051155,0.0,0.0,1
TAF4,0.02424040810493808,0.2550050787198024,0.0,0.0,4
RPL17,0.024239284687275174,0.2549948562700037,0.0,0.0,2
RAB6A,0.024232784703324364,-0.2549357101822899,0.0,0.0,2
ERCC2,0.02422536630020732,0.2548682070123163,0.0,0.0,4
ARHGEF9,0.024222000926445653,0.2548375840610592,0.0,0.0,2
DYNLT3,0.024216034452296524,-0.254783292603413,0.0,0.0,2
NOL12,0.02421076236804195,-0.2547353196914619,0.0,0.0,2
PDHX,0.024190332459656846,0.2545494193627111,0.0,0.0,2
TLN1,0.02418442426146076,-0.2544956581824711,0.0,0.0,3
RB1,0.024184352068604125,-0.2544950012693059,0.0,0.0,3
ERP29,0.024176451111919406,0.254423107141469,0.0,0.0,2
ALPP,0.024172368177270802,-0.2543859548019119,0.0,0.0,3
CYFIP1,0.02417133010951222,-0.2543765089867889,0.0,0.0,2
ZNF24,0.024164182344002902,-0.254311468462232,0.0,0.0,4
PPIL6,0.024157583499915602,-0.2542514228045579,0.0,0.0,3
CDC16,0.024152955163402448,-0.2542093076240517,0.0,0.0,3
PARG,0.0241468395211865,0.2541536588234288,0.0,0.0,3
UBP1,0.02413541946753999,-0.2540497429522844,0.0,0.0,4
RNF40,0.024135375771408007,0.2540493453428019,0.0,0.0,4
CHD7,0.024132143325043008,0.2540199319538333,0.0,0.0,2
VCY,0.024121095932005267,0.2539194070783007,0.0,0.0,3
ZMIZ1,0.024118880193210096,-0.2538992451391141,0.0,0.0,4
CDC14A,0.024118569046876717,-0.2538964138877656,0.0,0.0,4
TMEM123,0.02411348231286251,0.2538501275556057,0.0,0.0,2
TRIM5,0.02407565938677821,-0.2535059608437023,0.0,0.0,2
GPATCH2,0.02407191154772578,0.2534718576799084,0.0,0.0,3
PTPN4,0.024067327931115032,-0.2534301494246023,0.0,0.0,3
PPP2R1B,0.0240670655574672,0.2534277619764323,0.0,0.0,2
UBE2V2,0.024062249420339424,0.2533839379191489,0.0,0.0,2
COX8A,0.02405449068826192,0.2533133379528295,0.0,0.0,4
ABHD3,0.024047594075324565,0.253250582771154,0.0,0.0,3
RGS11,0.02403818364635191,-0.2531649533201194,0.0,0.0,3
LRRC41,0.024034948732086076,0.2531355174746832,0.0,0.0,4
POLR1B,0.024026044306565675,0.2530544923618743,0.0,0.0,4
AGFG1,0.02400160732746396,-0.2528321300113902,0.0,0.0,4
CD79B,0.024000871986313323,0.2528254388329928,0.0,0.0,1
PLEKHM2,0.02398828790952641,-0.2527109310257322,0.0,0.0,3
PHC3,0.023985780265215622,0.2526881129154902,0.0,0.0,2
NLRX1,0.02397781769579223,0.2526156581474312,0.0,0.0,1
CEPT1,0.023967952698632358,-0.2525258923892801,0.0,0.0,1
CGGBP1,0.023967864571367792,-0.2525250904822355,0.0,0.0,4
VEZT,0.02396770752234292,0.2525236614271069,0.0,0.0,1
TMEM115,0.02396007435776306,-0.2524542040522594,0.0,0.0,2
FTO,0.023952378485474223,-0.2523841760735944,0.0,0.0,4
A1CF,0.023949938267990536,0.2523619715084104,0.0,0.0,1
NR1I2,0.023946181857186534,0.2523277903466438,0.0,0.0,3
PLXDC1,0.02394354651401221,0.2523038102507353,0.0,0.0,1
ASB1,0.023921757904985654,-0.2521055465334093,0.0,0.0,3
B4GALNT1,0.02391956955901351,0.2520856338530402,0.0,0.0,3
RABL3,0.02390809586984583,0.2519812299297308,0.0,0.0,2
PPIE,0.023906650214345918,0.2519680753023273,0.0,0.0,4
POLR2F,0.02390029483765572,0.2519102450568963,0.0,0.0,4
YIPF4,0.023894765477881982,-0.2518599310867921,0.0,0.0,2
NGF,0.023894610441314454,0.2518585203438593,0.0,0.0,1
ZC4H2,0.023894294312501438,-0.2518556437548331,0.0,0.0,4
EFTUD1,0.02388603628418031,0.2517805004820003,0.0,0.0,3
ZC3H7A,0.023883586279682515,-0.2517582068606587,0.0,0.0,4
OR10J1,0.02388301463239137,0.2517530052015347,0.0,0.0,2
DAB1,0.023880222707985708,0.2517276003071477,0.0,0.0,3
COX6A1,0.023879808780337478,0.2517238338053879,0.0,0.0,4
EEF1D,0.023873117315408567,0.2516629453517218,0.0,0.0,1
IFT20,0.023861906344438303,0.251560932011784,0.0,0.0,3
ISOC1,0.02384160320529107,-0.2513761852096448,0.0,0.0,2
DENND5B,0.023837708133231682,0.2229050486619794,0.0025791348636308,1.0,2
GOLGA2P5,0.023819058141738583,-0.2511710381944398,0.0,0.0,1
ZMYM6,0.023810520984868456,-0.2510933550135445,0.0,0.0,2
UXT,0.023792353313280765,0.2509280397288587,0.0,0.0,3
ACSBG1,0.02379053698293609,-0.2509115121751453,0.0,0.0,4
HIVEP1,0.023777506758901005,-0.2507929446864342,0.0,0.0,2
C7orf49,0.02377583578099475,0.2507777397556899,0.0,0.0,4
FBXL18,0.023771748407725352,0.2507405470272554,0.0,0.0,4
PAX4,0.023770653996248635,0.2507305885169442,0.0,0.0,2
CDR2,0.02376527032557494,0.2506816002332348,0.0,0.0,2
UBE2A,0.023764938016094632,0.2506785764095117,0.0,0.0,5
HTR2C,0.023758833555748832,0.2506230293574281,0.0,0.0,3
ZMYM4,0.02375299052945569,0.2505698612037428,0.0,0.0,4
GDAP2,0.023749570995187565,0.2505387454232588,0.0,0.0,2
SIGLEC6,0.02374414526925736,-0.2495105855627656,8.877675371531113e-05,1.0,4
ATG14,0.023741836969252614,0.2504683702685213,0.0,0.0,1
KIF3B,0.02372642106497647,0.250328094471934,0.0,0.0,2
PLCH2,0.023726093379203683,0.2503251127212702,0.0,0.0,3
CTH,0.02371781211920527,0.2502497580536351,0.0,0.0,1
CNN2,0.02371382900825571,0.2502135140518992,0.0,0.0,2
RWDD2B,0.023711834199688378,0.2501953624497739,0.0,0.0,2
EDDM3A,0.023710678047515026,0.2501848421348973,0.0,0.0,2
CAMK2B,0.023709976289284458,0.2501784565416138,0.0,0.0,4
RCAN3,0.023699248280145118,0.2500808378744983,0.0,0.0,3
CHST10,0.023680230132859924,-0.2499077837537502,0.0,0.0,1
CHTOP,0.023678309889462103,0.2498903106514627,0.0,0.0,4
HNRNPH3,0.02367773293951023,-0.2498850607411986,0.0,0.0,2
PGLS,0.02366437544090082,0.2497635152434915,0.0,0.0,2
JOSD1,0.02365979614711553,-0.2497218463233923,0.0,0.0,3
PIK3CD,0.02365565817837345,-0.2496841932054726,0.0,0.0,3
AP3B2,0.02365289369864908,0.2496590380417833,0.0,0.0,2
TRIM44,0.02364470180043989,-0.2495844965146518,0.0,0.0,4
FCHSD2,0.023637901680343836,-0.249522619361922,0.0,0.0,4
LPCAT3,0.023637534665778403,-0.2495192797420331,0.0,0.0,3
PADI1,0.023637122931007237,0.249515533194184,0.0,0.0,4
PTCD3,0.02363642655204093,-0.2495091965490884,0.0,0.0,3
ZNF140,0.023635786244882957,-0.2495033701249594,0.0,0.0,2
FAM134C,0.023629732514728125,0.2494482846882194,0.0,0.0,3
RPP38,0.02362142870065822,0.249372724791602,0.0,0.0,1
UQCRB,0.023617588589458432,-0.2493377820047317,0.0,0.0,2
XPNPEP1,0.02360048818247548,0.2491821782095516,0.0,0.0,2
RHOBTB3,0.023595322245486994,0.2491351711762178,0.0,0.0,2
EIF3J,0.023585169300782215,0.2490427852622514,0.0,0.0,2
FUS,0.023580658558736287,0.24900174012326,0.0,0.0,2
TTLL4,0.023579165857822586,0.2489881574098502,0.0,0.0,4
INHBE,0.02357204825050296,0.2489233913073452,0.0,0.0,3
VPS26A,0.023564108210415113,-0.2488511415431856,0.0,0.0,5
NSMCE4A,0.023563078554548516,-0.2488417722714056,0.0,0.0,4
FCAR,0.02356102193373467,-0.2488230582136525,0.0,0.0,4
CIAPIN1,0.023560668357601202,0.248819840875708,0.0,0.0,4
PGD,0.02354114036797528,0.2486421474850735,0.0,0.0,3
KRI1,0.023532529387696354,0.2485637925539331,0.0,0.0,4
COPZ1,0.02352642087176904,0.2485082085984076,0.0,0.0,4
TBC1D12,0.0235145352083117,-0.2484000559477696,0.0,0.0,3
ZNF124,0.02351452269229351,0.2483999420592561,0.0,0.0,3
ARL17A,0.02350685072475209,0.2483301315999417,0.0,0.0,3
LMAN2L,0.023504014532001828,0.2483043238892689,0.0,0.0,4
C19orf73,0.023497084660870315,0.2482412660772971,0.0,0.0,2
COX5A,0.02349677944207845,0.2482384887631418,0.0,0.0,4
RBM12,0.023495469171988446,0.2482265660645231,0.0,0.0,1
LTN1,0.023489377786232078,0.2481711379836276,0.0,0.0,1
ERAP1,0.02348876224592282,-0.2481655369234714,0.0,0.0,2
HFE,0.02348652225348161,0.248145154290159,0.0,0.0,3
SLC25A30,0.023484886757704385,-0.2481302722262297,0.0,0.0,3
IMMT,0.02348285741167637,0.248111806353224,0.0,0.0,4
RALYL,0.023482447767582966,0.2481080788293311,0.0,0.0,1
RBM3,0.023477259740830755,-0.2480608707919467,0.0,0.0,2
EAF2,0.023476200014021037,0.2480512278920081,0.0,0.0,2
ZNF544,0.02346981349984737,0.2479931143135193,0.0,0.0,2
GRK4,0.02346942190258387,-0.2479895510053218,0.0,0.0,2
PRPH2,0.02346925471724053,-0.2479880297155684,0.0,0.0,4
PRKAB1,0.023468691010907552,-0.2479829003145626,0.0,0.0,1
MMD,0.023451209403963707,0.2478238278206143,0.0,0.0,1
TRMU,0.023431519666161263,0.247644662615294,0.0,0.0,4
PLEKHB2,0.023426608780868805,-0.2475999764046113,0.0,0.0,5
FAM90A1,0.023417047310592944,0.2475129725652343,0.0,0.0,3
URGCP,0.023414304401348975,0.2474880136804182,0.0,0.0,3
KLHL9,0.023402569645555697,-0.2473812342020838,0.0,0.0,4
RRP1,0.02338904287380444,0.2472581484168666,0.0,0.0,4
RNF220,0.023378607444777984,0.2471631920592508,0.0,0.0,4
PARK7,0.023378252747269884,0.2471599645174469,0.0,0.0,3
WBSCR16,0.023377598594048584,0.2471540121021643,0.0,0.0,4
PCDH1,0.023372016182054287,-0.2471032153875927,0.0,0.0,2
TTBK2,0.023371522978198073,-0.2470987275182747,0.0,0.0,3
HDAC5,0.023366439295930564,-0.2470524689552415,0.0,0.0,4
RAD9A,0.023359855217240523,0.2469925576541271,0.0,0.0,3
MPL,0.023357467945767634,-0.2469708348669632,0.0,0.0,1
MRPL22,0.02335393968488059,0.2469387297372457,0.0,0.0,3
IL13RA1,0.023347770443077114,0.2468825932114331,0.0,0.0,1
FADS2,0.023337783767034437,0.246791720245952,0.0,0.0,3
PIK3IP1,0.023334076254153416,-0.246757984026952,0.0,0.0,3
OXSR1,0.023332688535401238,-0.246745356590383,0.0,0.0,2
YIPF5,0.02332700636173145,0.2466936521023686,0.0,0.0,4
SEC63,0.023322196950069624,-0.2466498892429285,0.0,0.0,4
KLHL36,0.023314826336231116,-0.2465828209276994,0.0,0.0,3
FMOD,0.023310554611206707,-0.2465439507051119,0.0,0.0,1
RRN3,0.02330761478354786,0.2465171999768194,0.0,0.0,2
BAHD1,0.023305602752332653,-0.2464988916585777,0.0,0.0,3
PHACTR4,0.02330389721346461,0.2464833722431065,0.0,0.0,2
GON4L,0.02330123761765564,0.2464591714622752,0.0,0.0,4
SMARCD2,0.02330114847334432,0.2464583603006944,0.0,0.0,3
REV1,0.02330108010186211,-0.2464577381598223,0.0,0.0,2
PDCL,0.023284339092382464,-0.2463054046736792,0.0,0.0,4
JAK1,0.023279226589210538,-0.2462588838571153,0.0,0.0,4
RNF44,0.023268876186022597,0.2461647011853641,0.0,0.0,3
GDF11,0.023262618948405093,0.2461077639486306,0.0,0.0,3
POGZ,0.023256302756044376,-0.2460502902578936,0.0,0.0,1
COX7A2L,0.023253548669252857,0.2460252296638713,0.0,0.0,3
JMJD6,0.023250127147943122,-0.24599409580246,0.0,0.0,3
NEK4,0.023242236670437996,0.2459222970290855,0.0,0.0,2
TFPT,0.023234316328662952,0.2458502265081588,0.0,0.0,1
SPCS2,0.023234298158154636,0.2458500611670615,0.0,0.0,1
PQLC2,0.023231012928397927,0.2458201674798123,0.0,0.0,3
ZNF16,0.023225363387421538,0.2457687599303997,0.0,0.0,4
CDKN2AIP,0.023223486018962847,-0.2457516769652156,0.0,0.0,3
TPMT,0.02321946092685338,0.2457150509592494,0.0,0.0,3
TIMP4,0.023184567171419788,-0.2453975380030393,0.0,0.0,1
TTC17,0.02318436467977257,-0.2453956954463779,0.0,0.0,2
MRPS27,0.023175395938694016,0.1363972465093868,0.0098788240973771,3.0,4
PIN4,0.02316594132138094,0.245228053559927,0.0,0.0,3
C14orf79,0.023156538030583648,0.2451424890621522,0.0,0.0,2
MID1,0.023126771741674188,-0.244871633080341,0.0,0.0,2
MAPKAPK2,0.02312290680628415,0.2448364644077231,0.0,0.0,2
ZNF408,0.0231185584538535,0.2447968969201385,0.0,0.0,3
TBL3,0.023117200756074284,0.2447845426570286,0.0,0.0,4
PLXNB2,0.02311216186704764,0.2447386916865331,0.0,0.0,3
TTI2,0.02310899042624599,0.244709833412843,0.0,0.0,1
RAB8A,0.023099321754588224,-0.2446218541030056,0.0,0.0,3
GBE1,0.02309084237885817,-0.2445446966970053,0.0,0.0,1
UBB,0.023087912553800483,-0.2445180369865876,0.0,0.0,3
THAP1,0.023087568612048692,-0.244514907315934,0.0,0.0,1
PSMB8,0.0230875338322943,0.2445145908403212,0.0,0.0,1
RAD50,0.02308016389173688,0.2444475286515599,0.0,0.0,2
POP4,0.02306321578784975,0.2442933107263039,0.0,0.0,3
PSMA1,0.023062625189774238,0.2442879366260227,0.0,0.0,4
AFG3L2,0.023062264964405506,0.24428465878389,0.0,0.0,1
MAP2K2,0.023062125269280316,0.2442833876391933,0.0,0.0,3
HCRTR2,0.023055504588520574,-0.2442231432804527,0.0,0.0,4
ZNF259P1,0.023051847940312682,0.244189869900506,0.0,0.0,2
LOC441204,0.02304786418252899,-0.2441536200129543,0.0,0.0,4
DEF8,0.02303719598276022,-0.2440565455764561,0.0,0.0,3
TRAFD1,0.02303222063820877,0.2440112728238657,0.0,0.0,2
DIS3,0.02303169065465595,-0.2440064502806196,0.0,0.0,4
EMD,0.023028140779422595,0.2439741484728745,0.0,0.0,3
KRT20,0.02302053439553857,0.2439049347868417,0.0,0.0,2
ECD,0.023018632730507572,0.2438876307369276,0.0,0.0,4
SCLY,0.02301859109141784,0.2438872518453377,0.0,0.0,4
TMED10,0.023014458037588403,0.2438496434502752,0.0,0.0,3
C1QTNF9B-AS1,0.023013089565150417,0.2438371911440136,0.0,0.0,1
PSMF1,0.02300829241536798,-0.2437935398605711,0.0,0.0,4
RSL1D1,0.022996969297986475,0.2436905060532712,0.0,0.0,1
CBL,0.02299295461728319,-0.2238812909402239,0.001793394558318,-1.0,2
RRP7A,0.02298685518624451,0.2435984734967657,0.0,0.0,3
ABCA11P,0.02297368975166711,-0.2434786756704636,0.0,0.0,4
FOXO4,0.022973367431798838,-0.2434757427464218,0.0,0.0,4
GPR107,0.022962322528082908,0.2433752405222753,0.0,0.0,1
CXorf56,0.02296106575330557,0.2433638046000054,0.0,0.0,3
MMP16,0.02295891101204958,0.243344197703082,0.0,0.0,4
FAM172A,0.02295269694313732,-0.2432876532765533,0.0,0.0,1
PLAC4,0.022944300716686475,0.2432112524808152,0.0,0.0,2
MEGF8,0.022944218360347327,0.2432105030858481,0.0,0.0,2
XPNPEP3,0.022940401985965413,0.2431757762902668,0.0,0.0,4
PCDHGC3,0.02293922512657385,-0.1265966015349766,0.0105728314004464,-1.0,1
ZNF839,0.02292845330052519,0.2430670501761009,0.0,0.0,2
PIK3C2G,0.02292740146453134,0.2430574790780146,0.0,0.0,1
KCNQ1OT1,0.022925955027033148,0.2430443173348798,0.0,0.0,3
XKR8,0.022923472228487275,0.2034663254339632,0.0035876990417949,1.0,3
HOXD9,0.02292191730706504,0.2430075764227168,0.0,0.0,1
PPP1R11,0.022917285369022877,0.2429654284703834,0.0,0.0,2
CDK12,0.0229162947765496,0.2429564146528484,0.0,0.0,4
GMPR2,0.022913600524377842,0.2429318985191964,0.0,0.0,2
C10orf76,0.02290497514023518,-0.2428534125212419,0.0,0.0,3
SCAMP1,0.02289649453568073,0.2427762439336516,0.0,0.0,3
ATP2C1,0.02289466925960085,-0.2427596349789312,0.0,0.0,2
DBP,0.02289366133962204,0.2427504634911358,0.0,0.0,3
MYO1D,0.022892729977629665,0.2427419886366575,0.0,0.0,3
ACADS,0.022890546197615887,-0.2427221175038639,0.0,0.0,2
PASK,0.0228850592599902,0.2426721895507266,0.0,0.0,3
KDM4A,0.0228842042469177,0.2426644094271809,0.0,0.0,4
SLC29A2,0.022881747958228924,0.2426420586233426,0.0,0.0,4
RNF121,0.022868193992051054,0.2425187253846003,0.0,0.0,3
MGST2,0.022867343462393823,-0.2425109860575357,0.0,0.0,1
RNF34,0.022858070536818438,0.2424266078077437,0.0,0.0,1
PAIP2B,0.02285683344654372,-0.242415351003042,0.0,0.0,1
FXN,0.022856166245201967,0.2424092798574237,0.0,0.0,1
SDF4,0.022845528268078095,0.2423124804294824,0.0,0.0,4
PKN2,0.02284339787647272,-0.2422930951002708,0.0,0.0,1
CEP57,0.022842973379701585,0.2422892324256166,0.0,0.0,3
AXIN1,0.022841270480088206,0.2422737370258336,0.0,0.0,2
ASTN2,0.0228379902630312,0.2422438889512472,0.0,0.0,4
KCTD20,0.022836151867785558,-0.2422271606197199,0.0,0.0,1
DND1,0.022829220942612655,0.2421640932165822,0.0,0.0,2
TXNRD1,0.02282699428144272,0.2421438318901139,0.0,0.0,2
NAPG,0.022826487997573183,0.2421392250002535,0.0,0.0,1
GAP43,0.02282607410644534,0.2421354588308081,0.0,0.0,4
MAPK10,0.022818840397846245,-0.2420696362739316,0.0,0.0,3
L1CAM,0.02281318058274577,0.2420181352359429,0.0,0.0,2
NFRKB,0.022797881999336408,0.2418789269912649,0.0,0.0,3
DUSP26,0.02279106350568424,-0.2418168826498205,0.0,0.0,3
PDE1A,0.022787296238827907,-0.241782602704268,0.0,0.0,1
MGA,0.02278713468328087,0.2417811326423989,0.0,0.0,4
RABAC1,0.02278465205947886,0.2417585422042893,0.0,0.0,1
SPAG7,0.022781627688662195,-0.2417310221822469,0.0,0.0,4
KCNJ1,0.022776918691919005,0.2416881730403837,0.0,0.0,1
TCEB2,0.022770095001033958,0.2416260814071315,0.0,0.0,3
KPNA6,0.0227698619212147,0.241623960515828,0.0,0.0,3
ORC3,0.022764118912246094,0.2415717024618437,0.0,0.0,1
SERINC3,0.02276347018630367,-0.2415657994316542,0.0,0.0,4
ERCC6,0.02275159478125296,0.2414577401265726,0.0,0.0,3
ABL1,0.022747648141549667,-0.2414218279920454,0.0,0.0,2
NAA16,0.02274437957335676,-0.2413920859153727,0.0,0.0,2
SYT5,0.02273911907514368,0.1321502371046607,0.0099039611135256,1.0,3
CHD8,0.02273527041858509,0.241309197885002,0.0,0.0,3
PIAS4,0.022727067583266928,0.2412345568365161,0.0,0.0,3
CINP,0.022726366750677914,0.2412281796660344,0.0,0.0,2
THRA,0.022725944142891873,-0.24122433418005,0.0,0.0,4
SLC35D2,0.02272425113886067,-0.2412089288243311,0.0,0.0,3
ZDHHC17,0.022704630153195387,-0.2410303892236224,0.0,0.0,4
SCRN3,0.02270135411778114,0.2410005791995622,0.0,0.0,3
PHOX2A,0.02269567223253628,0.2409488773360475,0.0,0.0,1
PSME1,0.022691379031238895,-0.2409098116918198,0.0,0.0,1
DNAJC7,0.022689609644077985,0.2408937112938787,0.0,0.0,1
DDX42,0.022689348116368743,0.2291103259979476,0.0010685444324234,1.0,3
TMEM131,0.022686323494001126,0.2408638092322494,0.0,0.0,3
DDX52,0.022685881907412404,0.2408597910501573,0.0,0.0,3
RPS7,0.02268050910770791,0.2408109016859688,0.0,0.0,2
EHMT1,0.022674134456194154,0.2407528960508117,0.0,0.0,2
WDR70,0.0226717100847284,0.2407308356752093,0.0,0.0,4
NUDT2,0.02266799696234873,0.2406970484130219,0.0,0.0,1
CDHR5,0.022665467075337217,0.2406740279070912,0.0,0.0,3
NT5DC3,0.02266090941959969,0.2406325558806891,0.0,0.0,2
PRPF3,0.0226517837912684,0.240549517950471,0.0,0.0,3
IVNS1ABP,0.022643290701064845,0.2404722357507083,0.0,0.0,1
CSK,0.022638602379504786,0.2404295747410319,0.0,0.0,2
GNG10,0.022636433911703065,-0.2404098429404958,0.0,0.0,3
MGAT2,0.022623764914255766,0.2402945624044307,0.0,0.0,4
HABP4,0.022620258286946016,-0.2402626541277316,0.0,0.0,4
PTPN1,0.022610213792733355,-0.2401712550504048,0.0,0.0,4
DPF2,0.022607268884319354,0.2401444580901843,0.0,0.0,3
TLL2,0.02260075174544324,0.2400851559025902,0.0,0.0,4
MTF2,0.022585865494212168,0.23994969964182,0.0,0.0,1
PIH1D1,0.022581922881276594,0.2399138241485459,0.0,0.0,3
FOXN3,0.02257541306086101,-0.2398545885547021,0.0,0.0,3
LMO4,0.022566808606225085,-0.2397762930031319,0.0,0.0,2
TUBG2,0.0225663073358832,-0.2397717317334682,0.0,0.0,2
WDR62,0.02256588646876524,0.2231341545012124,0.0015086911133597,-1.0,4
PIPOX,0.022553504585246,0.2396552341208746,0.0,0.0,1
LRP1,0.022548200929577787,-0.2396069739273526,0.0,0.0,2
PDHA1,0.022544409123563848,0.2395724706896844,0.0,0.0,2
ELAC1,0.022542864790941797,-0.2395584181576452,0.0,0.0,3
CDC23,0.022533480765906142,0.2394730289671383,0.0,0.0,4
AMFR,0.022510354975225556,0.2392625976715541,0.0,0.0,1
TBC1D19,0.022492872021636523,0.2391035129239149,0.0,0.0,1
KCNC4,0.02248710397262957,-0.2390510270200904,0.0,0.0,4
DNTTIP2,0.02248179844909272,-0.2390027498300461,0.0,0.0,3
C1orf174,0.022477118535283742,0.2389601653260329,0.0,0.0,4
DHX15,0.022471863204136695,0.2389123448576532,0.0,0.0,3
MKS1,0.02247028722497206,0.2388980043604132,0.0,0.0,3
HERC3,0.022469970220150227,-0.2388951198002143,0.0,0.0,2
KIAA1456,0.02244824327939061,-0.2386974172283855,0.0,0.0,4
CAP1,0.022444926532079103,-0.2386672367496496,0.0,0.0,2
CHMP4A,0.022442721870186963,0.2386471756038624,0.0,0.0,1
DYNC1LI2,0.022439334246165073,-0.2386163501881296,0.0,0.0,2
DBI,0.022438659235842578,-0.2386102079853112,0.0,0.0,2
SNIP1,0.022438243433994535,-0.2386064244294191,0.0,0.0,1
ZNF556,0.022438048542001092,0.2386046510252036,0.0,0.0,3
DNAJA2,0.022436823372697295,-0.23859350269443,0.0,0.0,2
SH2D3A,0.022435858450462438,0.2385847224611907,0.0,0.0,1
IMPDH1,0.022432120184828708,0.2385507064099599,0.0,0.0,1
ZNF32,0.02242388502938249,-0.2384757712670357,0.0,0.0,2
PDE8A,0.022414204580987588,-0.2383876847957141,0.0,0.0,3
PEX3,0.022413194449066434,-0.238378493180525,0.0,0.0,2
RSU1,0.022413149859338937,-0.2383780874398411,0.0,0.0,4
NGRN,0.02240779670648774,0.2383293768506337,0.0,0.0,2
SCN8A,0.0224041144578909,0.2382958705219811,0.0,0.0,4
MYL12B,0.022403394806177486,-0.2382893221083716,0.0,0.0,4
UBQLN4,0.022396906378450664,0.2382302811756001,0.0,0.0,2
PRSS50,0.022395059858071668,0.2237513471852937,0.0013117242221849,1.0,3
OSBPL2,0.02239084258240356,0.2381751041450728,0.0,0.0,3
STRN4,0.022386769832319124,0.2381380444791485,0.0,0.0,2
SCAF4,0.022381596074513857,-0.2380909662809135,0.0,0.0,2
GCKR,0.022381004430377813,0.2380855826620876,0.0,0.0,4
KHDRBS1,0.022374320178435044,0.238024759842416,0.0,0.0,4
SNX24,0.022370524627008764,-0.2379902225236657,0.0,0.0,4
SLC18A1,0.022368155729412496,0.2379686669281328,0.0,0.0,1
WRAP53,0.022363274887831172,0.2379242540978134,0.0,0.0,2
SLC41A3,0.022362630367974135,0.2379183893405638,0.0,0.0,1
ZNF141,0.022358891432932064,-0.237884367198105,0.0,0.0,1
SDF2,0.022356049180765874,0.2378585043502582,0.0,0.0,4
SLC18A3,0.022355629854097125,0.23785468872054,0.0,0.0,3
RANBP6,0.022344211092714807,-0.237750784608251,0.0,0.0,2
PAX3,0.022342343110082576,0.2377337870486493,0.0,0.0,2
MTF1,0.022338700793036667,-0.2377006440739729,0.0,0.0,4
SLC4A1AP,0.022334536922849514,0.2376627552679109,0.0,0.0,3
SNTA1,0.02233279754712984,0.2376469279566957,0.0,0.0,2
LTB4R2,0.022332225007543678,0.2376417181782041,0.0,0.0,2
TNRC6B,0.02233175677211632,-0.2376374575071214,0.0,0.0,1
LMF1,0.02232924648868623,0.2376146153824229,0.0,0.0,2
GP2,0.022327685485634838,0.2376004111591359,0.0,0.0,1
GTF2H3,0.02232415697611384,0.2375683037669935,0.0,0.0,3
TCF20,0.02230432662784632,0.2373878590879139,0.0,0.0,4
MYOG,0.022301881930254636,0.237365613756343,0.0,0.0,1
KIR2DS4,0.022295526126677883,-0.2373077796264917,0.0,0.0,1
NAGK,0.022292239279385125,0.1978707972568205,0.0035742457908316,1.0,1
BCL7C,0.02229106916040233,0.2372672238158518,0.0,0.0,4
ACTR10,0.022288538950486287,-0.237244200371677,0.0,0.0,1
GCC2,0.022284000994382158,-0.2372029076005244,0.0,0.0,2
ABCB7,0.022283778960787978,0.2372008872234687,0.0,0.0,3
ETAA1,0.02227965679249663,0.2371633778804955,0.0,0.0,3
NUP93,0.0222779763152992,0.2371480865117056,0.0,0.0,3
PMPCA,0.022277070921295213,0.2371398479508752,0.0,0.0,3
BIN3,0.022273478827189924,-0.2371071619758581,0.0,0.0,4
PTPN2,0.022272570056459152,0.2370988926887705,0.0,0.0,1
BNIP3L,0.0222578719717881,-0.2369651486346685,0.0,0.0,4
SYN1,0.022254947456477537,0.2369385372398731,0.0,0.0,1
DCAF7,0.022249931348480002,0.2368928935635426,0.0,0.0,3
NT5C,0.022242375638906468,0.2368241409843734,0.0,0.0,3
RARG,0.022236869115612064,0.2367740348129992,0.0,0.0,3
PRKY,0.022234116082883178,-0.2367489838103361,0.0,0.0,1
CORT,0.022222649961252113,0.2366446487472251,0.0,0.0,2
THOC2,0.022221623567496167,0.2366353091587619,0.0,0.0,4
PYGO1,0.02222041500990914,-0.2366243119849857,0.0,0.0,2
TMPRSS6,0.022195659590760607,0.236399052014587,0.0,0.0,4
SEPT7,0.022151550740125554,-0.2359976870314794,0.0,0.0,4
RNF19A,0.022145879737858247,0.2359460841967546,0.0,0.0,1
CCDC82,0.022136159554551466,-0.2358576361607582,0.0,0.0,4
CETN3,0.022128768624668182,0.2357903829812932,0.0,0.0,2
COX17,0.022114878180311312,0.2356639879860851,0.0,0.0,2
MCCC1,0.022110862475673825,-0.2356274474006746,0.0,0.0,1
SEZ6L,0.02210503769307204,0.2355744452540099,0.0,0.0,1
SNAPC3,0.022103838913259528,-0.2355635370523163,0.0,0.0,1
ARID1A,0.022097742554795106,0.2355080637226588,0.0,0.0,3
MLLT10,0.02209720645502229,-0.2355031855253546,0.0,0.0,2
SLC11A2,0.022092598383824873,0.2354612547474794,0.0,0.0,2
GNMT,0.022091028768374512,-0.235446972156352,0.0,0.0,2
ZCCHC6,0.022088291832205204,-0.2170326646255745,0.0016679301366059,-1.0,2
RRAGC,0.02208712159571049,-0.2354114191490141,0.0,0.0,1
MAPK8IP2,0.022085800960345195,0.2353994021323961,0.0,0.0,4
HIST1H2AB,0.022078606431710376,0.1820944479794548,0.0048288542423069,3.0,3
OSGEP,0.022071988836793233,0.2352737198111318,0.0,0.0,1
ANKZF1,0.02207093781813621,0.235264156150337,0.0,0.0,4
PQBP1,0.022060754988149626,0.2351714982976224,0.0,0.0,4
RNASET2,0.022057976390242467,0.2351462146666501,0.0,0.0,3
ARHGAP33,0.022047144420005944,0.2350476500137877,0.0,0.0,3
EIF4G3,0.022047035065792198,0.2350466549538049,0.0,0.0,3
ACTN1,0.02203926839417354,0.2349759827422613,0.0,0.0,3
TUBGCP4,0.02202311799938535,0.2348290235075949,0.0,0.0,4
SRRT,0.022019072918473354,0.2347922156151076,0.0,0.0,3
DFFA,0.022016529918500446,0.2347690757888262,0.0,0.0,4
RPL15,0.022016077268233146,-0.2347649569336696,0.0,0.0,4
MIER2,0.02201474415456652,-0.2347528263717397,0.0,0.0,3
C1QTNF3,0.022010551444675973,0.2347146751410872,0.0,0.0,3
ELK1,0.02200532093247522,0.2346670805107381,0.0,0.0,4
AAMP,0.022002462858637804,0.2346410736948506,0.0,0.0,4
TTTY9A,0.021987204739286406,0.2345022336496543,0.0,0.0,2
DNAJC1,0.02198468776883993,-0.2344793306769813,0.0,0.0,3
STX18,0.02197354806669361,0.2343779658420466,0.0,0.0,2
TCEA1,0.021971816866777086,0.2343622129259028,0.0,0.0,4
NARS,0.021967206560734413,0.2343202618122307,0.0,0.0,2
SIPA1L3,0.021963848543088468,0.2342897057973644,0.0,0.0,4
IFRD2,0.021963596453310176,0.2342874119264485,0.0,0.0,2
CIZ1,0.02195579529395407,-0.2342164258964771,0.0,0.0,1
ARPC2,0.02195449888257432,-0.2342046293040916,0.0,0.0,5
HOXB8,0.021943460882790346,0.2341041899017256,0.0,0.0,3
HES2,0.0219336678069071,0.234015078585519,0.0,0.0,2
ARL6IP1,0.02191063570964126,0.2338054998457209,0.0,0.0,4
CYB5R4,0.021905681280635844,-0.2337604174124805,0.0,0.0,3
HCG26,0.021900565791645826,-0.233713869426702,0.0,0.0,1
PRR5L,0.021900413292180898,-0.2337124817699328,0.0,0.0,3
METTL5,0.021899697683422963,0.2337059701448756,0.0,0.0,3
ZNF444,0.021894682480754966,0.2336603347065193,0.0,0.0,2
ACSL3,0.021883356375767365,-0.233557273713735,0.0,0.0,4
FDFT1,0.021870785206059333,-0.2334428833534136,0.0,0.0,1
BCCIP,0.02187076842554185,0.2334427306604275,0.0,0.0,3
HNF4A,0.021861087077137156,0.2333546359995383,0.0,0.0,3
PCDHGA3,0.02185963230383967,-0.2333413984054599,0.0,0.0,1
EXT2,0.02185852751618144,0.2333313454779091,0.0,0.0,1
MAPK8,0.021854762251941256,-0.2332970837550032,0.0,0.0,1
SURF1,0.021851434703919093,-0.2332668049960585,0.0,0.0,2
HCFC1R1,0.02184939519668349,0.2332482466619514,0.0,0.0,2
ALK,0.021840531276061892,0.2331675901202521,0.0,0.0,3
UTP6,0.021834227326417814,0.2331102278311428,0.0,0.0,4
PATZ1,0.021833101271843174,0.2330999813869752,0.0,0.0,4
MLLT3,0.021832229592959385,-0.2330920496142033,0.0,0.0,1
GTPBP10,0.021827655094369007,0.2330504243275994,0.0,0.0,4
ACTL7B,0.02181668168798709,0.2329505726877652,0.0,0.0,3
SNX6,0.021814219766683705,0.2329281706303976,0.0,0.0,4
SLC25A36,0.02180857832457165,0.2328768367759578,0.0,0.0,1
ADCK2,0.02180426040049923,0.2328375461688022,0.0,0.0,3
VGLL4,0.02180345216075576,0.2328301916554491,0.0,0.0,4
ANKRD26,0.021803195254614972,0.2328278539584252,0.0,0.0,2
CDH12,0.02179984306215468,0.2327973509493731,0.0,0.0,1
ARF3,0.02179348275102485,0.2327394758034006,0.0,0.0,3
SVIL,0.021791522581359996,-0.2327216393952173,0.0,0.0,3
STK38,0.021786405990849793,0.2326750813862434,0.0,0.0,4
ECSIT,0.021779887833767126,0.2326157699335596,0.0,0.0,2
HMGN3,0.02177925555955267,-0.2326100166045621,0.0,0.0,1
HDAC3,0.021773686235100176,0.2325593389790377,0.0,0.0,4
SYCE1L,0.02177001588021888,0.232525940876305,0.0,0.0,3
TP73-AS1,0.021762581201121046,-0.2324582896043369,0.0,0.0,2
SLC25A44,0.021762368952547843,-0.2324563582653024,0.0,0.0,2
NDRG3,0.021752549847498158,0.1949186251378414,0.0033965914963145,1.0,1
DHRS12,0.021748709750977736,-0.2323320674454665,0.0,0.0,3
IFIH1,0.021746959350586043,0.2323161398161239,0.0,0.0,1
SYF2,0.02172891318149387,-0.232151930133746,0.0,0.0,1
LEP,0.021720005933580755,0.2320708793387987,0.0,0.0,2
IDH3A,0.021705366883764333,-0.2319376724676677,0.0,0.0,2
KRT34,0.021702208149735416,0.2319089298182469,0.0,0.0,2
ABCB9,0.02170056896578054,0.231894014194038,0.0,0.0,4
SYCP2,0.021698300854930637,0.2318733756994989,0.0,0.0,1
UBA3,0.021687989983392802,-0.2317795527428581,0.0,0.0,3
U2AF2,0.021681816121515474,0.2317233741770504,0.0,0.0,4
CBLL1,0.021678831670895786,-0.2316962174056698,0.0,0.0,1
MZF1,0.021671749549129638,-0.2316317742011403,0.0,0.0,3
NIPA2,0.021669851495737403,0.2316145030150463,0.0,0.0,3
GTF3C5,0.021654410384520043,0.2314739978498994,0.0,0.0,2
ACVR1B,0.021651812931003028,0.2314503625279182,0.0,0.0,4
NAP1L4,0.021647316968943755,0.2314094518782415,0.0,0.0,4
DDX54,0.021633832198941088,0.2312867482845997,0.0,0.0,3
HBBP1,0.02162683696338608,-0.2312230956942477,0.0,0.0,3
COMMD3,0.021586525646150358,0.2308562860646968,0.0,0.0,3
ETV6,0.021565874510282815,0.23066837269404,0.0,0.0,3
CEP350,0.021563311643403103,0.230645052090418,0.0,0.0,4
CRIPT,0.02156205636139057,0.2306336297514429,0.0,0.0,4
ALG5,0.021556381911948287,0.2305819955494232,0.0,0.0,1
RGP1,0.021555597597008067,-0.2305748587379171,0.0,0.0,3
NACAP1,0.02155442513995645,-0.2305641900580957,0.0,0.0,2
KIAA1033,0.02155265039148461,-0.2305480408753316,0.0,0.0,2
KPNB1,0.021542700561253993,0.2304575031853909,0.0,0.0,3
SFMBT1,0.02153772708721876,0.2304122474534143,0.0,0.0,4
RNF186,0.02153130418025174,0.2303538027215928,0.0,0.0,2
PLCB2,0.021524404040980855,-0.2302910154523254,0.0,0.0,2
ASGR2,0.02151224257372916,-0.2301803531469657,0.0,0.0,1
EIF2B3,0.021508411098382755,0.2301454889413574,0.0,0.0,4
SRP19,0.021489757536318464,0.2299757523348705,0.0,0.0,3
PGAM2,0.021481138820148835,0.2298973270116071,0.0,0.0,3
ST3GAL2,0.021478998049907095,-0.2298778472428182,0.0,0.0,3
AMN,0.021476184228030035,0.137193270913952,0.00840422563731,1.0,3
HIST1H1T,0.021471531473936843,0.2298099057277929,0.0,0.0,3
NCOA3,0.02146880325077887,0.2297850804778499,0.0,0.0,2
VGF,0.021466991363298257,0.2297685933516251,0.0,0.0,3
FCHO1,0.021459382901320382,0.2296993607561424,0.0,0.0,3
LUM,0.02140083165973469,-0.2291665783836338,0.0,0.0,2
SLC15A1,0.021398192803657005,0.2291425663223401,0.0,0.0,4
HIPK2,0.021395834991027315,-0.2291211115935802,0.0,0.0,2
MTDH,0.021388520292510184,0.229054552075377,0.0,0.0,1
NSUN7,0.021387826571277222,0.2290482396141149,0.0,0.0,1
ARMC4,0.02138639952986386,-0.2290352543641136,0.0,0.0,2
HBQ1,0.02135663914762454,-0.2287644521295782,0.0,0.0,1
ETV3,0.021341500229042083,-0.2286266967423116,0.0,0.0,4
TMED1,0.021340271277452093,0.2286155139949252,0.0,0.0,2
ATP6V1E1,0.02131854714901154,-0.2284178370135703,0.0,0.0,4
GLUD2,0.02131651551905735,-0.2283993503581598,0.0,0.0,2
BRD1,0.021312434650148444,-0.228362216815637,0.0,0.0,1
NKX2-5,0.021312267661302307,0.2283606973138943,0.0,0.0,3
SH2D4A,0.021304861024632683,-0.2282933012117745,0.0,0.0,1
DVL1,0.0212990663026248,0.2282405725990965,0.0,0.0,1
MAPRE1,0.02127702447581706,0.2280400047466819,0.0,0.0,2
GJD2,0.021274448418781858,0.2280165641202876,0.0,0.0,2
DFFB,0.02127418779356818,0.2280141925818553,0.0,0.0,1
ATXN3,0.02127219583748967,-0.2279960669357255,0.0,0.0,3
PLS3,0.02126517246996735,-0.2279321583607713,0.0,0.0,1
TUG1,0.021259282662447344,0.2278785645250277,0.0,0.0,3
CD70,0.021237064650337367,0.2276763934884485,0.0,0.0,3
EIF2AK3,0.021210919822692912,0.2274384907057918,0.0,0.0,1
MTCH1,0.02120567779635745,-0.2273907913034884,0.0,0.0,4
ALKBH1,0.02120412184252226,0.2273766330251432,0.0,0.0,3
PLOD3,0.021195655552211635,0.2272995946888777,0.0,0.0,4
DHX34,0.02119225161476313,0.2272686208304151,0.0,0.0,3
IK,0.02118797043513349,-0.2272296645763982,0.0,0.0,2
SNRPB2,0.021174421612453382,0.2271063781405053,0.0,0.0,1
SNAP91,0.021169836320846718,0.2270646546437069,0.0,0.0,1
UQCR11,0.021168945882056905,0.2270565521666601,0.0,0.0,1
NBPF1,0.021163119437096835,0.2270035348934982,0.0,0.0,1
INTS1,0.021154980842498228,0.2269294783983377,0.0,0.0,4
NBPF10,0.02114816228046066,-0.2268674334346258,0.0,0.0,2
ZNRF4,0.021144089243318894,0.2268303711566461,0.0,0.0,3
ZNF43,0.021117935944241516,-0.2265923912888583,0.0,0.0,1
HMG20B,0.021114867873559838,0.226564473623365,0.0,0.0,3
KIF1B,0.02111476645358542,-0.2265635507603628,0.0,0.0,3
IGFALS,0.021112160199366084,0.1544638041513956,0.0065373402601161,-1.0,1
PPCDC,0.021111220524203205,0.2265312848575768,0.0,0.0,2
COG4,0.021106260834410327,0.2264861545542187,0.0,0.0,2
FAM3A,0.021103290393725205,0.226459125265125,0.0,0.0,3
TRAF6,0.02109725377703405,-0.2264041955509885,0.0,0.0,3
B9D2,0.02109717051732379,-0.2264034379358677,0.0,0.0,2
CAND1,0.021094892072400305,0.2263827054072468,0.0,0.0,4
FBXL14,0.02109309618482593,-0.2263663638708981,0.0,0.0,3
ZNF493,0.021092695832436198,-0.2263627208961248,0.0,0.0,2
RASA3,0.021091118339750553,-0.2263483666267206,0.0,0.0,4
DCAF16,0.021090917680793964,0.226346540746482,0.0,0.0,2
PHKG2,0.021089328856418933,0.2263320833652702,0.0,0.0,2
TAGLN3,0.021087420105083698,0.2263147148340935,0.0,0.0,1
MAPK7,0.02108433613764614,-0.2262866525173326,0.0,0.0,4
ZC3H15,0.021082946731326654,0.2262740097248789,0.0,0.0,3
OXR1,0.021081994695793627,0.2262653467531594,0.0,0.0,3
TSC2,0.021075613588610074,0.2262072823751477,0.0,0.0,2
LAMP1,0.021070221809108742,-0.2261582203058053,0.0,0.0,2
TCF12,0.021067833725074675,-0.2261364901248055,0.0,0.0,4
GTF2A1,0.021066769232570535,0.226126803859809,0.0,0.0,3
TEAD1,0.021065833000815395,-0.2261182846933112,0.0,0.0,2
SIPA1,0.021064847567980112,-0.2261093178254923,0.0,0.0,2
DSTYK,0.0210648009430227,-0.2261088935653954,0.0,0.0,3
GDPD2,0.021064483064672946,0.2261060010565986,0.0,0.0,4
BIRC2,0.021063322955550714,-0.2260954447357799,0.0,0.0,3
DDX3X,0.021062161472791843,-0.2260848759156637,0.0,0.0,2
CCNC,0.021061377302512965,0.226077740420492,0.0,0.0,3
HMGXB3,0.021058576588102434,0.2260522555421538,0.0,0.0,2
STXBP2,0.02105026774442264,-0.2259766498790007,0.0,0.0,2
FURIN,0.021047052584542522,0.2259473937870284,0.0,0.0,1
HMP19,0.02102577190836865,0.225753751964354,0.0,0.0,1
LILRB4,0.02101511168320903,0.2256567500921784,0.0,0.0,1
LBX1,0.021013857866674403,0.2256453410882031,0.0,0.0,1
EXOSC8,0.021012691535685014,0.2256347281519984,0.0,0.0,1
ASNA1,0.02101114116446823,0.225620620672246,0.0,0.0,2
PRDM14,0.021009733379182622,0.2256078106418498,0.0,0.0,2
LOC254896,0.021008364690045942,-0.2255953563637556,0.0,0.0,1
ANGEL1,0.021001097592525445,0.2255292299870407,0.0,0.0,3
PSMD11,0.020991521301834133,0.2254420912904704,0.0,0.0,1
CST5,0.02098887141118291,-0.2254179788209512,0.0,0.0,3
UBN1,0.02098391577915203,0.2253728854408761,0.0,0.0,4
B3GNTL1,0.02098244015855476,0.2253594581484491,0.0,0.0,3
ZNF232,0.020977876569293584,0.2253179321304198,0.0,0.0,2
PNMA1,0.020974212363600468,-0.2252845899817366,0.0,0.0,1
CTNNA2,0.020964161114855155,0.2251931294420764,0.0,0.0,1
KIDINS220,0.02096176893275821,-0.2251713619710789,0.0,0.0,4
MKRN2,0.020961431908128766,-0.2251682952422307,0.0,0.0,1
IL12RB1,0.02095531633295476,-0.2251126470516506,0.0,0.0,3
C6orf120,0.020952506405766978,-0.2250870783423775,0.0,0.0,3
FTL,0.020946629111842252,-0.2250335983731003,0.0,0.0,3
DNAL4,0.02094432950236339,0.2250126732592887,0.0,0.0,1
TAF11,0.020937828632273864,0.224953519108226,0.0,0.0,1
BTBD1,0.020921347322111303,-0.2248035487353927,0.0,0.0,4
PCBP4,0.020918286399372748,-0.2247756961120401,0.0,0.0,1
USP6NL,0.02091655448327576,0.2247599366790691,0.0,0.0,1
ING2,0.020910217292115143,0.2247022719114202,0.0,0.0,1
ARF4,0.02090883899608928,0.2246897302162009,0.0,0.0,2
HTRA2,0.020905586758170714,0.2246601367355626,0.0,0.0,2
ADCY10,0.02089858716714285,0.2245964445129313,0.0,0.0,2
GLTSCR2,0.02088827664489083,-0.224502624734589,0.0,0.0,3
CCS,0.020883145256192157,0.2244559320706744,0.0,0.0,3
OSTF1,0.020882664019642932,-0.2244515530969159,0.0,0.0,2
DCTN5,0.020879847080867913,0.2244259205862616,0.0,0.0,4
PCBP1,0.02086843124673039,-0.2243220431102041,0.0,0.0,2
GPATCH3,0.02086627409793571,0.2243024143060736,0.0,0.0,1
GH2,0.020866033890220907,0.2243002285550507,0.0,0.0,3
UBIAD1,0.02085669873414,0.2242152840437162,0.0,0.0,5
FAM131A,0.02084694489267595,0.224126529737991,0.0,0.0,2
ARPC4,0.0208197322618689,-0.2238789105652641,0.0,0.0,1
SYNJ1,0.020807270282942398,-0.223765513777787,0.0,0.0,4
DAK,0.020794299060861145,0.2236474831726687,0.0,0.0,4
GPR85,0.020772406464309418,-0.2234482732291164,0.0,0.0,2
CMPK1,0.02075611354474712,0.2233000171015877,0.0,0.0,2
IL23A,0.02075123514407836,0.2232556264821583,0.0,0.0,4
MLH3,0.020730343902955757,0.2230655282928029,0.0,0.0,2
U2AF1,0.020727551546270186,-0.2230401194649192,0.0,0.0,3
CARS,0.020723751869536292,0.2230055446082599,0.0,0.0,4
GSDMD,0.020720996255801427,-0.2229804701199379,0.0,0.0,2
CR1,0.020719009309732313,-0.2229623900619907,0.0,0.0,2
ATAD2B,0.020673264091627126,0.2225461350830534,0.0,0.0,3
GPR50,0.020672590567275044,0.2225400064017048,0.0,0.0,2
AVIL,0.020666706308769222,-0.1845292474468056,0.0034427427486106,-1.0,1
ANKRD49,0.020660850028707593,0.2224331743034761,0.0,0.0,3
TEX13A,0.020660198263056467,0.2224272436136987,0.0,0.0,4
SUCLA2,0.02065175857754419,-0.2223504473656827,0.0,0.0,1
HELZ,0.020635333471177675,0.179286059954852,0.0038924103462461,1.0,1
ZNF510,0.020616799504570356,-0.2220323400577029,0.0,0.0,2
IGFBP1,0.020611259477295297,0.2219819290195177,0.0,0.0,1
RBM14,0.020607229893889134,0.2219452621453539,0.0,0.0,3
ASXL1,0.020593454528000793,-0.2218199142975303,0.0,0.0,3
MAGED2,0.02058773999052835,0.2217679153176641,0.0,0.0,2
MC5R,0.020586206043861518,0.2217539572917995,0.0,0.0,3
RBCK1,0.020579498512739075,0.2216929226450814,0.0,0.0,4
GTDC1,0.02057858327608715,-0.2216845945218578,0.0,0.0,3
CTF1,0.020570147088598147,-0.2216078301038268,0.0,0.0,2
CCP110,0.020568340128953044,-0.1910445509435625,0.0027706168497109,-2.0,1
C9orf156,0.02056723236728206,-0.1899976741462577,0.0028646549564277,-2.0,3
KCND3,0.020566291700039045,-0.2215727483018388,0.0,0.0,2
AFTPH,0.020565857850807022,0.2215688005252095,0.0,0.0,3
GEMIN8,0.020551764430377244,-0.2214405585653469,0.0,0.0,2
PRSS53,0.020542926080064673,0.2213601346986437,0.0,0.0,3
TBRG4,0.02052996125736817,-0.2212421623242187,0.0,0.0,2
MIS18BP1,0.020527943523522676,0.2212238021153456,0.0,0.0,3
STAT3,0.020523569969780612,-0.2211840053104293,0.0,0.0,3
HIPK3,0.020522860943157833,-0.2211775535789882,0.0,0.0,4
RAD51B,0.02052229712999655,0.2211724232059067,0.0,0.0,4
RAP2A,0.020521547859342647,-0.2211656052771006,0.0,0.0,4
ZSWIM1,0.020519031432674133,0.221142707252492,0.0,0.0,4
DYRK3,0.020513142703301953,-0.2210891232272689,0.0,0.0,2
RAI1,0.020512804071967677,0.2210860418783377,0.0,0.0,4
UPB1,0.020504207426673093,-0.2210078173872488,0.0,0.0,2
PWP1,0.020496226319562653,0.2209351939369788,0.0,0.0,2
MRPS11,0.02049290845266069,0.2209050032706185,0.0,0.0,3
LOC157562,0.020489182638032236,-0.2208711005163213,0.0,0.0,1
GRPEL1,0.02048786734475456,0.2208591321096053,0.0,0.0,2
NDP,0.020485900888921455,0.2208412385009333,0.0,0.0,1
GSTM4,0.020472177495985223,-0.2207163635768596,0.0,0.0,1
DDI2,0.020463841256076552,0.2206405086238977,0.0,0.0,4
TNFRSF10B,0.020452107765148702,-0.2205337406551058,0.0,0.0,1
BAIAP3,0.020449565752851222,0.2205106098160985,0.0,0.0,2
CLSPN,0.020449216949370953,0.2205074359065327,0.0,0.0,4
PCIF1,0.020433851477680984,-0.2203676190172578,0.0,0.0,2
LIN37,0.02042697824818596,0.2203050766113586,0.0,0.0,1
ZNF91,0.020422919300347644,-0.2202681425378766,0.0,0.0,4
MUC2,0.020422861547358666,0.2202676170191403,0.0,0.0,1
SLCO1C1,0.020411839317159643,-0.2201673211108601,0.0,0.0,3
PSG11,0.020398772288597072,0.2200484187222743,0.0,0.0,4
XPO6,0.02039172780599619,0.2199843180123397,0.0,0.0,3
PIEZO1,0.02037695651920559,-0.2198499078613648,0.0,0.0,4
CGB,0.02037629128211826,0.2198438545893236,0.0,0.0,3
UBR5,0.020375960801115953,0.2198408474036908,0.0,0.0,2
FZR1,0.02037216926854629,0.2198063466542071,0.0,0.0,4
TSC22D2,0.02036671677521467,-0.219756732124188,0.0,0.0,2
ATRNL1,0.020362694140254767,0.1347462902315962,0.0077071792733985,3.0,2
SERBP1,0.020361615894341514,0.2197103170638087,0.0,0.0,3
KRTAP5-9,0.02035203113462982,0.2196231013040601,0.0,0.0,4
ZMYM3,0.020351077400916757,0.2196144228798862,0.0,0.0,4
ARL5A,0.020346418880316096,-0.219572033041673,0.0,0.0,4
GHRHR,0.020342291102193266,0.2195344726524838,0.0,0.0,2
RNF2,0.02033918386509822,0.2195061985953227,0.0,0.0,2
SCARB2,0.020338905986250832,-0.2195036700588208,0.0,0.0,2
ST18,0.020332995920308836,0.2194498918831753,0.0,0.0,2
TAF7,0.020332312822660813,-0.2194436760903806,0.0,0.0,2
POU2F2,0.020322163401232878,0.219351322236192,0.0,0.0,2
ETV7,0.0203178111462024,0.2193117192372102,0.0,0.0,3
C14orf1,0.020312520301457783,0.21926357561567,0.0,0.0,2
SOD1,0.020309886419034896,0.2192396088117531,0.0,0.0,4
PTPN9,0.020307140628784397,0.2192146237114469,0.0,0.0,1
GLI1,0.02030666021054382,0.2192102521838229,0.0,0.0,2
KIAA0195,0.020305751093877656,-0.2192019797489237,0.0,0.0,1
EGLN2,0.020305171984425635,-0.2191967101884595,0.0,0.0,3
TMCO6,0.020305061978702885,0.2191957092001223,0.0,0.0,1
VPS28,0.02028280050329382,-0.218993142672705,0.0,0.0,2
ZBTB39,0.020274004644932002,0.2189131054581329,0.0,0.0,2
GOLGA2,0.020271721726922178,0.2188923322270181,0.0,0.0,4
NAV2,0.02027139071885835,-0.2188893202454309,0.0,0.0,1
ABCC8,0.020266421219084067,0.2188441006769261,0.0,0.0,1
CARKD,0.020264002561726707,-0.2188220922963992,0.0,0.0,2
RELA,0.020260809534976516,-0.2187930376030848,0.0,0.0,1
DPF1,0.02025813938939024,0.2187687408253928,0.0,0.0,3
OBP2A,0.02025543099461395,0.2187440960022341,0.0,0.0,1
GREB1L,0.020242531996495904,0.2186267225933328,0.0,0.0,3
PET112,0.02022598045312206,0.2184761131389715,0.0,0.0,3
EAPP,0.020224425696618763,0.2184619657556528,0.0,0.0,1
DNASE2,0.02022378195420675,0.2184561080727025,0.0,0.0,1
PDE6D,0.020218802992980633,0.2184108024104682,0.0,0.0,1
MGAT5,0.0202185229111718,0.2184082538282936,0.0,0.0,1
ARFGAP3,0.02021412859345527,0.2183682680832408,0.0,0.0,2
CRYBA2,0.020211567550538025,0.2183449640766204,0.0,0.0,2
HMGB1,0.020211390485376495,-0.1487219122551656,0.0063147073887288,-3.0,4
SIVA1,0.020204288995938707,0.2182787334471267,0.0,0.0,2
TRIO,0.020192633315137907,0.218172673505406,0.0,0.0,2
CPEB3,0.02018348897303085,-0.2180894652906716,0.0,0.0,3
CDSN,0.02017941261208945,0.2180523727680411,0.0,0.0,3
INTS12,0.020166291722586577,-0.2179329802761068,0.0,0.0,2
UNC5C,0.02016152923810189,-0.217889644426788,0.0,0.0,3
ZNF562,0.020154162175817586,-0.2178226084286443,0.0,0.0,1
RNF14,0.020147181401877982,-0.2177590874306131,0.0,0.0,2
UBE2J1,0.020138713434562788,0.2176820338345777,0.0,0.0,1
DNASE1,0.0201345678561487,0.2176443114730519,0.0,0.0,4
POMT2,0.020128769661478085,0.2175915512611552,0.0,0.0,3
GPATCH8,0.020125855192144576,0.2175650312789301,0.0,0.0,1
DDX6,0.020099405582798588,0.2173243551593869,0.0,0.0,1
SPEF1,0.020093802529043938,-0.2172733706167564,0.0,0.0,2
HEATR6,0.020079946133967918,0.2171472854502751,0.0,0.0,4
UBE3C,0.0200795321401583,0.217143518346485,0.0,0.0,3
PICALM,0.020073808745458225,-0.2170914387709794,0.0,0.0,3
KLK1,0.020073628659529615,0.2041248948007669,0.0011759248660082,1.0,2
SMU1,0.02006583045338081,-0.2170188409358788,0.0,0.0,4
RECQL5,0.020055934427023758,0.2169287928300124,0.0,0.0,4
GPHN,0.02004867097935246,-0.2168626996648104,0.0,0.0,1
MRPL46,0.02004325968562232,-0.2168134600272928,0.0,0.0,1
MAN2C1,0.020022080661685506,-0.216620743181076,0.0,0.0,3
ENOX2,0.020020373242950234,0.2166052066599023,0.0,0.0,4
RND2,0.02001831560280461,0.2165864833268206,0.0,0.0,3
MORC3,0.020017358588064468,-0.2165777750472014,0.0,0.0,1
NUCB2,0.02001243131065633,0.216532939677764,0.0,0.0,1
MAP3K11,0.02001073829530374,-0.216517534219027,0.0,0.0,4
WWP1,0.02000551793338303,-0.216470031950345,0.0,0.0,3
RABEP1,0.019999534202450514,-0.2164155834659689,0.0,0.0,4
KCNQ1DN,0.01998901828895881,0.1878228943820044,0.0025846954203506,-2.0,1
LOC100127886,0.019980676600792596,-0.2162439902174052,0.0,0.0,2
TMEM184C,0.019977631544659365,0.2162162819709676,0.0,0.0,2
HNRNPA3,0.019976205342901725,-0.2162033043613468,0.0,0.0,2
CLCN3,0.01997348081628691,0.2161785127478047,0.0,0.0,4
PDK3,0.019973332062516766,0.2161771591746877,0.0,0.0,2
SART3,0.01997075621295736,0.2161537204362029,0.0,0.0,2
DPY19L1P1,0.019967392946130536,0.2161231166568321,0.0,0.0,2
DCTN3,0.019965152401415023,-0.2161027289981435,0.0,0.0,3
MUT,0.019954227127894394,-0.2160033153394578,0.0,0.0,2
TBCD,0.019936963747673068,0.2158462285822389,0.0,0.0,4
CYP2R1,0.019933734969643846,0.2158168485730004,0.0,0.0,2
ADCY2,0.019933442011785884,0.2158141828262394,0.0,0.0,2
KCNIP1,0.019932347613538823,-0.2158042244363104,0.0,0.0,3
KCNJ6,0.01993129543999509,0.2157946502667157,0.0,0.0,1
CTCF,0.01992946779468043,0.174214040456436,0.0037698784281391,1.0,3
TWISTNB,0.01992631737301778,0.2157493527416274,0.0,0.0,2
NUDT9,0.019925300113845724,-0.2157400962725848,0.0,0.0,4
TARDBP,0.019921488859259,-0.2157054160641732,0.0,0.0,2
HSPBAP1,0.019912935514846172,-0.2156275855860188,0.0,0.0,2
ABHD4,0.019912835290121757,0.2156266735990991,0.0,0.0,4
PPP6R2,0.019912265769486757,-0.2156214912913138,0.0,0.0,2
USP48,0.019905221250909096,0.2155573902540114,0.0,0.0,4
SDAD1,0.019900447250914503,0.2155139496202248,0.0,0.0,4
WDR55,0.019899949477068253,0.2155094201666454,0.0,0.0,3
C10orf88,0.019888573857294103,0.2154059086179935,0.0,0.0,3
DIP2C,0.01986936280020189,-0.2152310991297778,0.0,0.0,2
FAM53B,0.019863366042104036,-0.2151765321057454,0.0,0.0,4
ACTR2,0.01986323876530269,0.2151753739606002,0.0,0.0,3
TRAPPC9,0.019859925205883547,0.2151452224898377,0.0,0.0,4
TM9SF3,0.019854655010997074,0.2150972667700416,0.0,0.0,3
ST8SIA3,0.019849981579121795,0.2150547412478693,0.0,0.0,1
DAZAP1,0.01983539774865587,0.2149220368408325,0.0,0.0,2
SRR,0.019830397860757312,-0.2148765407580044,0.0,0.0,2
FAM89B,0.019823960325610117,0.2148179629182192,0.0,0.0,3
BCS1L,0.019821945571957635,0.2147996298273757,0.0,0.0,3
EDA,0.019801475736895134,-0.214613366188995,0.0,0.0,2
C14orf93,0.01980070692649422,0.2146063704598129,0.0,0.0,3
STX17,0.019798131701708976,-0.214582937406411,0.0,0.0,4
TRMT112,0.019795731117534122,0.2145610934813729,0.0,0.0,3
NSUN3,0.019789052114760657,0.2145003184261005,0.0,0.0,3
POMP,0.019786583512978125,-0.2144778555802435,0.0,0.0,1
CDHR2,0.019778475325917366,0.2144040757760586,0.0,0.0,3
HS3ST3B1,0.019764041104728798,0.2142727327267587,0.0,0.0,2
KCNJ13,0.01975288364360503,0.2141712062954192,0.0,0.0,2
TCERG1,0.019750882226376817,0.2141529945583091,0.0,0.0,1
API5,0.019748378582661943,0.2141302128511719,0.0,0.0,3
ACTR6,0.01974821451638701,0.2141287199431337,0.0,0.0,2
WDR48,0.019746438341384294,-0.2141125577797652,0.0,0.0,3
ACOT8,0.019734462614877633,0.2140035856075629,0.0,0.0,4
PCDHB13,0.019732376257810096,-0.2139846009671311,0.0,0.0,1
DERL2,0.019731934480547594,0.2139805810500181,0.0,0.0,2
AKAP5,0.019727896711446233,-0.213943839690771,0.0,0.0,4
PPIL2,0.019727059146885613,0.2139362183385733,0.0,0.0,4
PPP1R1A,0.0197146650793732,0.213823439505615,0.0,0.0,1
LARGE,0.019695774624474634,-0.2136515473115973,0.0,0.0,1
ZFHX2,0.019688685271398863,0.2135870383063402,0.0,0.0,3
RHOC,0.019688636335904022,0.2135865930216915,0.0,0.0,1
FOXK2,0.019685183234135768,0.2135551717964061,0.0,0.0,3
SEBOX,0.019675887281813777,-0.2134705840165622,0.0,0.0,1
ARMC6,0.01967549771066122,0.2134670391448003,0.0,0.0,3
RBM4B,0.019667799691725683,0.2133969916328942,0.0,0.0,2
FBXO4,0.01966151150686225,0.2133397727941543,0.0,0.0,3
BPTF,0.019658970474789813,0.2133166508746269,0.0,0.0,1
IQSEC2,0.019650993926185464,0.213244068904121,0.0,0.0,1
NUP98,0.01964891117145951,-0.2132251170429103,0.0,0.0,2
DEFA6,0.019647659385038253,0.2132137265117904,0.0,0.0,1
HIST1H3E,0.019640420202907672,0.2131478541489489,0.0,0.0,3
GALR3,0.019635597477565325,0.2131039701427303,0.0,0.0,2
MYLPF,0.019634586769793076,0.2130947732876299,0.0,0.0,1
ACHE,0.01961271362763792,0.2128957403678141,0.0,0.0,2
CPSF7,0.019609147208083447,0.212863288016333,0.0,0.0,1
AGAP11,0.01960840369962483,-0.2128565225201653,0.0,0.0,3
GALT,0.019606532158546814,-0.2128394925807688,0.0,0.0,2
IP6K2,0.01960612482859008,0.2128357861141788,0.0,0.0,1
CHRFAM7A,0.019602213910922362,0.2128001990294772,0.0,0.0,2
EIF4E2,0.01960111556738838,0.2127902047397232,0.0,0.0,3
GATAD1,0.019597741184275774,0.2127594998085928,0.0,0.0,1
MOGAT2,0.019563743417200557,0.0831965646412904,0.0117233785863699,4.0,3
CACNA1E,0.019549165293601883,0.2123174873494364,0.0,0.0,3
ERICH1,0.019538103081006026,-0.2122168276245117,0.0,0.0,4
CS,0.019525968882260922,0.212106413446762,0.0,0.0,3
NPAS1,0.01952293684521151,0.2120788236664436,0.0,0.0,1
MFSD11,0.019520933329875954,0.2120605928377724,0.0,0.0,3
KIAA1279,0.019516722540128664,-0.2120222770908994,0.0,0.0,1
HNRNPCL1,0.019511197437243544,0.2119720018560151,0.0,0.0,4
AP3S2,0.019511027785607125,0.2119704581244237,0.0,0.0,2
MBTD1,0.01950492020612396,0.2119148826899974,0.0,0.0,2
NAA15,0.019497915377545038,0.2118511428086862,0.0,0.0,3
MACROD1,0.019486302416287543,0.2117454715900569,0.0,0.0,2
ATXN1,0.019477982337277648,-0.2116697636919099,0.0,0.0,2
LAPTM4A,0.019471693122239116,-0.2116125354791735,0.0,0.0,3
WDR45,0.01947095826119415,0.2116058486694595,0.0,0.0,2
SLURP1,0.01945670227580785,0.2114761274626864,0.0,0.0,2
KCNA2,0.01945079696886091,0.2114223925911384,0.0,0.0,3
DET1,0.01945031261855268,-0.2114179852839771,0.0,0.0,2
PPARA,0.01944937045332876,0.2114094121263514,0.0,0.0,2
CD226,0.019449262624564725,-0.2114084309470771,0.0,0.0,3
RBFOX1,0.0194450137118621,0.2113697683033999,0.0,0.0,4
SSBP1,0.019444435344446672,0.2113645054950387,0.0,0.0,4
CERS1,0.019420814425340854,0.2111495688176736,0.0,0.0,2
APOOL,0.019415614348892305,0.2111022511350344,0.0,0.0,4
HAUS7,0.019400970704923946,0.2109690024597827,0.0,0.0,3
TRPA1,0.019400261510564037,0.2109625492020309,0.0,0.0,3
HCCS,0.019394566858444987,0.2109107311673585,0.0,0.0,3
TRIM8,0.019392505216907868,-0.2108919714239327,0.0,0.0,2
KCNS1,0.019385724450984302,0.2108302703829583,0.0,0.0,1
CLDN16,0.019379804024182923,0.2107763979294957,0.0,0.0,2
DNAJC11,0.0193776731289394,0.2107570080174688,0.0,0.0,3
CPLX2,0.01937338857642929,0.210718021072194,0.0,0.0,2
TGDS,0.019369476182960997,0.2106824205585623,0.0,0.0,4
ERCC4,0.019362693803701755,0.210620704837168,0.0,0.0,3
CPA4,0.019360237219447084,0.2105983513438513,0.0,0.0,2
GRIN1,0.01935856147631581,0.2105831030523204,0.0,0.0,2
MS4A3,0.019356296876424508,-0.1782214102797465,0.0029333563669167,-3.0,2
ORC2,0.019337381666346146,0.2103903790536601,0.0,0.0,2
PAPPA2,0.01932468100781282,-0.2102748104200573,0.0,0.0,1
AHDC1,0.01932278713180841,0.210257577245772,0.0,0.0,4
MEPCE,0.019321299481800953,-0.2102440404926824,0.0,0.0,1
APTX,0.019319250888840938,0.2102253994837476,0.0,0.0,3
ST6GALNAC4,0.019315035336564333,-0.2101870404006174,0.0,0.0,1
KCNC1,0.01930118983464413,0.2100610543555423,0.0,0.0,1
PAOX,0.019296176148780427,0.2100154327192262,0.0,0.0,4
USP9X,0.019291232433905355,-0.2099704477783639,0.0,0.0,2
BANP,0.01929079479517337,0.2099664655194807,0.0,0.0,3
MAT2B,0.01928177186782162,-0.2098843621086691,0.0,0.0,2
PSD,0.019269135399863028,0.2097693775721029,0.0,0.0,3
CIAO1,0.019266873210731398,0.2097487929617689,0.0,0.0,4
TMEM135,0.01924956565487545,0.2095913042318713,0.0,0.0,1
ZNF552,0.01924811779696318,0.2095781295637915,0.0,0.0,3
UCKL1,0.01924665938479735,0.2095648588581196,0.0,0.0,2
COX6A2,0.019246000485089988,0.2095588632525641,0.0,0.0,2
GNB2L1,0.019237194164990874,0.2094787308422443,0.0,0.0,2
TPD52L2,0.01923696254808209,0.2094766232625785,0.0,0.0,3
DNMT3L,0.01922680311854361,0.2093841783403829,0.0,0.0,2
FKTN,0.01921600815538635,-0.209285950430499,0.0,0.0,2
UBXN2B,0.019211253037242818,-0.2092426816106165,0.0,0.0,1
RAB33A,0.01920371799695298,0.2091741171099527,0.0,0.0,2
ZZZ3,0.019201484983838377,0.2091537979844684,0.0,0.0,3
ZNF41,0.019194818313801952,0.2090931351499572,0.0,0.0,1
CHMP5,0.01918859720245817,-0.2090365266413822,0.0,0.0,3
KIAA0556,0.01918396977510814,-0.2089944197337336,0.0,0.0,2
SH3BP2,0.019175027062829544,-0.2089130462336093,0.0,0.0,4
SLC7A6,0.019154667050323232,-0.2087277819168562,0.0,0.0,1
PDZD3,0.019151827798157686,0.208701946367277,0.0,0.0,4
AGPAT1,0.01914251046706059,0.208617164052967,0.0,0.0,2
SLCO1B1,0.01914204132176091,0.2086128951025734,0.0,0.0,1
DCAF4,0.019139897034188596,0.2085933833281143,0.0,0.0,4
FLII,0.019135239235842975,-0.2085510000620035,0.0,0.0,2
ZNF430,0.019130433830891216,0.2085072736613034,0.0,0.0,1
NDUFB2,0.01911978957751807,0.2084104171231303,0.0,0.0,2
CORO7,0.019117642983538168,-0.2083908843616986,0.0,0.0,2
ZNF391,0.019102837439198897,0.1733626316956797,0.0031648646553238,1.0,3
HMGN4,0.01909001675162681,-0.2081395016585724,0.0,0.0,2
ZNF816,0.019084800810799652,0.20809203961928,0.0,0.0,2
UPF3A,0.019075389941179462,-0.2080064061586082,0.0,0.0,3
RBL1,0.019074980320427707,0.2080026788471108,0.0,0.0,4
CAMKK2,0.019071952861678107,-0.2079751307266679,0.0,0.0,1
C11orf68,0.019071122522879284,0.2079675751247158,0.0,0.0,1
SLC25A38,0.0190485005963177,-0.2077617287006642,0.0,0.0,2
HNRNPU,0.019047150108245755,-0.207749440041713,0.0,0.0,1
ENTPD2,0.019039172251830536,0.207676846170886,0.0,0.0,3
ACOT11,0.019038743121279206,0.2076729413315169,0.0,0.0,4
NFKB2,0.019034545638498625,-0.2076347466703306,0.0,0.0,2
ITGB5,0.019033928891016898,0.2076291346256044,0.0,0.0,3
EPOR,0.019015596114028654,-0.2074623169774394,0.0,0.0,4
L3MBTL1,0.019007381720942115,0.2073875707599581,0.0,0.0,3
ABTB2,0.019006102502469733,0.2073759306130677,0.0,0.0,2
ABHD2,0.01897462192898095,-0.2070894756348801,0.0,0.0,1
GUCY2D,0.01897412034248052,0.2070849114883568,0.0,0.0,1
POLR2B,0.018967144619195603,0.2070214364483568,0.0,0.0,4
NFX1,0.01895955415987798,-0.2069523676666512,0.0,0.0,3
PRKAG1,0.018953112148277246,0.2068937490937326,0.0,0.0,3
MUC6,0.018942130247451946,0.2067938201593855,0.0,0.0,2
H3F3A,0.018931376106588016,-0.2066959637087176,0.0,0.0,4
TOP3A,0.01890785553802472,0.206481940163144,0.0,0.0,2
EIF3G,0.01888939070556587,-0.2063139208867124,0.0,0.0,1
ANKRD17,0.018887310378241498,0.2062949911134496,0.0,0.0,4
SPCS1,0.018885740115713603,0.2062807026342916,0.0,0.0,1
OGT,0.018884839306513017,0.2062725057925156,0.0,0.0,2
PLA2G12A,0.01887413985856128,0.2061751470156583,0.0,0.0,2
EEA1,0.018866060503674138,-0.2061016295675473,0.0,0.0,2
SOX21,0.01886205009046955,0.2060651371311102,0.0,0.0,1
SNX5,0.018861488493746824,0.2060600269263353,0.0,0.0,2
GRM2,0.018860473466433623,0.2060507907659151,0.0,0.0,3
TULP4,0.018844551343689724,0.2059059086745857,0.0,0.0,3
SH2D1A,0.01884331396515387,-0.2058946492468747,0.0,0.0,1
SAMD4B,0.018834456828144372,0.2058140544321149,0.0,0.0,1
ZNHIT6,0.018834384601037004,0.2058133972072879,0.0,0.0,2
PRMT7,0.01881594113485518,0.2056455723515971,0.0,0.0,4
PHLDB1,0.018812368900559706,0.2056130670893421,0.0,0.0,1
BCAN,0.0188090020082752,0.2055824303204071,0.0,0.0,4
NDUFA13,0.018808944340478615,0.2055819055768722,0.0,0.0,1
BBS4,0.018788892615763584,-0.2053994465003908,0.0,0.0,1
PSKH1,0.01878869903585692,-0.2053976850354048,0.0,0.0,2
ILVBL,0.018786465511557562,0.2053773612584354,0.0,0.0,4
SNAP29,0.018777361652659978,0.2052945214174503,0.0,0.0,2
GADD45GIP1,0.018772489857195956,0.2052501909015568,0.0,0.0,2
PROSER1,0.018770312782135513,0.2052303807799536,0.0,0.0,1
GRIN2C,0.018766666574749204,0.061939797933797,0.0129935344960861,3.0,1
WDR82,0.018761128077189167,-0.2051468052867688,0.0,0.0,3
POFUT1,0.018760931645512666,0.2051450178723296,0.0,0.0,3
PPP4R1,0.018759903909265744,-0.2051356660679764,0.0,0.0,2
GNE,0.01875788010000306,-0.2051172505763271,0.0,0.0,1
C12orf10,0.018747546859188075,0.2050232240722255,0.0,0.0,2
WAC,0.0187459455293805,-0.2050086528988235,0.0,0.0,4
CEP112,0.01873490180593712,-0.2049081614144733,0.0,0.0,3
APOL6,0.018732871543518645,-0.2048896872028454,0.0,0.0,1
KCNN1,0.018731779905016822,0.204879753924999,0.0,0.0,2
WTAP,0.018724699370648266,-0.2048153251648678,0.0,0.0,2
GIN1,0.018713605677311656,0.2047143789834429,0.0,0.0,1
RBPJ,0.018712056478708994,-0.2047002821737996,0.0,0.0,2
PVALB,0.01871113418012803,-0.2046918897911136,0.0,0.0,1
PI4K2A,0.018706127208274352,-0.2046463292483985,0.0,0.0,1
LSM3,0.018700856586697845,-0.2045983696459703,0.0,0.0,3
RPS20,0.018699998102997367,-0.1896867721107027,0.0013517825206442,-1.0,3
SF3A3,0.018694253402998632,-0.2045382845003423,0.0,0.0,2
TANK,0.018682406859544573,-0.2044304878190671,0.0,0.0,3
GLTSCR1,0.018665971208171664,0.2042809329147639,0.0,0.0,1
FAM193B,0.01866574926962689,-0.2042789134026027,0.0,0.0,2
BTN2A1,0.01866314401306592,-0.2042552070774428,0.0,0.0,3
C3orf18,0.018662725389412924,-0.2042513978447606,0.0,0.0,2
HAVCR1,0.018652723785932336,0.2041603890482438,0.0,0.0,3
OSBP2,0.01865229229854992,0.2041564627630774,0.0,0.0,4
RAD23A,0.018645202756481804,0.2040919520380995,0.0,0.0,2
PSMD12,0.018637293474518354,0.20401998215505,0.0,0.0,3
ALLC,0.018634807069734687,0.2039973573121981,0.0,0.0,1
SAGE1,0.018634584586166816,0.2039953328406425,0.0,0.0,1
ZNF500,0.01863375324513797,0.2039877681189779,0.0,0.0,1
NUDCD3,0.01861203603896252,0.1579319866986179,0.0041593639267412,1.0,2
VCX2,0.01860742298907251,0.2037481780451315,0.0,0.0,2
RAB13,0.018603871457129235,0.2037158611622861,0.0,0.0,2
ARFGEF2,0.018593094894424976,0.2036178006858629,0.0,0.0,3
C11orf49,0.018589179203430853,0.2035821701666568,0.0,0.0,3
TCP10L,0.018578409754501313,0.1613515622635214,0.0038214537775798,-1.0,3
PTBP2,0.01856763746226676,0.2033861528038384,0.0,0.0,1
ANGEL2,0.01856553600470764,0.2033670307576827,0.0,0.0,1
XPO4,0.018560577511603685,-0.2033219113435004,0.0,0.0,2
JMJD7-PLA2G4B,0.018545880940635803,-0.2031881810632202,0.0,0.0,1
ZNF771,0.01852951971467095,0.1839195055943749,0.001734177392736,-3.0,2
STAU1,0.01852803430352022,0.2030257870062159,0.0,0.0,4
AKAP6,0.018521064013080547,-0.2029623614019597,0.0,0.0,2
RBM15,0.01850555754428794,0.2028212615207477,0.0,0.0,2
IPPK,0.01849667953404193,0.2027404767716301,0.0,0.0,2
NOL9,0.018491271513174493,0.2026912669152667,0.0,0.0,3
CROT,0.0184859656236015,0.2026429863945056,0.0,0.0,3
KRT9,0.018483086610231687,0.2026167890410061,0.0,0.0,2
CAMKV,0.018457034689219023,0.2023797316548665,0.0,0.0,1
ATG7,0.018446601644887275,-0.2022847969965908,0.0,0.0,2
NEDD8,0.01844610793664952,0.202280304537693,0.0,0.0,3
CABP1,0.01844196778498063,0.0604233540597469,0.0128630954969428,-5.0,1
FBXO24,0.018441426895132923,0.1207776645270374,0.007388476092035,2.0,3
MRPL33,0.018439824823171285,0.2022231318456199,0.0,0.0,2
ZC3H3,0.018439491306355905,0.2022200970358472,0.0,0.0,4
IL36A,0.01843598329515482,0.2021881761665388,0.0,0.0,2
RRP1B,0.018429206909865138,0.2021265149867945,0.0,0.0,4
NIPBL,0.01842505113387964,0.2020886998332776,0.0,0.0,3
BHLHE41,0.018423953996957752,-0.2020787165229945,0.0,0.0,2
COX15,0.01842103892959209,0.2020521910990233,0.0,0.0,3
THBS3,0.01842103802566546,0.2020521828738147,0.0,0.0,1
C1orf159,0.018408422110302674,0.2019373853539617,0.0,0.0,3
KBTBD4,0.01840275604520874,-0.2018858274446539,0.0,0.0,3
ELAVL4,0.018402428084265704,0.2018828431901003,0.0,0.0,4
GDI1,0.018392904350516204,0.2017961827312478,0.0,0.0,1
KIF5A,0.01837116595305591,0.2015983759100811,0.0,0.0,4
CTSC,0.018355628019440927,0.2014569897172169,0.0,0.0,1
IPO8,0.0183537089096084,-0.2014395269297168,0.0,0.0,2
CRLF2,0.018346005558828964,-0.1771484955125721,0.0021968537030202,-1.0,1
GBF1,0.018339746513572577,0.2013124772159207,0.0,0.0,1
NRP2,0.01832197848846823,-0.201150798482669,0.0,0.0,2
SLC48A1,0.018321213302218697,-0.2011438357311646,0.0,0.0,3
AP3B1,0.01831966316143653,0.2011297303482337,0.0,0.0,2
DDX51,0.018315222510788598,0.2010893230003515,0.0,0.0,3
KALRN,0.018314526096202908,-0.2010829860311402,0.0,0.0,3
NNAT,0.018309737864971382,0.2010394159013434,0.0,0.0,1
PSG9,0.018305078300540855,0.2009970165648832,0.0,0.0,4
RIC3,0.018303233712007375,-0.2009802318780251,0.0,0.0,1
NDUFS3,0.01830210912849073,0.2009699988196329,0.0,0.0,2
NUP88,0.01829182319520819,0.2008764027866655,0.0,0.0,4
SLC35C2,0.01828626633975044,0.2008258386217684,0.0,0.0,4
ELOVL5,0.018278428087614422,-0.1238354490795787,0.0069766064869481,-3.0,2
RBM23,0.018277918563738876,-0.2007498786969545,0.0,0.0,2
TOR1AIP2,0.01827268492913006,0.2007022556545012,0.0,0.0,2
DKKL1,0.018268263595391233,0.2006620240792992,0.0,0.0,3
EIF2B4,0.018265036285129422,0.2006326574258937,0.0,0.0,3
UBR2,0.0182649097104268,-0.2006315056694401,0.0,0.0,3
TRIM62,0.018255382327716497,0.2005448120071586,0.0,0.0,4
MDFIC,0.018241595363218965,-0.2004193586187119,0.0,0.0,1
GLE1,0.018226546121186005,0.2002824192360851,0.0,0.0,3
LSM14B,0.018220797531264887,0.2002301103986667,0.0,0.0,3
GABRA5,0.018216659487554368,0.097584300503221,0.0093066227237753,2.0,3
KCNQ4,0.018215965384744105,-0.2001861406651832,0.0,0.0,2
SUB1,0.01821517229566342,0.2001789240140828,0.0,0.0,4
GCOM1,0.018205225274373838,-0.200088411883878,0.0,0.0,3
PSMD13,0.01820395899931196,0.2000768895145235,0.0,0.0,3
CASP8,0.018202132976205158,-0.2000602737622909,0.0,0.0,2
DTWD1,0.01819896045906711,-0.2000314056945633,0.0,0.0,2
C9orf114,0.018196693660937333,0.2000107791450167,0.0,0.0,2
PDIA2,0.018192596869728704,0.1999735007187922,0.0,0.0,4
ECH1,0.018188205188048433,0.199933538960142,0.0,0.0,1
COPS7B,0.01818473802419139,0.1999019897779965,0.0,0.0,4
SH3GLB1,0.018178284514300015,-0.1998432665772954,0.0,0.0,3
ZDHHC18,0.018176766402676982,0.1998294526411542,0.0,0.0,3
ZNF200,0.018175618192635145,0.1998190045950725,0.0,0.0,1
LLGL1,0.018172470554572738,0.1997903629125177,0.0,0.0,3
SLC28A2,0.018170167807481163,0.1997694092482484,0.0,0.0,2
ZNF442,0.01816856371050409,-0.1997548128952073,0.0,0.0,2
MUL1,0.018165577490383628,-0.199727640022395,0.0,0.0,3
PCBP3,0.01816526941345981,0.199724836700895,0.0,0.0,3
SF3B1,0.01815652094777121,0.1996452307321888,0.0,0.0,1
FPGT,0.018151200279385257,0.1995968157327929,0.0,0.0,1
IGF2-AS,0.01814647362855491,0.1995538059489657,0.0,0.0,1
ZKSCAN5,0.01814049568236516,0.199499410102397,0.0,0.0,4
UBE2Q1,0.018139518293701355,0.1994905164318776,0.0,0.0,2
PIGG,0.01812289994762922,0.1993392991116689,0.0,0.0,1
GPR98,0.018116681847078497,0.1992827179995662,0.0,0.0,1
PEMT,0.018107681702667418,-0.1992008219003138,0.0,0.0,2
GRAP2,0.018101281634978848,-0.1991425849926926,0.0,0.0,2
TOE1,0.018101205358775005,-0.1984882207782323,5.928828329720754e-05,-1.0,3
SLC25A14,0.018100801873412106,0.19913821944042,0.0,0.0,2
CASP8AP2,0.018096842659566813,0.1991021928884864,0.0,0.0,2
IL13,0.01809281220201232,-0.1990655180600793,0.0,0.0,1
SCAF8,0.01808121239550417,-0.1989599665420469,0.0,0.0,1
KLHL35,0.01807770528360262,0.1989280538558432,0.0,0.0,3
NLK,0.018076837256849197,0.1989201553153415,0.0,0.0,2
SSX1,0.01807594947893557,0.1989120770507262,0.0,0.0,3
DDX50,0.01807430191741548,-0.198897085195528,0.0,0.0,2
FRS2,0.01807004155847455,-0.1988583183977144,0.0,0.0,1
PRKAR1A,0.01806979336064841,-0.198856059941308,0.0,0.0,3
CYP2D6,0.01806928493266579,0.1988514335412609,0.0,0.0,3
MUTYH,0.018062895744230395,0.1987932956285399,0.0,0.0,3
WASL,0.018059570310698245,0.1987630361102292,0.0,0.0,2
HBP1,0.018058644552452843,-0.1987546122466014,0.0,0.0,2
CSNK1G2,0.018055317466512108,0.19872433769233,0.0,0.0,2
OGG1,0.01805413649620594,-0.1987135915468249,0.0,0.0,2
MRPL20,0.018041405588012094,0.1985977476588387,0.0,0.0,2
HRK,0.01801099629252339,0.198321040689729,0.0,0.0,1
SLC2A9,0.018010053650402886,-0.1983124631926207,0.0,0.0,1
ZNF142,0.01800825784490998,0.1982961224031658,0.0,0.0,1
RSG1,0.017996434040121436,0.1981885326305715,0.0,0.0,4
TGIF1,0.01798121039590245,0.1980500062891045,0.0,0.0,1
BTNL2,0.017979747525614726,0.1980366950171065,0.0,0.0,3
HNRNPA2B1,0.017978203768397587,-0.1980226477209186,0.0,0.0,1
FAM208A,0.017977949657544828,-0.1980203354593961,0.0,0.0,4
KIR2DL4,0.0179764909707605,-0.198007062254855,0.0,0.0,3
MLYCD,0.017972656399579408,-0.106860985552819,0.008263840329141,-2.0,1
PIK3R4,0.017969361211945704,0.1979421855807848,0.0,0.0,1
MAML1,0.01796495066730622,0.1979020521801354,0.0,0.0,3
EEF1G,0.017954533128114774,0.1978072586096524,0.0,0.0,4
SNRNP35,0.01794743136582027,-0.197742636687695,0.0,0.0,2
METTL4,0.017930112296523016,0.1975850431921527,0.0,0.0,2
MAP9,0.01791481212628424,-0.1974458205082465,0.0,0.0,1
PARP16,0.017908520268263627,0.1973885682459046,0.0,0.0,2
IREB2,0.017904375180074063,-0.1973508503451379,0.0,0.0,2
NRXN2,0.017895264913348922,0.1972679521966349,0.0,0.0,2
ZFAND1,0.017884053825093598,-0.197165937789471,0.0,0.0,1
ELF2,0.01788368497349485,-0.1971625814536434,0.0,0.0,3
BHMT,0.017880148216965434,0.1907278405710025,0.0005807159801452,1.0,2
TMX2,0.017870149658314793,0.1970394179281744,0.0,0.0,3
BBC3,0.017866034897426768,0.1970019759882794,0.0,0.0,3
CHRNB3,0.01786402297688448,-0.1969836686770971,0.0,0.0,1
RTF1,0.017859612286062646,0.196943533946273,0.0,0.0,1
PPP2R2D,0.017854578875657483,-0.1968977328280585,0.0,0.0,1
FOXL1,0.017838298661776643,0.1967495923148691,0.0,0.0,3
NOL6,0.017834231036638268,0.1967125792829844,0.0,0.0,4
RNF5,0.017826244352630676,0.1966399050861817,0.0,0.0,3
CYP2E1,0.01782542117816209,0.1966324146754836,0.0,0.0,2
MFAP1,0.017820826781352123,0.1965906083266109,0.0,0.0,2
APOA1,0.017799198154215493,-0.1963938003517861,0.0,0.0,2
TFE3,0.017798956163205856,-0.1963915983738135,0.0,0.0,3
MT4,0.017797144598228662,-0.196375114182183,0.0,0.0,2
SRSF3,0.017796692942827385,-0.1963710043797308,0.0,0.0,4
PHIP,0.01779035604851408,0.1963133423132204,0.0,0.0,1
ESRRA,0.017777803411276383,0.1961991205876409,0.0,0.0,4
RPL21,0.017770612082959852,-0.1961336836667797,0.0,0.0,2
STRN3,0.017767130671877383,0.196102004843138,0.0,0.0,2
RIN1,0.01776678097114551,0.1960988227691025,0.0,0.0,3
ACTL8,0.017763886067894644,0.1960724808268924,0.0,0.0,1
ISYNA1,0.017754205275306596,0.1959843912236126,0.0,0.0,4
ST7L,0.017751681670495956,0.1959614278820698,0.0,0.0,1
USO1,0.01774205549720909,0.1958738352827831,0.0,0.0,3
DHX8,0.017739661768503973,0.1958520537385474,0.0,0.0,4
MDM4,0.017734129219696002,-0.1958017107500795,0.0,0.0,1
TUT1,0.017730829033876048,0.1957716809713206,0.0,0.0,4
C9orf53,0.017724937955127577,0.1957180755681346,0.0,0.0,1
SLC35A5,0.01771987654474215,-0.1956720196663235,0.0,0.0,2
HIST1H4I,0.017712135856881882,0.1445367617563505,0.0046316107038395,1.0,3
POLR3G,0.01770701176159233,0.1955549575938081,0.0,0.0,3
LMF2,0.017703635695239632,0.1955242373461682,0.0,0.0,3
MLLT1,0.017691583911789245,-0.1644639317901072,0.0028072421597846,-1.0,3
PDGFRA,0.017687630590070797,-0.1953786001628538,0.0,0.0,3
DEGS1,0.01767441263810475,-0.1952583244587448,0.0,0.0,2
ITGB7,0.017667199062353502,0.1951926850991183,0.0,0.0,2
NAP1L1,0.017658696420885713,-0.1951153159883853,0.0,0.0,4
LTA,0.01765512445655964,0.1950828131826954,0.0,0.0,4
CREB3,0.017654847848496757,0.1950802962095962,0.0,0.0,2
NUP160,0.017646357649170823,0.1950030403151448,0.0,0.0,1
HYAL3,0.01764187012938514,0.1949622064852661,0.0,0.0,3
DMWD,0.017638826745779764,0.1949345134578629,0.0,0.0,1
HMGN2,0.017637632303266714,0.1949236447230813,0.0,0.0,1
TBC1D13,0.017633263196846813,-0.1948838883862198,0.0,0.0,4
EIF2S2,0.017630934729655257,0.1948627006839435,0.0,0.0,3
PITPNM1,0.01763053404206643,0.1948590546590527,0.0,0.0,3
DCAKD,0.017619008113817166,0.1947541753903694,0.0,0.0,3
RTEL1,0.017590434309823225,0.1944941703303365,0.0,0.0,4
MAGEC2,0.017584179963948315,0.1944372594067851,0.0,0.0,1
COPS7A,0.01758014776943227,0.1944005687730343,0.0,0.0,2
RAX,0.017579500893907238,0.1943946825805709,0.0,0.0,1
DCAF15,0.01757788094081778,0.1943799419460945,0.0,0.0,1
SSTR4,0.01757491996647558,0.1943529987952364,0.0,0.0,2
HNRNPUL1,0.017574286222518422,0.1943472320924319,0.0,0.0,2
IQGAP1,0.017565245960209166,-0.1942649709435513,0.0,0.0,2
GNB2,0.017564650250910835,0.194259550334104,0.0,0.0,1
GLRA2,0.01756367946595734,0.1942507167535221,0.0,0.0,1
GIPR,0.017561010515927268,0.1942264308546988,0.0,0.0,3
HIST1H1A,0.01755974455891315,0.1942149113793946,0.0,0.0,2
ZNF573,0.017543106947972453,-0.1940635187600445,0.0,0.0,1
ITGAE,0.01754202024672318,0.1940536304083355,0.0,0.0,1
DYNLT1,0.017532974829925746,0.1939713223565991,0.0,0.0,3
COMMD8,0.01752912054004349,0.1939362505519338,0.0,0.0,1
C10orf12,0.01752788569065828,0.1939250141380282,0.0,0.0,4
PRPSAP1,0.017525059175355073,0.1938992944865163,0.0,0.0,2
C10orf95,0.01752466716181131,-0.1938957273904096,0.0,0.0,1
DCP2,0.017522399761022708,-0.1938750953570169,0.0,0.0,2
AAGAB,0.017516572164105747,0.1938220676017148,0.0,0.0,4
ZNF226,0.017513234757908586,-0.1937916991390897,0.0,0.0,1
CDC42SE1,0.017510306249008626,0.1937650514049447,0.0,0.0,1
FAN1,0.017510221003547575,0.1937642757206423,0.0,0.0,2
TBCC,0.01750815465512406,0.1937454731472776,0.0,0.0,2
C2orf68,0.017482847958159558,-0.1935151968681765,0.0,0.0,2
NDUFA5,0.01746254939956542,-0.1933304917464164,0.0,0.0,1
FAM208B,0.017460116589550174,0.1933083545849031,0.0,0.0,3
B9D1,0.01745323913778758,0.1932457737588155,0.0,0.0,3
PTPN12,0.017450389842375298,-0.1932198468215103,0.0,0.0,2
TMEM160,0.017449844453799105,-0.1932148841014775,0.0,0.0,1
CD1B,0.017440476299142388,-0.1931296393222233,0.0,0.0,2
MIA2,0.017437886771452065,0.1931060761206726,0.0,0.0,1
NME6,0.017437568729783068,-0.1931031821257653,0.0,0.0,1
EPS15L1,0.01743709146998505,0.1930988393381385,0.0,0.0,2
NCDN,0.0174322798479366,0.1930550563654609,0.0,0.0,4
SMG9,0.01743038593013589,0.1930378228108535,0.0,0.0,4
KARS,0.0174242402156304,0.1929819003698203,0.0,0.0,4
CYP2C9,0.017418989699173493,0.1929341237123311,0.0,0.0,3
PRCP,0.017408980631888674,-0.1928430469995205,0.0,0.0,2
FBXO21,0.01740808324598753,-0.1928348813077859,0.0,0.0,3
MAX,0.017406507925516276,-0.192820546804274,0.0,0.0,2
NT5DC2,0.01738891851155293,0.1926604933289141,0.0,0.0,3
ATP5I,0.017386443502781658,0.1926379721831719,0.0,0.0,3
CYHR1,0.017386055536178054,0.1926344419118758,0.0,0.0,4
JRKL,0.017384594985057327,0.1926211517429537,0.0,0.0,4
RBM26,0.017382764438468822,-0.1637974785480156,0.0026128140542917,-1.0,2
TRAF3IP2,0.01737079639691341,-0.1924955925860599,0.0,0.0,2
BCAP29,0.01736476446607522,-0.1924407055104703,0.0,0.0,4
KCNG2,0.01735775678791424,0.1923769396996135,0.0,0.0,1
EIF3A,0.017352112107625696,-0.1923255763796439,0.0,0.0,3
ZNF780A,0.017337473062724016,0.1921923695532342,0.0,0.0,2
ZFC3H1,0.017335084283277406,-0.1921706330443832,0.0,0.0,3
ZCCHC8,0.017326364209197295,-0.1920912854228635,0.0,0.0,2
FAM168A,0.017322758589623618,-0.192058476373921,0.0,0.0,1
C19orf57,0.01731552375579364,0.1919926435780955,0.0,0.0,2
SHB,0.017305997388157187,-0.1919059591523979,0.0,0.0,1
OAS2,0.017300877151562966,-0.191859367966172,0.0,0.0,1
OPCML,0.017298638975729315,0.1918390018629358,0.0,0.0,2
FRMPD1,0.017297926127208717,0.191832515354439,0.0,0.0,1
PDE4A,0.017292380469193697,-0.1917820530797827,0.0,0.0,3
MIIP,0.017292298139726006,0.1917813039293303,0.0,0.0,3
ULBP1,0.01729203754553203,0.1917789326731593,0.0,0.0,1
RPL11,0.01728800554637295,-0.1917422438170437,0.0,0.0,2
DNAJB5,0.01728785450056116,0.1917408693876758,0.0,0.0,1
ZCCHC11,0.01728757986936966,0.1917383704029607,0.0,0.0,1
MC4R,0.01728664816966747,0.137907594191181,0.0048817154826691,3.0,2
PAGE4,0.01728365462358854,0.1917026529407292,0.0,0.0,1
TSPAN9,0.017278570228937484,-0.1916563878954185,0.0,0.0,3
DGCR5,0.017273341206550295,0.1916088068215096,0.0,0.0,4
ATP6V1G1,0.017268056677278487,0.1915607206671126,0.0,0.0,1
TPM3,0.01726034999401652,-0.1914905943148563,0.0,0.0,3
ZNF407,0.017253219042352025,-0.153757910012321,0.003416492282424,-1.0,3
RBBP6,0.01725314339630488,-0.191425018451347,0.0,0.0,2
TRMT11,0.017252398209491114,0.1914182376831199,0.0,0.0,1
MAGIX,0.017251405322970315,0.1914092029910817,0.0,0.0,3
BRAF,0.017237350859967124,0.1912813155212282,0.0,0.0,2
CENPT,0.017232332981745885,-0.1912356557368877,0.0,0.0,1
TTC37,0.01723211013348233,-0.1912336279468127,0.0,0.0,2
PCGF2,0.01723078475351935,-0.1912215677571049,0.0,0.0,2
MTR,0.017227116778221415,-0.191188191307202,0.0,0.0,2
THOC1,0.01722447534257437,0.1911641557733218,0.0,0.0,2
FAM111A,0.017207575867323213,-0.1910103803404766,0.0,0.0,2
SEC22A,0.017193969463352016,0.1908865699481987,0.0,0.0,1
STAT2,0.017190243341676736,0.1908526643999533,0.0,0.0,3
CACNA1F,0.017188505133230714,0.190836847710252,0.0,0.0,1
C1orf216,0.017187589151959188,-0.1908285128114215,0.0,0.0,1
RNFT1,0.017185636608186377,-0.1908107457944372,0.0,0.0,1
CLDN17,0.017185194868807624,0.1538832989863827,0.0033489775084909,-2.0,1
TAF1B,0.01718173988940705,0.1907752879113928,0.0,0.0,1
SNAPC5,0.01717659438073682,0.1907284667639185,0.0,0.0,2
PFDN1,0.017162757769931324,-0.1906025616228355,0.0,0.0,2
SULT1B1,0.01716123630822129,-0.1905887172028437,0.0,0.0,1
RBM15B,0.01715196440686914,-0.1905043482728897,0.0,0.0,1
CD46,0.017148030841219963,0.1904685551046796,0.0,0.0,1
TESK2,0.017142614614388884,-0.1904192705788018,0.0,0.0,2
ZNHIT2,0.0171279217769894,0.1902855742718307,0.0,0.0,3
MRPL16,0.017125837149926604,0.1902666053734396,0.0,0.0,4
SLC5A2,0.01711699452227786,0.1901861425854556,0.0,0.0,2
PCDHA9,0.01711585903530694,0.1901758103119472,0.0,0.0,2
HAB1,0.01711541887770041,0.1901718051327651,0.0,0.0,3
ZNF248,0.017106047660195804,-0.1900865324833698,0.0,0.0,2
PI4KA,0.01710021955382563,-0.1900335000923386,0.0,0.0,3
APAF1,0.01708950650946083,-0.1899360175960005,0.0,0.0,1
ANKRD11,0.01708717321845152,-0.1899147859997777,0.0,0.0,3
HPS4,0.017086315322507803,0.1899069796437743,0.0,0.0,4
CUL2,0.01707960249563683,-0.189845896808813,0.0,0.0,3
IDH3B,0.017068450582782283,0.1897444208635086,0.0,0.0,1
IRF5,0.017059550130427092,-0.1896634319042009,0.0,0.0,1
RPL23,0.017056896559712462,-0.189639285948237,0.0,0.0,4
HCFC1,0.01705349882180559,0.1896083685020111,0.0,0.0,3
WAPAL,0.017049800593815338,-0.1895747167701372,0.0,0.0,2
NDST2,0.017042498931339595,-0.1895082758723573,0.0,0.0,2
RPH3A,0.017040464245210152,-0.1894897614075228,0.0,0.0,1
ALG13,0.017031924591103687,-0.1894120555032238,0.0,0.0,2
EXOSC1,0.01702602499975962,0.1893583726403502,0.0,0.0,4
ITFG1,0.01702401506168247,0.1545224455022203,0.0031579811204571,1.0,3
DOPEY1,0.01702014930477052,-0.1893049072204607,0.0,0.0,2
STK16,0.01701907976356599,0.189295175015216,0.0,0.0,2
SETD4,0.017017368426216994,0.1892796028369279,0.0,0.0,3
PITX3,0.017005359735284095,0.1891703307075472,0.0,0.0,2
COX4I1,0.017004048402692144,-0.1442810782615909,0.0040704004703383,-2.0,2
CTNND1,0.01700321956531281,-0.1891508564008717,0.0,0.0,1
APBA3,0.016998309763802517,0.1891061800519787,0.0,0.0,4
TTC12,0.016987783401946538,-0.1890103962583028,0.0,0.0,2
PSMD9,0.016985777818069505,-0.1889921466071027,0.0,0.0,2
BCL2L1,0.01697677252771756,0.1889102036827701,0.0,0.0,1
SIPA1L1,0.016972447666527505,-0.1888708499518635,0.0,0.0,1
EMX1,0.016971292945794234,0.1888603426622622,0.0,0.0,1
ARCN1,0.016965328783166016,0.1888060722381169,0.0,0.0,4
POU3F1,0.0169385444764386,0.188562350566334,0.0,0.0,1
RPL18,0.016938050361356014,0.1456214241425866,0.0038943605729567,1.0,3
PRDX3,0.01693341613727622,0.1885156856514327,0.0,0.0,2
FUBP1,0.016930425973918035,-0.1884884768974419,0.0,0.0,1
C11orf16,0.016924990916229,-0.1884390210216677,0.0,0.0,1
VPS33B,0.016922998627750225,0.1884208923508881,0.0,0.0,1
ADO,0.01691754824624601,-0.1883712970372748,0.0,0.0,1
UBE2E1,0.01691298946924718,-0.1883298148080445,0.0,0.0,2
FAM178A,0.016912724931229008,-0.1883274076653585,0.0,0.0,3
FBXO3,0.016909786605842365,-0.1883006706068726,0.0,0.0,2
RPL38,0.016906154060739465,0.1882676165512155,0.0,0.0,2
WIPI2,0.016904679999995925,0.1882542034525536,0.0,0.0,3
RBM22,0.016896130430991987,-0.1881764073284325,0.0,0.0,4
EIF2B1,0.016890112957386034,0.1881216518052794,0.0,0.0,2
MARCH6,0.016872004863882177,0.1879568786466356,0.0,0.0,3
OSBPL10,0.01686691725629325,0.1879105843654519,0.0,0.0,3
CCDC109B,0.01684240147935514,0.1876875050003139,0.0,0.0,1
CCDC106,0.016830950151889876,0.1470248859237253,0.0036786734587497,1.0,2
STAG2,0.01682847847790365,0.1875608137544091,0.0,0.0,1
PROSC,0.01682660515953661,-0.1875437676427123,0.0,0.0,4
CREBZF,0.01681802758590545,0.18746571669271,0.0,0.0,1
MRPL2,0.01680801750722,0.1873746307767397,0.0,0.0,2
COQ10B,0.016796220879460873,-0.1872672882993661,0.0,0.0,3
POU3F3,0.016789598378644258,0.1872070273791625,0.0,0.0,4
MEPE,0.01678905494090363,0.187202082410603,0.0,0.0,3
RAB11FIP3,0.016783762492353162,-0.1871539241953588,0.0,0.0,1
PEX16,0.01677873295516852,0.1871081583212068,0.0,0.0,3
BAIAP2L2,0.01677552275884562,0.1870789473947292,0.0,0.0,3
LPPR2,0.01676941300833141,0.1870233522051783,0.0,0.0,2
ATP5G2,0.016766814270714796,0.1869997051986348,0.0,0.0,3
ATP8B2,0.016762601621528383,-0.1869613725319432,0.0,0.0,1
NPTN,0.016759965005983455,-0.1869373808581994,0.0,0.0,3
TFAP2B,0.016759752922198185,0.1869354510186396,0.0,0.0,2
CNOT7,0.01675641591900715,0.1869050862231367,0.0,0.0,1
DLL3,0.01674709646056719,0.1868202845512393,0.0,0.0,3
ATP5D,0.01674450247163403,0.1867966807549637,0.0,0.0,1
GALK1,0.016740994261113966,0.1867647580719681,0.0,0.0,1
HIST1H2BL,0.016738271096431792,0.0935742855176404,0.0084501855568755,2.0,2
ATF7IP,0.01673616038184148,0.1867207725714481,0.0,0.0,3
NMT1,0.016728609432669996,0.1866520633091793,0.0,0.0,3
POMT1,0.01672402307796386,-0.1866103301387917,0.0,0.0,2
ZNF384,0.016720358133708875,0.1865769812696234,0.0,0.0,4
ELK4,0.01671732053394736,0.186549340871848,0.0,0.0,3
TWF2,0.016712275322310403,-0.1865034323692621,0.0,0.0,3
LRRC14,0.0166979276851766,0.1863728771846918,0.0,0.0,3
MED7,0.016688595646277237,-0.1862879610379032,0.0,0.0,2
ATP2A3,0.01668551759851235,-0.1862599525867336,0.0,0.0,1
MYO5A,0.016679087325216314,-0.1862014408255863,0.0,0.0,1
SMPD1,0.01667887609704648,-0.1861995187716312,0.0,0.0,2
KLHL23,0.016675148299572274,0.1861655979745866,0.0,0.0,2
DLGAP4,0.0166726512974669,0.1861428767022475,0.0,0.0,1
TRPC4AP,0.01667023127347004,0.186120855886093,0.0,0.0,2
FBXL4,0.016668529802332698,0.1861053734846143,0.0,0.0,1
CROCCP2,0.016668491763792436,-0.1861050273559383,0.0,0.0,1
HIBCH,0.01666733949843466,0.1860945424088313,0.0,0.0,2
GPR137,0.016654851748960867,0.1859809111243059,0.0,0.0,2
TLK1,0.016652802886454852,0.1859622676626587,0.0,0.0,4
CDC40,0.016652755161270384,0.1859618333911331,0.0,0.0,2
SIRT2,0.016648946660544107,-0.1859271782412559,0.0,0.0,1
RBBP4,0.01664838816514585,0.1859220962567367,0.0,0.0,3
PML,0.01663455104408919,0.1857961864726638,0.0,0.0,1
RNF144A,0.01663449176885917,0.185795647102416,0.0,0.0,2
SUMO3,0.016633309594751546,0.1857848900030152,0.0,0.0,1
CCNK,0.016632732394493813,0.1857796378151128,0.0,0.0,3
SOX10,0.016627668933042766,0.185733563249793,0.0,0.0,1
CC2D1A,0.016620229839703723,0.1856658718107876,0.0,0.0,4
PPP1R7,0.016618495568091037,-0.1856500909439886,0.0,0.0,2
STK4,0.016613154574510614,-0.1856014909970999,0.0,0.0,4
FRMD8,0.016612911891354727,0.1855992827209975,0.0,0.0,1
RCOR3,0.01660404513045258,0.1855186003343909,0.0,0.0,2
IKBKB,0.01659526491448765,-0.1854387054565669,0.0,0.0,1
KLHL22,0.016593873683962552,0.1854260460648991,0.0,0.0,4
SLC22A8,0.01658939721057109,0.1853853127508073,0.0,0.0,1
SLC38A3,0.016587136240109903,0.1853647392296682,0.0,0.0,2
NDOR1,0.01657123646152409,0.1852200604572307,0.0,0.0,4
EIF3E,0.01656848742168086,0.1851950457875135,0.0,0.0,2
TLK2,0.016567376438889374,0.1851849364878397,0.0,0.0,2
NPRL2,0.016558178630734773,0.1851012417630521,0.0,0.0,3
LTBP3,0.01655508051809163,0.1850730507331164,0.0,0.0,1
POLR3C,0.01654527093546745,0.1849837892151317,0.0,0.0,4
DAXX,0.016526732058461654,0.184815096176226,0.0,0.0,2
YBX1,0.016510859369474988,0.1816149754027806,0.0002771528221463,1.0,2
MINK1,0.01651041475467431,-0.1846666181663781,0.0,0.0,2
MYBBP1A,0.016498563146599584,0.1845587753999894,0.0,0.0,2
C5orf42,0.016496023645437438,0.1845356674108586,0.0,0.0,3
APOBEC3F,0.016495244265807504,0.1845285755078165,0.0,0.0,3
RPIA,0.016487611817595546,0.1844591246515018,0.0,0.0,3
ATP8B3,0.016483158384601966,0.1844186009916806,0.0,0.0,2
PHF8,0.0164820809909291,0.1844087973335239,0.0,0.0,2
ELP3,0.016476949209427317,-0.1843621010953286,0.0,0.0,2
C9orf9,0.016475171192813592,-0.184345922174367,0.0,0.0,2
NDUFB8,0.016463398519401432,-0.1842387976676711,0.0,0.0,2
CRYBB3,0.016448048841645496,0.1840991244940445,0.0,0.0,2
MTL5,0.016445427959142216,0.1840752759818636,0.0,0.0,3
NASP,0.01644377992409912,0.1840602798178804,0.0,0.0,1
STARD3,0.016435572795473096,-0.1839855997027806,0.0,0.0,1
FGF3,0.016425065959139964,0.1728232274731401,0.0010037624770642,1.0,1
HERPUD1,0.016419119557833685,-0.1838358847736421,0.0,0.0,1
ARF6,0.016414792359849825,0.1837965097792659,0.0,0.0,2
TBC1D5,0.01640871375320376,-0.1837411979808697,0.0,0.0,4
RAB11FIP5,0.016407349398545483,0.1837287831440175,0.0,0.0,1
GIT2,0.01637796921340716,-0.1431078521709359,0.0036600952230358,-1.0,3
NRIP1,0.01635910584497731,0.1832897947599594,0.0,0.0,1
RERE,0.016357751923554334,-0.1832774748595032,0.0,0.0,1
TRIM17,0.016355249133105924,0.1832547009165964,0.0,0.0,3
ELANE,0.016347114187123504,-0.1831806776217291,0.0,0.0,2
GUCY2C,0.01634252131123653,0.1831388851123744,0.0,0.0,1
NUDT7,0.016341217858101418,-0.1831270244440953,0.0,0.0,2
ZNF235,0.01633491055324953,-0.183069631624539,0.0,0.0,3
E2F4,0.016332477411512687,0.1830474914445514,0.0,0.0,3
PDZK1,0.016319209359011985,0.1829267598546064,0.0,0.0,1
RQCD1,0.01631596866005693,0.1828972713718501,0.0,0.0,3
DOC2B,0.01630307967050474,0.1827799890350989,0.0,0.0,2
ATOH1,0.016301413623797733,0.1827648289754105,0.0,0.0,2
INSR,0.01628476415332437,0.1826133284411848,0.0,0.0,1
FMO6P,0.01628379273529837,0.1826044891000099,0.0,0.0,2
UBE2W,0.016275391778047058,0.1825280452567287,0.0,0.0,3
EXOC2,0.01627400682920456,-0.1825154430247328,0.0,0.0,1
IQCE,0.01627233610557456,0.1825002404077551,0.0,0.0,1
METTL10,0.016265370092888823,-0.1824368537285811,0.0,0.0,2
ST13,0.016254225300882903,0.1823354425788732,0.0,0.0,1
TMEM19,0.016249192879667165,0.1822896504617093,0.0,0.0,2
KHK,0.01624796497892335,0.1822784772764142,0.0,0.0,2
HSBP1,0.016241963226033433,-0.1822238648026681,0.0,0.0,2
ZNF668,0.016241339297821563,0.1822181874174583,0.0,0.0,3
SPTLC1,0.016238040842369333,0.1821881733840431,0.0,0.0,1
TGOLN2,0.01623480518517874,-0.1821587307784221,0.0,0.0,4
STK11,0.016233047849904376,-0.1821427400456654,0.0,0.0,1
PEPD,0.016227608915846573,-0.1820932488971815,0.0,0.0,1
SOCS6,0.016223683477267617,-0.1820575296806014,0.0,0.0,1
SUPT5H,0.016222378852977705,0.1820456583554922,0.0,0.0,3
STX10,0.016221826004619,0.1820406277557609,0.0,0.0,2
LGALS14,0.016220282397446165,0.1820265818248892,0.0,0.0,1
AFF4,0.016213230326281698,-0.181962412063423,0.0,0.0,2
ZNF835,0.0162063665386396,-0.1818999555729146,0.0,0.0,1
GJB4,0.016205734981496273,0.1818942087688489,0.0,0.0,1
LRRC47,0.016197008532817025,0.1818148031421706,0.0,0.0,2
KIAA0753,0.016191401098707786,0.1817637787408514,0.0,0.0,1
ASB6,0.01617389490704856,0.1816044825402381,0.0,0.0,1
ARHGAP5,0.016171118618842337,-0.181579219926206,0.0,0.0,3
RAD51D,0.016169266078415265,0.1815623628817237,0.0,0.0,2
CEMP1,0.016163012885384652,0.1815054624483874,0.0,0.0,3
EP400,0.016157338054692136,0.1814538247772115,0.0,0.0,2
VAC14,0.016149389116376874,0.1813814940443383,0.0,0.0,4
NCOA6,0.016138541030332854,0.1812827827469655,0.0,0.0,3
COL11A2,0.016130915517244385,0.1812133949962562,0.0,0.0,4
COL6A1,0.016125060359561724,0.1811601164539555,0.0,0.0,2
POLRMT,0.016122500972470866,0.1811368275143958,0.0,0.0,2
SMARCE1,0.016119195730628044,-0.1811067517287584,0.0,0.0,2
CD22,0.01610552413950859,-0.1809823481712023,0.0,0.0,1
RABGAP1,0.016102354672370905,-0.1809535078567107,0.0,0.0,3
RBFA,0.01609775666750761,0.1809116686766433,0.0,0.0,2
EPN1,0.016096873092465578,0.1809036286557243,0.0,0.0,1
PRDM4,0.01609584169838881,-0.1808942435672389,0.0,0.0,3
SAFB2,0.01607504381337363,-0.1807049948643684,0.0,0.0,2
ZBTB40,0.01607261752338876,-0.1806829170313537,0.0,0.0,3
KCNJ9,0.016063575538989794,0.1228071679524223,0.0052419033991922,-2.0,1
EDAR,0.01606036973714506,0.180571469273182,0.0,0.0,2
PCDHB8,0.016048518349436065,0.1804636285119937,0.0,0.0,2
UHRF1BP1L,0.016047907345298415,-0.1804580687283708,0.0,0.0,3
RPP14,0.01604121323659685,-0.1803971562179054,0.0,0.0,2
RAB35,0.0160409276976547,0.1803945579789796,0.0,0.0,2
GHITM,0.016031361144424123,0.1803075078876599,0.0,0.0,1
SIX5,0.016021888031887015,0.1802213080525091,0.0,0.0,3
IBTK,0.016021002688548183,0.1802132519411138,0.0,0.0,2
TRIM15,0.016020245994596317,0.1802063664645975,0.0,0.0,4
ACTL6B,0.016019842432480596,0.1802026942831775,0.0,0.0,2
KIAA1109,0.016018819726895204,-0.1801933882549293,0.0,0.0,4
CNDP2,0.015974896027317165,-0.1797937080391598,0.0,0.0,1
HSPA8,0.01597267079468609,0.1797734597115674,0.0,0.0,1
DGCR11,0.015965157444323856,0.1797050925766772,0.0,0.0,1
C9orf91,0.015963281201228755,0.1796880198516497,0.0,0.0,1
IFT27,0.0159620441355025,0.1796767632703248,0.0,0.0,2
BARX2,0.015954109408425284,0.1796045618514835,0.0,0.0,3
C1QL1,0.015951871532565245,0.1795841984778333,0.0,0.0,2
TBC1D17,0.015951017846953523,-0.1795764304334115,0.0,0.0,1
DEDD,0.015945930527625364,0.1795301387752338,0.0,0.0,2
DICER1,0.015944448357864686,-0.1795166518892145,0.0,0.0,3
NADSYN1,0.015943570219159924,0.1795086613358147,0.0,0.0,1
SAMM50,0.01594218516444102,0.1794960581404049,0.0,0.0,2
LRRC37A2,0.015932777021845042,0.1794104494940733,0.0,0.0,2
OTUD4,0.015915249521801095,-0.1792509593995056,0.0,0.0,5
GPBP1L1,0.015914450315426924,0.179243687084579,0.0,0.0,1
PTMA,0.01591253151012825,0.1792262270681605,0.0,0.0,2
B3GALT5,0.015911028657011692,0.1792125519755871,0.0,0.0,2
REST,0.01590918125933861,0.1791957417271863,0.0,0.0,1
EDA2R,0.01589279715589164,0.1790466558791411,0.0,0.0,1
OTOF,0.015891424856403505,0.1790341687489406,0.0,0.0,2
MARCH7,0.01588957441215,-0.1790173307784232,0.0,0.0,2
SPPL2B,0.015888032698000414,0.1790033020729662,0.0,0.0,3
GNAI3,0.01588432837558232,0.1789695948853302,0.0,0.0,3
NUDC,0.01588161154332793,0.1789448732860097,0.0,0.0,3
PRDM2,0.0158728802260626,-0.178865423358019,0.0,0.0,3
TGM4,0.015866862355309035,0.0700415251075863,0.009865427664231,1.0,3
RAB3D,0.01586371835986637,0.178782055684227,0.0,0.0,1
SF3B5,0.015858954050842578,0.1787387032326595,0.0,0.0,2
CTAGE5,0.01585837814953404,0.1787334628644421,0.0,0.0,1
MLLT4,0.015856641397219127,-0.1787176594246902,0.0,0.0,3
MARK3,0.015856047717877665,-0.1787122572866742,0.0,0.0,3
TSSC4,0.01585468952157231,-0.1786998984872653,0.0,0.0,3
MBD3,0.01585463889477091,-0.1786994378127069,0.0,0.0,1
ZNF230,0.015849954860042554,-0.1786568158107151,0.0,0.0,3
XRCC5,0.015849021701645972,0.1786483246099994,0.0,0.0,3
ZNF646,0.0158316285580115,0.1417707143672766,0.0033304669171055,-1.0,1
NFKBIL1,0.015830134532952525,0.1784764623185442,0.0,0.0,3
ANKRD40,0.015829154571118186,-0.1784675452336639,0.0,0.0,4
TH,0.015821886371299658,0.1345424552985737,0.0039780339992301,1.0,2
UBA1,0.015812305953640592,0.17831423257709,0.0,0.0,4
KIAA0020,0.015809299761092365,0.1782868779667575,0.0,0.0,3
CSHL1,0.015803827814357557,0.1782370864220411,0.0,0.0,4
SLC4A7,0.01578801558941719,0.1780932043370466,0.0,0.0,2
SNX15,0.015774993053333925,-0.1779747068042425,0.0,0.0,1
ZNF223,0.01576985278934285,0.1779279333803096,0.0,0.0,1
KRR1,0.015761154499508753,-0.1778487839828063,0.0,0.0,3
TNK2,0.01575917136607952,0.1778307386176729,0.0,0.0,4
MYL4,0.015753596990000972,-0.1777800150252784,0.0,0.0,3
E4F1,0.015753403152044564,0.1777782512121892,0.0,0.0,2
FAM153A,0.015747292927588284,-0.1777226517100401,0.0,0.0,3
EVC,0.015744659822693175,-0.1776986919811755,0.0,0.0,2
METTL17,0.015736512642908585,0.177624557365797,0.0,0.0,3
DPYS,0.01572181054415989,-0.1774907767859143,0.0,0.0,1
RCL1,0.01571860010405343,-0.1774615636411475,0.0,0.0,3
LRP3,0.015715145374056685,0.1774301275999263,0.0,0.0,1
ZNF654,0.01571386665341865,-0.17741849198304,0.0,0.0,3
FRS3,0.015712468334187123,0.1774057680882511,0.0,0.0,1
WRNIP1,0.015707674593664366,0.1773621478270963,0.0,0.0,4
TAOK1,0.015703977890520027,0.1773285099704367,0.0,0.0,1
ERCC3,0.01570053432029509,0.1772971754766727,0.0,0.0,2
CDK19,0.0156947470285251,0.1772445144748543,0.0,0.0,2
KDM5A,0.015692622881076097,0.1772251859638477,0.0,0.0,2
BAG6,0.015684183978094346,0.1771483968364061,0.0,0.0,4
OSBPL8,0.01567984941468389,-0.1771089548209156,0.0,0.0,2
AKAP8L,0.015671077431104935,0.1770291348530339,0.0,0.0,1
SPTBN5,0.015670486579556997,0.1770237584463005,0.0,0.0,1
GLT8D1,0.01566818805406587,0.1770028431961492,0.0,0.0,1
TRAF3IP1,0.01566242949500818,-0.1769504436453643,0.0,0.0,1
ADAM20,0.015650619586196388,0.1768429803181068,0.0,0.0,3
KAZALD1,0.015638577645631487,0.1767334056363405,0.0,0.0,3
HNRNPH2,0.015636657358377576,-0.176715932134988,0.0,0.0,2
DCX,0.015635855196255443,0.1767086329244676,0.0,0.0,2
FAM45A,0.015627721029224224,0.1766346167176049,0.0,0.0,2
ATG16L1,0.015622750865552941,0.1765893911080221,0.0,0.0,2
SAR1A,0.01560842191780755,-0.1764590059860573,0.0,0.0,1
PRKAG2,0.015595922754545145,-0.1763452708426689,0.0,0.0,2
TLX1,0.015591417737860063,0.1763042778011438,0.0,0.0,2
SOX1,0.015590783130271055,0.1762985032397899,0.0,0.0,3
ATP5J,0.015571605181661641,0.1761239950195839,0.0,0.0,1
MAGEB1,0.015561812924658374,0.1760348911547106,0.0,0.0,2
FLT3,0.015558295556340482,-0.176002885141061,0.0,0.0,2
PSORS1C2,0.015557981849158384,0.176000030587473,0.0,0.0,2
YY1,0.015557119766899214,0.1759921861384246,0.0,0.0,4
FBRS,0.015553130036546618,0.1759558819039565,0.0,0.0,3
UNKL,0.015538053872490357,0.1758186975465169,0.0,0.0,2
KISS1,0.015537571436327686,0.1758143076569711,0.0,0.0,3
TRIM33,0.01552316468000585,-0.1756832145220447,0.0,0.0,2
GAST,0.01552004113147171,0.1756547920402391,0.0,0.0,2
ATP6V1F,0.015515781649013346,0.175616033217909,0.0,0.0,2
TSNAXIP1,0.01550903820080116,-0.1755546717464854,0.0,0.0,2
PELO,0.015507528327673157,-0.1755409327758754,0.0,0.0,2
HIRA,0.015505290112135499,-0.1755205663113557,0.0,0.0,1
ABCD4,0.015503728590855033,-0.1755063573724844,0.0,0.0,3
GALR2,0.015501058565519952,0.1754820616890086,0.0,0.0,1
LNPEP,0.015495346358012497,-0.1754300839104737,0.0,0.0,2
CCDC7,0.01549199429760083,-0.1753995821029876,0.0,0.0,1
ACAN,0.015480398235266864,0.1752940646547708,0.0,0.0,2
DNAH7,0.01547616044789046,-0.1752555032451159,0.0,0.0,3
PDE1B,0.015473478373173932,0.1752310979192506,0.0,0.0,1
KSR1,0.01547298911544197,-0.1752266459573768,0.0,0.0,1
RBM25,0.015451287913975074,-0.1750291775981978,0.0,0.0,1
GHSR,0.015448450007502177,0.175003354293642,0.0,0.0,1
XRCC6,0.015445596727292083,0.1749773910969856,0.0,0.0,3
LMTK2,0.015444508489551147,0.1749674887640928,0.0,0.0,1
UNC13A,0.015439977223564876,0.1749262568691363,0.0,0.0,2
ITPK1,0.015438666597591128,-0.1749143309321817,0.0,0.0,4
BBS10,0.015424452073250817,-0.1747849869969036,0.0,0.0,1
TGFBR1,0.015422902486203127,-0.1747708866526356,0.0,0.0,1
CTRB2,0.01541941768750919,0.1747391770036924,0.0,0.0,2
CPNE3,0.015417709429007692,0.1747236328411326,0.0,0.0,1
SEMA7A,0.015415582622699278,0.174704280136046,0.0,0.0,4
SEP15,0.015407906223782925,-0.1746344293537873,0.0,0.0,2
GABRQ,0.015403443746358358,0.1745938233948847,0.0,0.0,2
HNRNPA1,0.015389400828036623,-0.1744660409749432,0.0,0.0,1
RXRB,0.015386716182146919,0.1744416122528918,0.0,0.0,1
CCDC94,0.015368919052224702,-0.1742796686826615,0.0,0.0,3
ZNF710,0.015361143612854377,0.174208916689658,0.0,0.0,3
SNX16,0.01536086774934105,-0.1742064064915283,0.0,0.0,1
PPEF2,0.015352851486918902,0.06455657537043,0.00993869096377,-5.0,1
MED16,0.015351642946618749,0.1741224661318159,0.0,0.0,2
ARIH1,0.015341361220787704,-0.1740289083842192,0.0,0.0,1
TTC33,0.015337319189021337,-0.1739921282371904,0.0,0.0,1
MYCBP2,0.015328041661306139,-0.1739077081105927,0.0,0.0,2
FAM120A,0.015323851380561263,0.1738695789837583,0.0,0.0,4
COLQ,0.015322377646976247,-0.1738561688620494,0.0,0.0,1
CACNA1I,0.015311255542131856,0.173754964152366,0.0,0.0,2
SP4,0.015305799602460644,0.1737053182626535,0.0,0.0,1
CHST12,0.015304309345098422,-0.1736917577841463,0.0,0.0,1
IPO9,0.015294782289046238,0.1736050670942644,0.0,0.0,3
GCK,0.015290815745650395,0.1735689738476677,0.0,0.0,1
PAGE1,0.015279004577685289,0.1734614990628446,0.0,0.0,1
PHF20,0.015275932075291895,-0.1734335410713425,0.0,0.0,2
RNF114,0.01527397081819483,-0.1734156947681562,0.0,0.0,1
C21orf33,0.015272491708251342,0.1734022357247004,0.0,0.0,2
TUBGCP5,0.01527019840958888,0.1733813680356614,0.0,0.0,2
PTPRT,0.015266959013689895,-0.1733518914099603,0.0,0.0,1
GRIN2A,0.015252888155015975,0.1732238547490032,0.0,0.0,1
RPS10,0.01524580562010451,0.1731594077850907,0.0,0.0,1
ARF1,0.015243924157005739,0.1731422875610544,0.0,0.0,1
PRPF8,0.015239033006802148,-0.1730977809282454,0.0,0.0,2
SMC1A,0.015238350445984193,0.1730915700202933,0.0,0.0,4
GBX2,0.01523074178291741,0.173022335595018,0.0,0.0,1
BBIP1,0.015220757427102787,-0.1729314837422678,0.0,0.0,4
CACNB1,0.015215818256724098,0.1728865401536894,0.0,0.0,2
NOP10,0.01521233391636801,0.1500170694744405,0.0020713993182136,-1.0,1
ZNF670,0.015202862098365489,0.1727686466197189,0.0,0.0,1
XRCC1,0.015200715436706235,0.1727491132424443,0.0,0.0,2
C16orf70,0.015200579813039,0.1727478791456559,0.0,0.0,4
TULP1,0.015198859178456746,0.1727322223679322,0.0,0.0,1
AURKAPS1,0.015196988414880968,0.1727151995033556,0.0,0.0,3
PLCB3,0.015196199315551872,0.1727080191566829,0.0,0.0,2
ZNF215,0.015195337187593973,0.1727001742918026,0.0,0.0,3
PPARD,0.015194623424035991,0.1726936794569958,0.0,0.0,3
HIF1AN,0.015188021388201505,-0.1726336047562717,0.0,0.0,3
RSPH6A,0.015183612437568035,0.1725934858601534,0.0,0.0,1
RPS18,0.015181643193520536,0.1522170325919675,0.0018465315530561,1.0,5
MCPH1,0.015180550565411784,-0.1725656245976499,0.0,0.0,4
LARS,0.015178663693362005,0.1725484551552935,0.0,0.0,4
NUDT3,0.015172471709184315,-0.172492111687053,0.0,0.0,4
ATG4B,0.015171838661366954,0.1724863513187173,0.0,0.0,1
EML2,0.015170508283703,0.1724742456528264,0.0,0.0,4
ZNF557,0.015169561759391612,0.1724656328300305,0.0,0.0,2
BCL2L2,0.015159619898971176,-0.1723751676607446,0.0,0.0,3
WBP5,0.01515903699293812,-0.1723698635535928,0.0,0.0,1
ZNF81,0.015158723977161587,0.1723670152913948,0.0,0.0,4
GRK6,0.015154183157160675,-0.1723256964604409,0.0,0.0,2
CASD1,0.015153535932444154,-0.1723198070905373,0.0,0.0,2
NSL1,0.015150969002328825,0.1722964495138255,0.0,0.0,3
SRBD1,0.015147903063173531,-0.1722685512439872,0.0,0.0,1
COPB1,0.015138805193571981,0.1721857659021257,0.0,0.0,3
GTF2F1,0.015134928775898095,0.1721504927473779,0.0,0.0,2
ZNF394,0.015129965324330244,-0.1721053282140472,0.0,0.0,4
GMFB,0.015125025093161782,0.1720603749728965,0.0,0.0,1
YWHAH,0.015115664776106649,-0.1719752015112754,0.0,0.0,2
LPCAT4,0.01510708323321352,0.1718971144432891,0.0,0.0,2
SLC6A9,0.015103533811679162,0.171864816763942,0.0,0.0,1
TRIM23,0.015101022093655256,-0.171841961585271,0.0,0.0,2
TAC3,0.01509880366286558,0.1718217751504942,0.0,0.0,2
GABRA3,0.015098105014484869,0.1718154178550425,0.0,0.0,2
NDUFC2,0.015087157789168014,0.1717158044477305,0.0,0.0,2
MED23,0.015082626431466682,0.1716745717182201,0.0,0.0,2
CSNK2B,0.01507728155263717,0.1716259364178159,0.0,0.0,2
IGLL1,0.015062948930783464,0.1714955178635943,0.0,0.0,3
CTR9,0.01506138945588089,-0.1714813275455761,0.0,0.0,1
KIAA0196,0.015053873083205374,0.1714129329093862,0.0,0.0,3
PLA2G6,0.015043783367496847,0.1713211223426494,0.0,0.0,2
MCMBP,0.015042662591030048,-0.1713109239262049,0.0,0.0,3
HMGN5,0.015033344305177951,-0.1712261329241776,0.0,0.0,1
UBE4A,0.015026604425086597,-0.1711648039205861,0.0,0.0,1
TTLL1,0.015022263880315424,-0.1711253074781788,0.0,0.0,1
UBXN1,0.015004900366820987,-0.1709673095661941,0.0,0.0,1
TRMT61A,0.014998648558056667,0.170910421728879,0.0,0.0,3
TRIP4,0.014991122853525987,-0.1708419421782142,0.0,0.0,3
APEH,0.014989778732509526,0.1708297114557787,0.0,0.0,4
MADCAM1,0.014971931934797534,0.1706673159374401,0.0,0.0,1
FGF6,0.014963918204102042,0.170594395631449,0.0,0.0,3
ANK1,0.014955540204286926,0.1705181606875351,0.0,0.0,1
DGCR6L,0.014952096353931634,0.154997893065156,0.0014048555084163,1.0,2
STAG1,0.014950236498966258,-0.1704699000422045,0.0,0.0,2
WDR25,0.0149438823274157,0.1647678207166212,0.0005119378498165,-2.0,1
HTR1B,0.014943185801600343,0.1704057427815091,0.0,0.0,1
MRPL41,0.014927960166004057,0.1702671983196625,0.0,0.0,1
SEC23IP,0.014923569082621232,0.1702272420051724,0.0,0.0,2
ANKS1B,0.014909119578283992,-0.0702834962760108,0.0090530335598295,-2.0,1
FAF1,0.014909105107897305,0.1700956282159406,0.0,0.0,3
SFPQ,0.014902845676719798,-0.1700386710190821,0.0,0.0,3
AVPR2,0.014901839268277166,-0.1700295132853901,0.0,0.0,3
PTCH2,0.014901311566473202,0.1657774484111803,0.0003852293689364,-1.0,1
UQCRC2,0.014893304290071947,0.1699518499290831,0.0,0.0,1
UEVLD,0.014889767853410228,0.1699196704045533,0.0,0.0,2
SLC35E1,0.014888263298769999,0.1699059798291004,0.0,0.0,2
CHST8,0.014886721989170928,0.1698919548048187,0.0,0.0,3
LAS1L,0.014880704353715085,0.1698371978089254,0.0,0.0,2
CLIP3,0.014880623781042204,0.1698364646442878,0.0,0.0,2
MYOD1,0.014873904412216253,0.1697753222813268,0.0,0.0,3
TSSK1B,0.01487264847195441,0.1697638939526644,0.0,0.0,3
ZNF451,0.014869602019390651,-0.1697361729995181,0.0,0.0,1
FKBP15,0.0148644182692399,-0.169689003876729,0.0,0.0,2
PHTF1,0.01486027727274542,0.1696513232080168,0.0,0.0,1
ZNF84,0.014855767149665222,-0.1696102837012549,0.0,0.0,1
TTC27,0.014838932007680924,0.169457093663862,0.0,0.0,4
ASB4,0.014836607323211909,0.169435940382169,0.0,0.0,2
PNPLA3,0.014819845078128615,0.1692834136643371,0.0,0.0,2
RAD17,0.014817872825381644,0.1692654673071078,0.0,0.0,2
AP1G1,0.014816098820135239,0.1692493248872645,0.0,0.0,2
TRMT1L,0.014815546749231884,0.1692443013619264,0.0,0.0,2
CRAT,0.01481401943540992,0.1692304036911069,0.0,0.0,1
QRICH1,0.014802909533084161,-0.1691293100172726,0.0,0.0,3
FLOT2,0.014796578930439218,0.1690717052012988,0.0,0.0,1
LASP1,0.014790985075938819,0.1690208043665517,0.0,0.0,2
TOP2B,0.01478639282310633,-0.1689790175266318,0.0,0.0,2
UBQLN2,0.014783378968825447,0.1689515931989715,0.0,0.0,1
CPLX3,0.014782281120009528,0.1689416034108652,0.0,0.0,1
SFI1,0.014772651492660525,0.1688539793816144,0.0,0.0,1
SAP30BP,0.014772303352579131,-0.168850811508594,0.0,0.0,2
BBX,0.014766006358128053,-0.1391629739653535,0.0026875080286964,1.0,1
AVPR1B,0.014762796814812547,0.1687643075232223,0.0,0.0,3
LILRA4,0.014761700065627556,-0.1687543277411203,0.0,0.0,1
REN,0.014760898760290145,-0.1687470363268444,0.0,0.0,1
SNX4,0.014753979926609704,-0.168684078949282,0.0,0.0,3
LSM6,0.014741253209420623,-0.1685682731970108,0.0,0.0,4
DAG1,0.014740073649156013,0.1685575398820669,0.0,0.0,1
ZNF484,0.014739818045180918,0.1685552140339963,0.0,0.0,2
DCAF11,0.014733563837304895,0.1684983043661548,0.0,0.0,4
C5orf15,0.014720018659941927,0.1146169114540665,0.0048758962548432,1.0,3
CNOT6,0.014719385446791758,0.1683692892277672,0.0,0.0,1
CEP104,0.014715032555938673,-0.1683296804431681,0.0,0.0,1
CYP11B2,0.014711428181720046,0.168296882726235,0.0,0.0,1
GPR144,0.014703618568076234,0.1682258197671441,0.0,0.0,2
TMEM127,0.014674587122165267,-0.1679616504308344,0.0,0.0,2
CD8B,0.014673149708738085,-0.1679485708015171,0.0,0.0,1
HINT1,0.014665121028779296,0.1678755144658919,0.0,0.0,3
PRKRIR,0.014661530489043968,-0.1678428426347408,0.0,0.0,2
DZANK1,0.014651065756612206,-0.1677476196331158,0.0,0.0,1
NSD1,0.014650538593426249,0.1677428227535739,0.0,0.0,4
TNNT3,0.014648474979528297,0.1677240450628074,0.0,0.0,1
SYMPK,0.014647835020105908,0.1677182218028707,0.0,0.0,2
KLHL28,0.01464737024315621,0.1677139926019308,0.0,0.0,2
AKAP8,0.014645233819140962,-0.1676945523812847,0.0,0.0,1
RANBP2,0.014633265164310594,-0.1675856445572392,0.0,0.0,3
DRG2,0.014630703647410587,0.1675623362376503,0.0,0.0,2
SLC23A2,0.01463069558574695,-0.1675622628811823,0.0,0.0,2
RAB4A,0.014628870154542206,0.1675456525149155,0.0,0.0,1
FBXL12,0.014621645187573865,-0.1674799095018138,0.0,0.0,3
MAML3,0.014609221935620552,-0.1673668651073534,0.0,0.0,3
EPS8L2,0.014601002713645532,-0.1672920749497849,0.0,0.0,2
RPL22,0.014592001249751727,-0.1672101668440042,0.0,0.0,1
CSDC2,0.014587921596720831,-0.1671730443652668,0.0,0.0,1
TTC31,0.014569366517328614,-0.1670042038940327,0.0,0.0,1
TPM1,0.014566959609429123,-0.1669823024267645,0.0,0.0,1
CSNK1D,0.014566424996081129,0.1669774377550649,0.0,0.0,2
ASH1L,0.01456600355203911,0.1669736028584768,0.0,0.0,3
RARS2,0.014561350927004037,0.1669312666664944,0.0,0.0,2
DAD1,0.014546149506840375,0.1667929425510537,0.0,0.0,2
WWP2,0.014531221631606597,-0.1666571075359768,0.0,0.0,4
CYB561D2,0.014529481545388122,0.1666412737596342,0.0,0.0,2
CMTM6,0.014528333084908373,-0.1666308234347126,0.0,0.0,2
ADRBK1,0.014522820876296454,0.1665806655302432,0.0,0.0,1
PANK2,0.014515218250505661,-0.1665114860406813,0.0,0.0,1
PLSCR1,0.014515114131436215,-0.1665105386174783,0.0,0.0,1
PSPC1,0.01448906429104379,0.1662735001637773,0.0,0.0,2
ZNF7,0.01448553927910232,0.166241424597582,0.0,0.0,4
TSG101,0.014482456291223977,-0.1662133711942424,0.0,0.0,1
NEUROD6,0.01447961916766293,0.1361563426723938,0.002723849388139,-2.0,1
DDX31,0.014470279632466146,0.1661025706549792,0.0,0.0,2
TBP,0.014460561721699306,-0.1660141432977795,0.0,0.0,2
PPP2R5B,0.014453100145384281,-0.1659462472767198,0.0,0.0,4
TAF9B,0.014446750481356348,-0.1658884690132054,0.0,0.0,2
SPATA2,0.014444607133324657,0.1658689657880216,0.0,0.0,1
IL1RAPL2,0.014441505330652587,0.1658407411809608,0.0,0.0,2
KCNH4,0.014438353635676414,0.1161907619022804,0.0045006824220467,2.0,2
CFHR2,0.014437557377849682,0.165804817097988,0.0,0.0,1
LTBR,0.014433250822839227,0.1657656299427088,0.0,0.0,2
CHUK,0.014432960000930565,-0.1657629836318488,0.0,0.0,1
KIAA0586,0.014427701088000832,0.165715130571322,0.0,0.0,3
ZNF350,0.01442404988929968,-0.1656819067787291,0.0,0.0,2
C2orf72,0.014422244758389928,0.1467423988724394,0.0017163351732967,1.0,2
GRIP2,0.014420804468028679,0.1656523753256339,0.0,0.0,2
PPOX,0.014417477015726082,0.1656220974376818,0.0,0.0,1
SPRED2,0.014416691383396461,-0.1656149486386955,0.0,0.0,1
MAK16,0.014415821864714075,-0.1656070365225047,0.0,0.0,2
TM9SF2,0.014399841347014443,0.1654616230709135,0.0,0.0,2
PAX1,0.014396460209023855,0.1654308566743074,0.0,0.0,2
QTRT1,0.014388791758905686,0.1653610782215065,0.0,0.0,2
KLHL11,0.014386434794540008,0.1653396312114576,0.0,0.0,2
EHBP1L1,0.01437024315640806,-0.1651922966862603,0.0,0.0,1
HPCA,0.014368584489083139,0.1651772037746731,0.0,0.0,2
LRPAP1,0.01436631548584935,-0.1651565571599577,0.0,0.0,1
POLR2A,0.01435647737663199,0.165067036066504,0.0,0.0,2
SSNA1,0.014354691630202969,0.165050786808702,0.0,0.0,2
RRP8,0.014353816005277664,0.1650428191292387,0.0,0.0,2
WNT16,0.014353427242857873,0.1650392816164764,0.0,0.0,1
HCG18,0.014352155807715955,0.1650277122933834,0.0,0.0,3
OBSL1,0.014352150953219888,0.165027668120282,0.0,0.0,2
BFAR,0.01434415043023934,0.164954867996844,0.0,0.0,1
SIRT3,0.014338561260452371,0.1649040097902747,0.0,0.0,2
ZNF419,0.014326482003357852,0.1647940955497109,0.0,0.0,1
APOL5,0.014324685396934071,0.1647777474722491,0.0,0.0,2
RABEPK,0.014321360146054498,0.164747489615971,0.0,0.0,2
MFSD7,0.01432024305637125,-0.1647373247471206,0.0,0.0,2
ELAVL3,0.014314923564732528,0.1646889204554427,0.0,0.0,2
PDLIM7,0.01431469186805157,0.1646868121498963,0.0,0.0,1
SETD1A,0.014312322874149202,0.1646652556780337,0.0,0.0,2
HECW1,0.014311582959829434,0.164658522886447,0.0,0.0,3
RNF4,0.014308950638669615,0.1646345702891194,0.0,0.0,2
MAPK8IP3,0.01430707665602722,0.1646175181329018,0.0,0.0,3
ACAD10,0.014293083691303315,0.1644901902617563,0.0,0.0,4
YTHDC1,0.014280881054682818,-0.164379153338995,0.0,0.0,4
MGST3,0.01428045150358402,-0.1643752446728876,0.0,0.0,3
FKRP,0.014275651947930389,-0.1643315714974113,0.0,0.0,2
GIPC1,0.014263550858318734,0.1642214585935918,0.0,0.0,2
FBXO42,0.014259856075406552,-0.1641878382099322,0.0,0.0,2
HDAC11,0.01425713206480808,-0.1641630512918398,0.0,0.0,2
ZNF675,0.014251540910196337,0.1641121750245151,0.0,0.0,2
SFSWAP,0.014249862885945498,-0.1640969059761179,0.0,0.0,1
PPM1B,0.014242631082954241,-0.1640311007591686,0.0,0.0,1
MTOR,0.014228325537695501,0.1639009285862724,0.0,0.0,4
TAF7L,0.01421547191366131,0.1637839680552434,0.0,0.0,1
CCNI,0.014206025543757488,-0.1636980115625602,0.0,0.0,1
MUS81,0.014205483293675176,-0.1636930774010032,0.0,0.0,1
SCAF11,0.014202143304772742,-0.1636626854372566,0.0,0.0,2
KCTD2,0.014195344510494586,-0.1406619354201016,0.0020805709395672,1.0,2
INTS9,0.014179881478281638,-0.1634601157151962,0.0,0.0,1
SRC,0.014176884052709731,0.1634328408792684,0.0,0.0,4
SUMO1,0.014175288423428368,0.1634183215773519,0.0,0.0,1
PSMB7,0.014170105852150854,0.1633711631816262,0.0,0.0,3
NEMF,0.014167613769240852,-0.1633484866711147,0.0,0.0,1
GCC1,0.014164840218814465,0.1633232489692928,0.0,0.0,2
NBR1,0.014161757978701407,0.163295202370184,0.0,0.0,2
CSNK1A1,0.01415296653143013,-0.1632152052939799,0.0,0.0,1
OSBP,0.014148696463616656,0.1631763501510517,0.0,0.0,2
TXNRD2,0.014139669039799414,0.1630942058250095,0.0,0.0,1
NDUFA6,0.014125198425361331,0.1629625316182261,0.0,0.0,2
KATNB1,0.014118092870484374,0.1628978751859659,0.0,0.0,2
SIRT4,0.014109060273719875,0.162815683789101,0.0,0.0,1
NECAP2,0.014108428081745665,-0.1628099312084421,0.0,0.0,2
PEX26,0.0141045331803048,0.1627744898621247,0.0,0.0,3
TMEM121,0.014104410644926712,0.1627733748611839,0.0,0.0,2
PCYOX1L,0.014099267003389931,-0.1627265707035421,0.0,0.0,1
REG1B,0.014097665266047752,0.1627119958218113,0.0,0.0,3
SETD1B,0.014097008404400193,0.1627060187614191,0.0,0.0,1
PPP1R2,0.01409577757999802,0.162694818972527,0.0,0.0,2
PLEKHA4,0.014082611602263673,-0.1625750162038114,0.0,0.0,1
KIN,0.014082217279218262,-0.1625714280925779,0.0,0.0,4
PTBP1,0.01407207505701928,0.1624791397472014,0.0,0.0,4
STOML1,0.014066323886425503,0.1624268074271571,0.0,0.0,1
MRFAP1L1,0.014061724502923192,-0.1623849557022735,0.0,0.0,2
PIGK,0.014061417792643421,-0.1623821648164425,0.0,0.0,2
LETM1,0.014060377840639945,0.1623727018557827,0.0,0.0,4
BRD8,0.014052658961893998,0.1623024645316885,0.0,0.0,2
STK3,0.01404937328783933,0.1622725668015853,0.0,0.0,2
CRYBB1,0.014049299514491366,0.1622718955068648,0.0,0.0,2
NFATC2IP,0.014039901079928425,-0.1621863751980088,0.0,0.0,1
KIAA1467,0.014033686687228682,-0.1114849098513017,0.0045935251386996,-2.0,1
EIF3L,0.014033624464282132,-0.1621292616324414,0.0,0.0,2
DIRAS2,0.014032134042664856,0.1621156996593084,0.0,0.0,2
MEF2BNB,0.01402833397674189,-0.162081121261254,0.0,0.0,1
DNAJB12,0.014026200583277052,-0.1620617086168607,0.0,0.0,3
SMAD2,0.014021311554156427,-0.1620172212846777,0.0,0.0,2
RPL23AP53,0.014011316239416823,-0.16192626971206,0.0,0.0,1
MATN1,0.013994398965028878,0.1617723323173833,0.0,0.0,2
INSL3,0.013973915816857214,0.1615859475374231,0.0,0.0,4
CNNM2,0.01397137755178533,0.1615628507959975,0.0,0.0,3
HOXB6,0.013967733810878631,-0.1615296948650129,0.0,0.0,2
CAPZB,0.013965587729370165,0.1615101667667743,0.0,0.0,2
SF3A1,0.013963973416864726,-0.1614954774583442,0.0,0.0,3
SSX3,0.013960522305174848,0.1614640743416189,0.0,0.0,1
HTR4,0.013943822049375658,0.0899973295801782,0.0064682945000089,3.0,2
CNNM3,0.013942147215614192,0.1612968716735618,0.0,0.0,1
DIAPH1,0.01394179555211233,-0.1612936717394567,0.0,0.0,2
OLAH,0.013934179925541666,-0.1612243739503309,0.0,0.0,4
PRDM10,0.013929629649105383,0.1611829690712944,0.0,0.0,1
CIDEA,0.013928735691306043,0.1611748345732999,0.0,0.0,1
DNAJC24,0.013928197859216358,-0.1611699406129159,0.0,0.0,3
SETD5,0.013924923347782588,0.161140144456195,0.0,0.0,1
NDUFS4,0.01392467679161969,-0.1611379009379729,0.0,0.0,1
MGC4859,0.013918175136453732,-0.0641322708900043,0.0087931042075203,2.0,1
BTBD7,0.013915737768580265,-0.1610565610077874,0.0,0.0,2
AHSG,0.013913860813453695,0.1610394818036861,0.0,0.0,3
MTAP,0.013907775349591882,0.1609841076085998,0.0,0.0,2
CFL1,0.013902635006714544,0.1609373334668476,0.0,0.0,3
LINC00328,0.013896546965560683,0.160881935819897,0.0,0.0,2
LIN7B,0.01387716462276551,0.1607055677310312,0.0,0.0,1
ARHGAP1,0.013872820142907109,0.1606660354816102,0.0,0.0,4
PACS2,0.013871305588171332,-0.1606522539110821,0.0,0.0,1
MED31,0.013863903422866558,-0.1605848984957916,0.0,0.0,1
THEG,0.013849172601848122,0.1604508565598966,0.0,0.0,1
TNNI1,0.013847522816660409,0.1604358444706115,0.0,0.0,1
UROD,0.013838831935113172,0.1603567624842261,0.0,0.0,2
ZNF33B,0.013828141080012764,-0.160259481897337,0.0,0.0,1
TNKS,0.013827028334796019,-0.1602493565606145,0.0,0.0,2
ZNF821,0.013825516853555974,0.1602356029571167,0.0,0.0,4
RDH11,0.01382478292954722,0.1602289246738893,0.0,0.0,4
URM1,0.01381685313122071,-0.1601567681038236,0.0,0.0,3
GMEB1,0.013809936131639623,-0.1600938274155026,0.0,0.0,2
CACNG4,0.013798732889123718,-0.1599918844000214,0.0,0.0,2
MSI1,0.013798509141947673,0.1599898484303636,0.0,0.0,1
ATRIP,0.013771112603497787,-0.1597405558046472,0.0,0.0,1
KCNQ2,0.01376773969685739,0.1597098643085584,0.0,0.0,1
TAF6L,0.013765475470578794,0.1596892611613674,0.0,0.0,2
SIRT6,0.013738961133191018,0.1594479960541488,0.0,0.0,3
BEND5,0.013718295283816379,-0.1592599487991028,0.0,0.0,1
ATXN2L,0.013717109965792298,0.1592491630918839,0.0,0.0,2
ZNF175,0.013713979123136976,-0.1592206742378019,0.0,0.0,4
H6PD,0.013709085117750333,-0.1591761416244815,0.0,0.0,1
RAC1,0.013700651704213002,0.1590994024478034,0.0,0.0,2
PSMA3,0.013691510281200425,0.1590162207951374,0.0,0.0,3
PKLR,0.013684473136862428,0.1589521868591431,0.0,0.0,1
SEPT6,0.013662385993461647,0.1587512066519893,0.0,0.0,1
TRPV6,0.01366081607507295,0.1587369213042986,0.0,0.0,3
PICK1,0.01365483645790592,0.1586825102528048,0.0,0.0,2
SLC30A3,0.013644954387937532,0.1585925891419886,0.0,0.0,4
SF3B2,0.013644724112018938,0.1585904937645565,0.0,0.0,2
RCBTB1,0.013639876713520516,-0.1585463852469138,0.0,0.0,3
TRAPPC2,0.013625118050816397,0.1584120899678112,0.0,0.0,1
DNAJC16,0.013624354965586711,0.15840514633437,0.0,0.0,2
SLC27A5,0.013624124748328489,0.1584030514907133,0.0,0.0,3
UTP11L,0.01360339402172344,0.1582144138904619,0.0,0.0,4
N6AMT1,0.013586412974051035,0.1580598961958483,0.0,0.0,2
C1orf61,0.01357004377839828,0.1579109460000925,0.0,0.0,2
PSMB1,0.013569227317191717,0.157903516676189,0.0,0.0,2
REPS1,0.013567712801928302,0.1578897354648365,0.0,0.0,1
CCNJ,0.013548062390195662,-0.157710928103965,0.0,0.0,1
DEAF1,0.01354541277145049,0.1576868181086333,0.0,0.0,3
SLC12A1,0.013543515339996143,0.0541981086424661,0.0093849234609855,3.0,3
GUCA1B,0.0135261458160945,0.157511499978606,0.0,0.0,1
CHRNB2,0.013523233862067588,0.1574850028842135,0.0,0.0,2
C11orf58,0.0135222984466086,-0.1574764911455377,0.0,0.0,4
BLK,0.013510670666473074,0.1573706850837047,0.0,0.0,2
TBX19,0.013508481700740333,0.1573507667638733,0.0,0.0,4
LIMS1,0.013502172249193317,-0.1572933544106352,0.0,0.0,2
PDE11A,0.013486244703867598,0.1571484229769532,0.0,0.0,3
RPL18A,0.013485224490637032,0.1571391396276898,0.0,0.0,2
RALGAPA1,0.01347831841420998,-0.1570762983337414,0.0,0.0,3
TPCN1,0.013467495295201394,-0.1569778142219246,0.0,0.0,2
SELT,0.013460440231381881,-0.1569136172290315,0.0,0.0,2
MTMR7,0.013455893439216243,0.156872244054839,0.0,0.0,1
ZFX,0.013447311268894013,0.1567941512776114,0.0,0.0,2
TSEN2,0.013421043621095691,-0.1565551309027193,0.0,0.0,2
GOLPH3,0.013412709691735369,0.1564792969744086,0.0,0.0,2
SHPK,0.01340734216797832,0.1564304556182848,0.0,0.0,4
ZBTB11,0.013398869067158663,0.1563533553103333,0.0,0.0,1
COQ7,0.013386182671673586,0.1562379164622052,0.0,0.0,2
AJAP1,0.013383846893774415,-0.1562166622367256,0.0,0.0,1
BRD7,0.013382475560602842,-0.1562041838994459,0.0,0.0,1
NEK1,0.013378595608736317,-0.1561688785855929,0.0,0.0,3
C22orf31,0.013373384560785195,0.1561214610686374,0.0,0.0,2
FBXW7,0.013366687769933895,0.1560605241521635,0.0,0.0,2
SRD5A2,0.013363406195414847,-0.1560306637254591,0.0,0.0,1
ZNF180,0.013357761819300089,-0.1559793031732947,0.0,0.0,1
SOAT2,0.01335769841770279,0.1559787262554956,0.0,0.0,1
UBE2I,0.013349935698369354,-0.1559080900074575,0.0,0.0,3
SLC9A5,0.013348423962850338,0.1558943340901684,0.0,0.0,3
ZNF717,0.013346431302707601,-0.1558762020374621,0.0,0.0,2
CDH4,0.013325361827813369,0.1556844820240576,0.0,0.0,1
PPP1R8,0.01331726398642429,0.1556107963594905,0.0,0.0,3
TMEM59,0.01330520434386482,0.1385739774761738,0.0015352968266914,1.0,1
EXOSC10,0.013301512952241964,-0.1554674710749388,0.0,0.0,1
RFC1,0.013289852009591678,-0.1553613632534366,0.0,0.0,2
USPL1,0.013285802268259584,-0.1553245129538268,0.0,0.0,2
RAB3IL1,0.013282506439068824,0.1552945228178693,0.0,0.0,1
ACAP1,0.013277961092281429,-0.1552531627957813,0.0,0.0,1
SIN3B,0.013275861370228119,-0.1552340565417229,0.0,0.0,2
RPL6,0.013268783484580257,0.1551696518834153,0.0,0.0,2
CST8,0.013263877938921581,0.1551250142603061,0.0,0.0,1
WDR73,0.01325229305644549,-0.1550195985423181,0.0,0.0,1
RAB11B,0.013249238603146711,0.1549918047871189,0.0,0.0,1
ART1,0.013247477989155956,0.0983679664095827,0.0051343638130251,1.0,1
MYH7B,0.013247085509018148,0.1549722128781007,0.0,0.0,1
CREBBP,0.013244307056758529,-0.1549469305724366,0.0,0.0,1
ZNF330,0.013238270876069321,-0.1548920048256652,0.0,0.0,2
PPIA,0.013232613402347675,0.1548405250928672,0.0,0.0,4
SCN5A,0.013231068758965566,0.1548264697330915,0.0,0.0,1
EPB41L1,0.013214757678585543,-0.1546780483526443,0.0,0.0,1
BECN1,0.013211887065224777,0.15465192743436,0.0,0.0,2
SH2B1,0.013201632926646115,-0.1545586207147753,0.0,0.0,1
SLC16A8,0.013197686972074265,0.1545227148145473,0.0,0.0,3
RAD52,0.013189426114624307,0.1544475457982814,0.0,0.0,1
WDR52,0.013186442542996443,-0.1544203970252171,0.0,0.0,1
HPSE2,0.013182172857362843,-0.1543815453599043,0.0,0.0,2
PNN,0.013181771439414689,0.1543778926891668,0.0,0.0,3
CCL1,0.01318031368097236,0.154364627932,0.0,0.0,1
SNX17,0.013176704285459594,-0.1543317845241997,0.0,0.0,2
CLP1,0.013175122119544273,0.1543173877311132,0.0,0.0,3
CEBPE,0.013171654993844657,0.1542858388961782,0.0,0.0,2
LY6G6D,0.013170866915091664,0.1542786678361567,0.0,0.0,1
SCAP,0.013164907500074364,-0.1542244406125199,0.0,0.0,1
RPL3L,0.013161516383018655,0.1541935834122033,0.0,0.0,2
CCDC87,0.01316094368931734,0.1541883722313531,0.0,0.0,2
DNASE1L2,0.013157677179842396,0.154158648887821,0.0,0.0,3
AKAP10,0.013152722652785323,-0.1541135655623673,0.0,0.0,1
THAP11,0.013152312910356472,-0.1394141228309565,0.0013329103062508,-2.0,1
LBP,0.01315008923565382,0.1540896029923324,0.0,0.0,1
VPS33A,0.013145724677794221,0.1326378203742652,0.0019420876773169,1.0,2
TAF1,0.013134358437835284,0.1539464618469658,0.0,0.0,4
DAPK3,0.013134320155959988,0.153946113504082,0.0,0.0,1
APBA1,0.0131207762252276,0.1538228715820788,0.0,0.0,2
UBE2NL,0.01311032239621695,0.1537277477952682,0.0,0.0,3
HADHA,0.01311020394338492,-0.153726669943131,0.0,0.0,1
ENSA,0.013100159408435334,0.1536352704951218,0.0,0.0,2
GJA8,0.013092829890675927,0.1535685761304005,0.0,0.0,2
H2AFV,0.013090786655696197,0.1535499838759818,0.0,0.0,3
EXOC3,0.013076550157409975,0.1534204399905281,0.0,0.0,1
PIWIL2,0.013068030209044922,0.153342913397058,0.0,0.0,1
NPPB,0.013063094936868124,0.1532980052798581,0.0,0.0,2
LHX3,0.013060890971799037,0.1532779504747569,0.0,0.0,1
PTGER1,0.01306048444006045,-0.1532742512714895,0.0,0.0,1
CHMP6,0.01305312062370887,0.1532072448094528,0.0,0.0,1
POLR1E,0.013046250827147048,0.1531447336412566,0.0,0.0,2
DCLRE1C,0.013042242817180624,0.1531082630728943,0.0,0.0,2
LRIG2,0.013040043122733339,0.153088247127977,0.0,0.0,1
CAMK2G,0.013024661423881373,-0.1529482825809303,0.0,0.0,1
NQO2,0.01302259614715136,-0.1529294897593555,0.0,0.0,2
GDNF,0.013008417388183693,0.1528004712682452,0.0,0.0,3
ANKFY1,0.013001476179162858,-0.15273731028805,0.0,0.0,3
IPO7,0.01299804988526256,0.1527061329988299,0.0,0.0,1
AHSP,0.012993775868800204,-0.1526672419254848,0.0,0.0,3
SSTR5,0.012985941059978405,0.1525959497048729,0.0,0.0,2
PRR14L,0.012975796093271685,0.1525036363860662,0.0,0.0,3
ZBTB7A,0.012972153387813124,-0.1524704898770597,0.0,0.0,4
MFN2,0.012969784649276082,0.1524489357288736,0.0,0.0,3
C18orf32,0.012969673963921959,-0.1524479285562847,0.0,0.0,1
C8G,0.012966841846480497,0.125510827010975,0.0024408742284764,-1.0,1
DHX16,0.012961252969655945,0.1523713023877796,0.0,0.0,3
PGK2,0.012960534540758708,0.1523647651010888,0.0,0.0,3
PUM2,0.012959883180506056,0.1523588381002026,0.0,0.0,2
RALGPS1,0.012959291552593092,-0.1523534546289973,0.0,0.0,1
MED25,0.012949538959731088,0.1522647116848272,0.0,0.0,1
PBX2,0.012931772788491943,0.1521030498206747,0.0,0.0,3
KCND1,0.012917705049033522,0.1519750415427713,0.0,0.0,3
ZNF506,0.012916840495274442,-0.1519671746045058,0.0,0.0,3
BFSP2,0.012896726164994796,0.1517841458536615,0.0,0.0,3
ACTR1B,0.012885492372588528,-0.1516819248518793,0.0,0.0,1
STUB1,0.012882188707014958,0.1516518634093788,0.0,0.0,1
NCSTN,0.012881412491909551,0.1516448003016763,0.0,0.0,4
IQCK,0.01288033288675473,-0.1516349765203152,0.0,0.0,2
POU2F1,0.012879982056921698,0.1516317841721134,0.0,0.0,2
NGB,0.012879421819624674,0.1516266863373247,0.0,0.0,3
SIRT5,0.012868629207474653,0.1515284798202445,0.0,0.0,3
MED27,0.012867113756388342,0.1515146900934459,0.0,0.0,2
SLC5A12,0.012856986556685742,0.1514225384440821,0.0,0.0,4
RNASE3,0.012855831462293008,-0.1514120277543962,0.0,0.0,2
SOS1,0.012850329088342171,0.1513619593396442,0.0,0.0,3
VPS16,0.012849201985495481,0.1491831699337957,0.0001966873121969,-1.0,1
TUBB4A,0.012844618831862283,0.1513099993143297,0.0,0.0,2
SMG6,0.012843488065958922,-0.1512997099998006,0.0,0.0,4
METTL22,0.012842594456143223,0.1512915786682556,0.0,0.0,2
LPO,0.012835509230209239,0.1512271072175974,0.0,0.0,2
REXO2,0.012823191859510363,0.1511150262812024,0.0,0.0,2
ARL6IP4,0.012820205581727981,-0.1510878528837,0.0,0.0,3
GOSR2,0.01280663736263081,0.1509643899516505,0.0,0.0,4
RPS6KA6,0.012798950613508305,0.150894444988513,0.0,0.0,2
SEC11A,0.012798579786855183,-0.150891070680835,0.0,0.0,4
FARP2,0.012788650956393931,0.1508007240766278,0.0,0.0,3
ETV2,0.012787055943938698,0.1507862103874717,0.0,0.0,1
NOX5,0.012785404547527971,0.1507711836369907,0.0,0.0,4
SGTA,0.01278072779971917,0.1507286279417447,0.0,0.0,2
THAP3,0.012760750055872338,0.1505468420482977,0.0,0.0,3
STAM2,0.012750261129762866,-0.1504513988982239,0.0,0.0,3
NPEPL1,0.01274988785844214,0.1504480023454872,0.0,0.0,1
RNF219,0.01273753605843465,0.1503356081223329,0.0,0.0,2
MAP3K10,0.01273157297158216,0.1502813474871234,0.0,0.0,1
ING1,0.012724842657493744,0.1502201055286159,0.0,0.0,2
NFU1,0.012715879341040182,-0.1501385445424379,0.0,0.0,2
FOXI1,0.012714900297238471,0.1501296358111226,0.0,0.0,2
LDHAL6B,0.01271290130094657,0.0867266154170176,0.0057490430395983,2.0,3
NR2C1,0.012712272109211907,-0.1501057208229128,0.0,0.0,3
TP53BP1,0.012706005161923125,0.1500486952337967,0.0,0.0,3
NFKBIB,0.012690573441179258,0.1499082755165175,0.0,0.0,1
SSTR3,0.012690113938803793,0.1499040943111469,0.0,0.0,1
PRODH2,0.012685325383942845,0.1498605212365099,0.0,0.0,3
INADL,0.012683444984642108,0.1498434106924193,0.0,0.0,1
ZNF254,0.012683086170372827,0.149840145690474,0.0,0.0,2
PRKD2,0.012676760056585374,-0.1497825817205024,0.0,0.0,2
ABL2,0.01267190171078574,-0.1497383735887618,0.0,0.0,1
TAZ,0.012663891863901622,0.1496654886232038,0.0,0.0,1
ATG12,0.012660249001375159,-0.1496323406849704,0.0,0.0,1
HRG,0.012659629121325356,0.1496267001356898,0.0,0.0,1
CSF2,0.012654956161373644,-0.1495841789077485,0.0,0.0,2
SMYD2,0.012639877282884272,-0.1494469698505404,0.0,0.0,2
CDIPT,0.012639401579467427,-0.1494426412250805,0.0,0.0,2
NCLN,0.012638667115084278,0.1494359580247592,0.0,0.0,3
DDA1,0.012636029106372943,0.1494119536740083,0.0,0.0,2
C2orf42,0.012628904571259404,0.1493471245325928,0.0,0.0,1
NSMAF,0.01262793573202291,-0.1493383086569082,0.0,0.0,1
MBD4,0.012613835875258732,0.1492100081301319,0.0,0.0,2
CELF1,0.0126052069791709,0.1491314901755113,0.0,0.0,3
RPS29,0.01259167437135956,-0.1490083512855289,0.0,0.0,1
C19orf26,0.012591121702212686,0.1490033223165214,0.0,0.0,1
CYTH2,0.012580774255260482,-0.1489091665448025,0.0,0.0,2
ARHGDIA,0.012570896930580593,0.1488192886133621,0.0,0.0,1
GOSR1,0.012563124536791731,0.1487485643333852,0.0,0.0,2
ATP5SL,0.012562981444275954,-0.1487472622744027,0.0,0.0,2
GABRG3,0.012562434024399221,0.1103414642431488,0.0034829776510827,-2.0,1
NDUFV2,0.012562263386731946,0.1487407283668111,0.0,0.0,3
PACS1,0.012561565948446672,0.1487343820825267,0.0,0.0,3
KCNH1,0.012543203106204956,0.1323362964434196,0.0014721611536182,1.0,1
SLC35E3,0.01253891034167998,0.1485282291881237,0.0,0.0,2
CHMP7,0.012529056004397555,-0.1484385604286808,0.0,0.0,1
RIMBP2,0.012514847142943585,0.1483092680223872,0.0,0.0,3
NKX3-1,0.012514781258042573,-0.1483086685079632,0.0,0.0,3
EEF1B2,0.012512340431414278,0.1482864583999162,0.0,0.0,2
BCKDHA,0.012511394547887243,0.1482778514078866,0.0,0.0,1
FAM135A,0.01250307409125137,0.148202140073562,0.0,0.0,1
ZSCAN12,0.012481363904366303,0.148004589952284,0.0,0.0,4
TLN2,0.012477630935903948,0.1479706221022434,0.0,0.0,3
GPN3,0.012473754589418592,0.14793534959527,0.0,0.0,1
KLHDC4,0.012473735776050165,0.1479351784045182,0.0,0.0,1
UBTF,0.012472096337279548,0.1479202604616337,0.0,0.0,2
ARHGEF7,0.012471220806783362,-0.1479122936414207,0.0,0.0,2
PDE6B,0.012457279753385786,-0.0826355990694569,0.0059091303825602,-2.0,1
COPS8,0.012455771196315482,0.1477717111380187,0.0,0.0,3
RREB1,0.012455171031804374,0.1477662499887166,0.0,0.0,1
TCP11,0.01245495182107286,0.1477642552980755,0.0,0.0,1
BBS1,0.012439035124367968,-0.1476194225805571,0.0,0.0,2
MLXIP,0.012435025173806874,-0.1475829343539077,0.0,0.0,3
ZNF337,0.012418796141577693,-0.1474352595640926,0.0,0.0,1
UBOX5,0.012418704715732176,-0.1474344276418726,0.0,0.0,1
EXTL1,0.012415133675061836,0.1474019332409147,0.0,0.0,1
NPAT,0.01241138397427768,0.1473678131364408,0.0,0.0,1
AK5,0.012404189176808349,0.1473023446482992,0.0,0.0,2
KLRC4,0.012401787156740398,-0.1472804876574659,0.0,0.0,2
TMEM104,0.012395801909034335,-0.1472260253713294,0.0,0.0,1
LATS1,0.012395281637057378,-0.1472212911977965,0.0,0.0,3
HARS,0.012391475177431421,0.1471866546207496,0.0,0.0,2
SETD2,0.012371504926209169,-0.1470049369058449,0.0,0.0,2
CDX2,0.012356987208484941,0.1468728340864503,0.0,0.0,3
RNF6,0.012346645697876921,-0.1467787323320238,0.0,0.0,2
DIDO1,0.012336199327446916,-0.1466836764139754,0.0,0.0,1
TEX15,0.012335035852255259,0.1466730894638753,0.0,0.0,2
PPY,0.012329173424016987,0.1466197447637313,0.0,0.0,3
HOXC5,0.012327951143510566,0.14660862271934,0.0,0.0,2
MORN1,0.012322797430214322,0.077879848418508,0.0062294885265121,-4.0,1
THOC7,0.012319793464598739,0.1465343925679871,0.0,0.0,1
KDM5C,0.012304220399033792,0.1463926866947345,0.0,0.0,1
CACNG1,0.012285133635467061,0.1462190082055822,0.0,0.0,1
FAU,0.0122833284775438,-0.1462025823144301,0.0,0.0,1
MRPS31,0.012271240318055234,-0.1460925870672387,0.0,0.0,1
CEP135,0.012268580861502716,-0.1460683875535604,0.0,0.0,1
HIST1H3I,0.012263970337961394,0.1460264344607766,0.0,0.0,3
RPRD2,0.01225567491783437,0.1459509509441758,0.0,0.0,2
ARAF,0.012222877257000787,-0.1456525112343009,0.0,0.0,3
PRPF40A,0.01221285760458362,0.1455613382029192,0.0,0.0,3
CCDC132,0.012200608571906977,0.1454498791029299,0.0,0.0,3
SRSF10,0.012193322977604224,0.1453835844162139,0.0,0.0,1
GATA1,0.012191798555428224,0.1453697130576972,0.0,0.0,1
PHF20L1,0.012168891834195925,0.1451612751671586,0.0,0.0,3
MYF6,0.012153873559566217,0.1450246175699582,0.0,0.0,1
ZCWPW1,0.012138409000996218,-0.1448838990474882,0.0,0.0,1
SERPINA10,0.012128449054060415,0.1447932693013922,0.0,0.0,1
LGALS8,0.012125786011133025,0.1447690371537806,0.0,0.0,1
ASB7,0.012125331644936958,0.1447649026846665,0.0,0.0,2
KDM4D,0.012124590580670983,0.1248020792496272,0.001810028718423,-1.0,2
TXLNA,0.01212025234612137,0.1447186840085059,0.0,0.0,1
ZNF467,0.01211210119258077,-0.1446445132342502,0.0,0.0,1
FEV,0.012111026147802207,0.1446347309496707,0.0,0.0,1
IFT140,0.012111000906643129,-0.1446345012697484,0.0,0.0,2
GRPR,0.012104720597962032,0.1445773540997041,0.0,0.0,2
FN1,0.012103610775584049,-0.1445672553591208,0.0,0.0,1
PARP11,0.012099579985899465,-0.1445305775085223,0.0,0.0,2
CHRND,0.012085331647784433,-0.1444009258874867,0.0,0.0,1
NFYC,0.01208233477884345,0.1443736561165778,0.0,0.0,2
ZCCHC4,0.012077228048948948,0.1443271878334933,0.0,0.0,1
TMPRSS5,0.012053675050803438,0.144112869197512,0.0,0.0,1
CBY1,0.012052781233441775,0.144104735977419,0.0,0.0,1
C20orf27,0.012052613093676444,-0.1441032060029785,0.0,0.0,1
SIX3,0.01204947525652096,0.1440746535029978,0.0,0.0,2
LPIN1,0.012044652627836171,-0.144030770376307,0.0,0.0,1
FBXO31,0.012036016489795543,-0.1439521865241121,0.0,0.0,1
TM6SF2,0.012034968351221222,0.1439426490704011,0.0,0.0,2
ELAC2,0.012032730912905512,0.1439222896781508,0.0,0.0,3
PRPF18,0.012032513206988199,0.143920308680447,0.0,0.0,1
HOXD3,0.012029110992407702,0.143889350499085,0.0,0.0,2
PPP1R37,0.012025553830135137,0.1438569823835054,0.0,0.0,3
TM2D1,0.012018441183846814,-0.1437922614235107,0.0,0.0,2
TNIP2,0.012008428220468844,-0.1437011492585099,0.0,0.0,2
USF2,0.012008024854485523,0.1436974788617811,0.0,0.0,2
ASB8,0.012001042211487843,-0.1436339408564044,0.0,0.0,2
TSNAX,0.011998006120893264,0.1436063141911737,0.0,0.0,3
PLSCR2,0.01199492807269978,0.1408403576423286,0.0002483335722588,1.0,3
COMMD4,0.011994324989611057,0.1435728180294368,0.0,0.0,4
ZNF268,0.011987601933561881,-0.1435116421148809,0.0,0.0,2
CHM,0.011984413233862975,-0.143482626795226,0.0,0.0,1
SLC5A5,0.01197441540699026,0.1433916523636526,0.0,0.0,2
RAB3GAP1,0.011968924709362767,0.1433416901966775,0.0,0.0,2
CHRNA2,0.011960706246109091,0.1432669069430336,0.0,0.0,2
CHMP1A,0.011959631909413735,0.143257131101601,0.0,0.0,3
TBC1D22A,0.011957925489150834,-0.1432416036659473,0.0,0.0,1
CELA3A,0.01195494166391923,0.1432144525852359,0.0,0.0,3
DCTN4,0.011952261969273863,-0.1431900689166391,0.0,0.0,2
POLR2J4,0.011933261348089851,0.1430171742732567,0.0,0.0,3
LOC100131532,0.011929321109249673,-0.1429813203828751,0.0,0.0,1
BABAM1,0.01191982898371991,0.1428949475405077,0.0,0.0,1
ZNF529,0.011917889286251511,-0.1428772974174501,0.0,0.0,1
WNT1,0.011911405818628432,0.1428183016187487,0.0,0.0,1
SLC25A42,0.011911359740322749,-0.1428178823328658,0.0,0.0,2
YIPF6,0.01190824954109829,0.1427895813220434,0.0,0.0,1
LEMD3,0.011907384825658797,-0.1427817129125798,0.0,0.0,2
TMEM151B,0.01189570455462485,0.1426754292139856,0.0,0.0,3
SLC13A4,0.01189318858941373,0.1426525353883719,0.0,0.0,2
NUFIP1,0.011888911020482453,0.142613611989618,0.0,0.0,3
RPL29,0.011885053372763197,0.1425785096305816,0.0,0.0,1
VAV2,0.011879377745639904,0.1425268647123471,0.0,0.0,1
STK24,0.011874363672077138,0.1424812395481942,0.0,0.0,3
DEPDC5,0.011851826425375833,0.1422761636618057,0.0,0.0,1
DDN,0.011847742870566709,0.1422390056791472,0.0,0.0,2
MSL3,0.01184267002803758,0.1421928457514525,0.0,0.0,1
BRSK2,0.011837306776864006,0.1421440432733627,0.0,0.0,1
EDF1,0.011834661657793153,0.1421199742224601,0.0,0.0,1
RNF123,0.011834091277485987,-0.1421147840921562,0.0,0.0,4
CCL25,0.011833245104214928,0.1421070844056816,0.0,0.0,1
CYP19A1,0.011817603236137062,0.1419647524694272,0.0,0.0,2
ZNF362,0.011788920664957155,0.1417037576910242,0.0,0.0,1
NYX,0.011788171595048634,0.1416969415888848,0.0,0.0,3
ADCK4,0.01177276166359749,0.1415567201415442,0.0,0.0,1
TBC1D22B,0.011770054486402694,0.1415320863976716,0.0,0.0,4
PRR14,0.011757329716297624,0.1414162983627367,0.0,0.0,2
TEX261,0.011754676256661739,0.141392153417525,0.0,0.0,3
MED9,0.01175372912350843,0.1413835350546204,0.0,0.0,3
ZCCHC14,0.01174208788700034,-0.141277606547594,0.0,0.0,2
SUGP2,0.011740474295635468,0.1412629238011252,0.0,0.0,1
MAP1A,0.011718579259510649,0.1410636916588713,0.0,0.0,3
UBL5,0.011698017784111512,0.1408765941465257,0.0,0.0,2
ALPPL2,0.011683866245312525,0.1407478233431784,0.0,0.0,2
CHCHD3,0.011672602576791036,0.1406453304860586,0.0,0.0,3
YWHAB,0.011672431595288765,-0.1406437746534585,0.0,0.0,3
FGF21,0.01164637238727425,0.1404066509598243,0.0,0.0,1
ARFGAP2,0.011644447440334674,-0.1403891350580322,0.0,0.0,1
NPHP4,0.011636407967481208,-0.1403159805133191,0.0,0.0,1
PBRM1,0.011633940033575853,-0.1402935237447574,0.0,0.0,3
TMEM11,0.011627400846518258,0.140234020931487,0.0,0.0,1
GLYR1,0.01162675130654768,-0.140228110494113,0.0,0.0,1
PSMD5,0.011623656980663779,0.1401999539214923,0.0,0.0,2
KLHL18,0.011614790728984737,-0.1401192761685209,0.0,0.0,4
SREBF2,0.011613731192668621,-0.1401096350019637,0.0,0.0,2
ZNF787,0.011609449266656597,0.1400706719562996,0.0,0.0,2
DGCR8,0.01160478336485801,0.1400282149534621,0.0,0.0,1
SERPINA6,0.011603526493820376,0.1400167781552793,0.0,0.0,2
MCRS1,0.011602159971876278,0.1400043435973819,0.0,0.0,1
AMHR2,0.011588649679881748,0.1366111616095952,0.0002966133334041,-1.0,1
VPS54,0.011587839760810285,0.1398740379741374,0.0,0.0,2
ACTN3,0.011586146668078777,0.1398586318112971,0.0,0.0,1
KCNB2,0.01155595447831949,0.1395839003785291,0.0,0.0,2
STIM1,0.011550577724648702,-0.1395349750355383,0.0,0.0,1
SOX14,0.011532028495907287,0.1393661878018365,0.0,0.0,3
TOLLIP,0.011528325712191255,-0.1393324946154977,0.0,0.0,1
B3GALT4,0.011525422995305012,-0.1393060815737331,0.0,0.0,2
ABO,0.011508376065426361,0.1391509643892163,0.0,0.0,1
DRD2,0.01149908083022802,0.1390663831347821,0.0,0.0,1
SNAPC2,0.011496370213562632,0.13904171809372,0.0,0.0,1
PROP1,0.01148847215105292,0.1389698503011987,0.0,0.0,3
CABP5,0.01147708117050628,0.1388661989784175,0.0,0.0,3
CDK9,0.011463119031970887,-0.1387391516077261,0.0,0.0,4
CLN6,0.011460816960426105,0.1387182040905412,0.0,0.0,4
APOA2,0.011458810244062983,0.1386999441343739,0.0,0.0,2
EIF2D,0.011456532941945551,0.1386792220046259,0.0,0.0,2
AFM,0.011435278800660961,0.0993884844486332,0.0035461524749644,-1.0,2
VCPIP1,0.011435045521136443,-0.1384836989255634,0.0,0.0,1
FXR2,0.011426792435877166,-0.1384086006317293,0.0,0.0,1
PCDHA10,0.011425571406542764,0.1383974899722784,0.0,0.0,2
KRAS,0.011409228455311293,0.1382487785855497,0.0,0.0,2
SEC23B,0.011406988699712834,0.1382283981073691,0.0,0.0,1
SRSF1,0.011406674146590778,0.1382255358562176,0.0,0.0,3
SCN4A,0.011393704924179628,0.1381075234469386,0.0,0.0,2
ZNF134,0.011390245096203008,0.1380760410170544,0.0,0.0,1
ACTB,0.011386120990044072,0.138038514040609,0.0,0.0,1
DCAF8,0.011385517417733838,-0.1380330218823094,0.0,0.0,2
CA5A,0.011375393016396892,0.1379408956964516,0.0,0.0,2
PEX14,0.011370537992278395,-0.1378967177900847,0.0,0.0,1
ZNF592,0.011366552754229748,-0.1378604544329796,0.0,0.0,3
AIP,0.01136132836448947,-0.1378129155134733,0.0,0.0,1
SYNRG,0.011335973943675796,0.137582204974997,0.0,0.0,2
PSG3,0.01132393122305037,0.1374726231951319,0.0,0.0,1
KTN1,0.011312079634979525,-0.1373647806107669,0.0,0.0,1
INSL6,0.011310620447992355,0.1373515028546698,0.0,0.0,1
TLE6,0.011310069208958827,0.1373464868988651,0.0,0.0,2
CLTB,0.011299039601870457,-0.1372461238651662,0.0,0.0,1
MPDU1,0.011295477515567037,0.1372137109437589,0.0,0.0,2
OAZ1,0.01128389522257717,-0.1371083187885951,0.0,0.0,3
ALG11,0.01127959792004577,-0.1370692158255142,0.0,0.0,1
BCAT2,0.011241242989460085,0.1367202081809037,0.0,0.0,2
MYH13,0.01123081971800189,0.1366253624501147,0.0,0.0,1
SLC10A3,0.011225788450242333,0.1365795808287337,0.0,0.0,1
C21orf62,0.01120610877642017,0.0839795370855716,0.0047546141577095,1.0,2
ZNF518A,0.011205254659455216,0.1363927352303164,0.0,0.0,1
SDHB,0.011191582283084197,0.136268324527426,0.0,0.0,2
MON2,0.011190324182196235,-0.1362568765383178,0.0,0.0,2
STRADA,0.011184678366541531,0.136205502887174,0.0,0.0,2
ADAM11,0.011164352111548037,0.1360205457442277,0.0,0.0,2
CUL4A,0.011155956996169156,0.1359441550586007,0.0,0.0,2
FOXP3,0.01114971755999222,0.1358873798046618,0.0,0.0,3
NKX2-8,0.011135012982838045,0.1357535766727253,0.0,0.0,1
ILKAP,0.011135007187433333,-0.1357535239379004,0.0,0.0,1
LOC155060,0.011128534217804338,-0.1356946236648624,0.0,0.0,2
CCDC30,0.011126109888980506,-0.1356725636772768,0.0,0.0,2
ZNF783,0.01112339999832531,0.1356479052424868,0.0,0.0,2
CLDN14,0.011117244705351085,0.1355918956429381,0.0,0.0,3
NEK11,0.011115856323415416,-0.1355792621717836,0.0,0.0,1
IL9R,0.011102571360224136,0.1354583767043528,0.0,0.0,1
AKAP9,0.011097102666174781,-0.1354086147571894,0.0,0.0,2
GRM4,0.011087674018730748,0.1353228195286215,0.0,0.0,3
SKIV2L2,0.011086884690118643,-0.1353156370956063,0.0,0.0,1
AZGP1P1,0.011077534927517554,0.1352305596734015,0.0,0.0,1
ZNF609,0.011067074757333858,0.1351353781855904,0.0,0.0,1
NECAP1,0.011058976365669104,-0.1350616875138335,0.0,0.0,1
RPS9,0.01104911902398094,-0.1349719914160392,0.0,0.0,1
OR2H2,0.011041758876627724,0.1349050183397617,0.0,0.0,1
AP1AR,0.011039873844531947,0.1348878656399206,0.0,0.0,1
ITSN1,0.011038296526235065,-0.1348735129573531,0.0,0.0,4
TTC38,0.01103598943986601,0.134852519808173,0.0,0.0,3
ARID4B,0.011019385602586744,0.1336097207638152,9.901910667493524e-05,1.0,4
POLG,0.011019287511913441,-0.1347005419412816,0.0,0.0,1
GPR157,0.011011133105871318,-0.1346263415711466,0.0,0.0,2
KRTAP5-8,0.011010321752528538,0.1346189587258439,0.0,0.0,2
GABRB1,0.01098851698542071,0.0966864746280572,0.0034225036086342,2.0,1
KLHL25,0.010980395815120501,0.1343466500351996,0.0,0.0,1
GNA12,0.010980146404989061,0.1343443805475174,0.0,0.0,2
DHX30,0.01096595844572784,-0.1342152783390666,0.0,0.0,1
PDPR,0.010953362379558658,-0.1341006614353743,0.0,0.0,1
RNF139,0.010949559271638213,0.1340660553569055,0.0,0.0,1
RPS25,0.010948501112312523,-0.1340564267201633,0.0,0.0,2
PAPOLA,0.010918894262986397,0.1337870215461775,0.0,0.0,2
ZNF276,0.010911364312234823,-0.1337185033573629,0.0,0.0,1
GALNS,0.010910936027496555,0.1337146062144026,0.0,0.0,2
F7,0.010910434017507476,0.133710038214378,0.0,0.0,3
BAZ1B,0.010898785150573525,0.1336040402748975,0.0,0.0,4
OR51E2,0.010898318017178369,0.1335997896316693,0.0,0.0,2
MAP2K5,0.010897445228102463,-0.1335918477567924,0.0,0.0,3
PKNOX1,0.010893327399389889,-0.1335543779014716,0.0,0.0,2
TNP1,0.010891953126000742,0.1335418728099156,0.0,0.0,1
PYY,0.010886459617312499,0.1334918850639165,0.0,0.0,1
CCBL1,0.010882301832460002,0.1334540516308739,0.0,0.0,1
GUK1,0.010871257485427324,0.1333535544722224,0.0,0.0,2
HTR5A,0.010867171793541706,0.1333163770434061,0.0,0.0,2
POLL,0.010853371206847217,-0.1331907997008601,0.0,0.0,1
PHKA2,0.01084858734840402,0.1331472693609034,0.0,0.0,2
RNASEH2B,0.01084537222836421,-0.1331180136314548,0.0,0.0,2
COG8,0.010843192042791867,0.1330981752059956,0.0,0.0,4
BEST2,0.010830538267710436,0.1329830331846397,0.0,0.0,2
RDH8,0.01082974385693701,0.1329758045069012,0.0,0.0,1
SSTR2,0.0108167975788119,0.1300737649786181,0.0002525319045713,1.0,2
CUL9,0.010815041744364613,0.1328420238012308,0.0,0.0,3
TRPC2,0.010813141543981422,-0.1328247330787631,0.0,0.0,2
PAK4,0.010806472524635104,0.1327640488668931,0.0,0.0,1
PROZ,0.010804769282304363,0.1327485503485807,0.0,0.0,1
RAB2A,0.010801689106511832,0.1327205225335926,0.0,0.0,2
ARHGEF11,0.010797832943871837,0.132685433687917,0.0,0.0,1
PSMA2,0.010783831379867126,0.1325580275682988,0.0,0.0,2
MPO,0.010778041826309663,-0.1325053459855249,0.0,0.0,2
DGCR14,0.0107745031869127,0.1324731464173807,0.0,0.0,3
S100A5,0.010763818886295228,0.1323759254724885,0.0,0.0,1
FGF20,0.0107536891193308,0.1322837504625296,0.0,0.0,1
LOR,0.010753060243628218,0.132278028058021,0.0,0.0,2
APOA4,0.010750665763521796,0.1322562396764688,0.0,0.0,2
RPL27A,0.0107505092135583,0.1322548151625096,0.0,0.0,1
ARNT,0.010737428301799717,-0.1321357864448843,0.0,0.0,4
GPR52,0.01073219142053421,0.1320881338597363,0.0,0.0,1
FOXD2,0.010705156868356698,0.1318421350993554,0.0,0.0,2
TTLL5,0.010693279917173325,0.1317340617253624,0.0,0.0,1
CHERP,0.010691060692846682,0.131713868069859,0.0,0.0,2
HTR1D,0.0106864164293127,0.1316716079626917,0.0,0.0,2
SUPT4H1,0.010684913715598578,0.1316579341385997,0.0,0.0,2
LENEP,0.010681346850459487,0.1068748127860399,0.0022449004989987,2.0,1
SRP14,0.010668752703246626,-0.1315108782902551,0.0,0.0,2
EWSR1,0.010666373246852203,-0.131489226615777,0.0,0.0,1
LUZP2,0.010661558823058402,0.1183788462696987,0.0011851460877949,1.0,2
KCNH6,0.010655591712892851,0.1313911209038129,0.0,0.0,1
DTX3,0.01065472754080848,0.1313832574385661,0.0,0.0,1
HCN2,0.010652980833328048,0.1313673634125762,0.0,0.0,2
USP36,0.010647763074340889,-0.1313198848290813,0.0,0.0,2
FGF17,0.010625727194519919,0.1311193710908005,0.0,0.0,1
ARPC3,0.010621033879416314,-0.1310766646427712,0.0,0.0,1
NMUR1,0.010613274821135704,-0.1310060617081925,0.0,0.0,1
LUZP4,0.01060979429223867,0.1309743909119271,0.0,0.0,1
BAP1,0.010593758076418294,-0.1308284706397099,0.0,0.0,1
AIDA,0.010585411813726176,-0.1307525244852261,0.0,0.0,1
INTS3,0.010584375696284563,-0.1307430964168574,0.0,0.0,1
SPHK2,0.01054970087772454,0.1304275756593398,0.0,0.0,1
SLC6A7,0.010517829821832438,0.1301375675175364,0.0,0.0,2
NTSR2,0.010513821737871874,0.1301010962758703,0.0,0.0,2
METTL2B,0.010503248687791686,-0.1300048876464063,0.0,0.0,1
CDK14,0.01049333471207576,-0.1299146762117744,0.0,0.0,3
CEP170,0.010482421890641674,-0.1298153758598612,0.0,0.0,1
RNF216,0.010468703187778103,0.1296905436127312,0.0,0.0,3
GPT,0.010462683388539248,0.1296357669276662,0.0,0.0,2
ZNF747,0.010448826052432341,0.1295096731983491,0.0,0.0,2
DLG2,0.010437738296080292,0.1294087810400437,0.0,0.0,1
ZNF3,0.010418892576241037,0.1292372959091452,0.0,0.0,3
ANXA7,0.010417581890105304,-0.1292253694247514,0.0,0.0,2
ATP6AP2,0.010416889595323794,0.129219069943371,0.0,0.0,1
CASP9,0.010413591407807368,-0.1291890583480164,0.0,0.0,1
C22orf46,0.01041276074113703,0.1253637612391163,0.0003462712268534,1.0,2
HDAC6,0.010409298628645171,0.1291499965449743,0.0,0.0,3
PRM2,0.010404340016245048,0.129104876045266,0.0,0.0,1
FOXH1,0.010375753569418418,0.1288447559427812,0.0,0.0,2
NCR3,0.0103740533153815,-0.1288292846162111,0.0,0.0,2
GC,0.010356755520567008,0.128671884706135,0.0,0.0,1
TBL1Y,0.010345371958265402,0.1285683008850853,0.0,0.0,3
ZBTB17,0.010333616817526165,0.1284613359155542,0.0,0.0,1
TMSB4Y,0.010316467467949592,-0.1283052867711306,0.0,0.0,2
BCLAF1,0.010301189497941586,-0.1281662660964611,0.0,0.0,2
HTR6,0.010294881912930166,0.1281088707276154,0.0,0.0,1
SPTBN4,0.010294595307788404,0.1281062627868909,0.0,0.0,3
HIST1H2BN,0.010274183968687869,0.1279205314278702,0.0,0.0,2
DYNC1H1,0.010263612200518864,0.1278243344630552,0.0,0.0,2
FN3K,0.010262322098499903,0.1278125952821971,0.0,0.0,2
EIF3K,0.010247955202279203,0.1276818648510952,0.0,0.0,1
BAD,0.010228303055314273,0.1275030417006153,0.0,0.0,1
HIST1H4L,0.01022566955037995,0.1274790783316256,0.0,0.0,3
BAZ2A,0.010212366385563432,0.1273580272399516,0.0,0.0,1
WNT6,0.010197866960238196,0.1272260908707888,0.0,0.0,2
UBR4,0.010193895720402451,0.1271899548893102,0.0,0.0,2
CD164,0.010191323932307098,0.127166553107795,0.0,0.0,1
CSNK2A2,0.010185257380619641,-0.1271113510025372,0.0,0.0,2
NCL,0.01018043292361844,0.1270674512392264,0.0,0.0,2
LARP4B,0.010179895866363782,-0.1270625643293922,0.0,0.0,3
ARVCF,0.010171364948736251,0.1269849379219894,0.0,0.0,2
FGF23,0.01015591130633602,0.1268443187303392,0.0,0.0,1
MYCN,0.010153227481815902,0.1268198974822751,0.0,0.0,3
G3BP1,0.010137379495980222,0.1266756899938539,0.0,0.0,2
CACNA1H,0.010131063719252058,0.1266182200851323,0.0,0.0,2
BMP10,0.010116818192766698,0.1264885940482976,0.0,0.0,1
SOS2,0.010110655560316158,-0.1264325176637671,0.0,0.0,2
FNDC3A,0.010104407580114053,-0.1263756646641498,0.0,0.0,1
C8orf44,0.010100630160213054,0.1263412923317737,0.0,0.0,1
ANKRD2,0.01008972228133483,0.126242036954255,0.0,0.0,1
SBF1,0.010086640560343725,0.1262139950788552,0.0,0.0,2
PPP2R2B,0.010062801586512342,0.1259970742298333,0.0,0.0,1
ANXA2,0.010058543329448947,-0.1259583265578874,0.0,0.0,2
OXT,0.010045078125342173,0.1258358010025613,0.0,0.0,1
NUP188,0.010043930253921304,0.1258253560377342,0.0,0.0,1
C7orf69,0.010013649819594662,0.1255498216305342,0.0,0.0,2
STMN4,0.010012361820955544,0.1255381015892139,0.0,0.0,2
RPS17,0.010008995120046863,0.125507466561688,0.0,0.0,1
FAM96B,0.010000707030055865,0.1254320497450778,0.0,0.0,1
FNDC8,0.00996323213351956,0.1250910499004049,0.0,0.0,1
LOC284009,0.009962976765110852,-0.1250887261958519,0.0,0.0,1
HGC6.3,0.009955162605086306,0.1250176218673306,0.0,0.0,2
CPNE6,0.009953126247631677,0.1249990921944053,0.0,0.0,1
EXOSC9,0.009949754611029243,-0.1249684122549261,0.0,0.0,1
YY1AP1,0.00993978040284476,0.1248776527397304,0.0,0.0,1
NUMA1,0.009937587452936039,-0.1248576981662061,0.0,0.0,1
CCKBR,0.009927962284396767,0.1247701147095403,0.0,0.0,3
TNKS2,0.00991720935992339,-0.1246722693273216,0.0,0.0,1
ZNF227,0.009910647616212756,-0.1246125612615784,0.0,0.0,1
LIPC,0.00990952696213643,0.1246023639588163,0.0,0.0,1
ZP2,0.009897591327027576,0.1244937565951042,0.0,0.0,2
SLC22A1,0.009889207456035526,0.1244174682268821,0.0,0.0,1
ATG3,0.009860942616571711,-0.1241602745650523,0.0,0.0,1
PDCD1,0.00985936399663447,0.1241459100383117,0.0,0.0,1
MAT1A,0.009846333889471199,0.1240273436130664,0.0,0.0,1
ZXDC,0.009839496012178171,-0.1239651228917215,0.0,0.0,2
MTMR3,0.009830410972794372,-0.1238824542974074,0.0,0.0,1
LILRP2,0.00982240150253351,0.1238095727589028,0.0,0.0,1
BMI1,0.009814268472675344,-0.123735566899656,0.0,0.0,1
RPL35,0.009806485380306118,0.1236647452687968,0.0,0.0,1
MATR3,0.009794125477566758,0.1235522773154774,0.0,0.0,2
FLJ11710,0.009777173415023393,0.1233980233687434,0.0,0.0,3
SCN10A,0.009770206874933645,0.1233346318904985,0.0,0.0,2
RBPJL,0.009765200375973108,0.123289075650837,0.0,0.0,3
CA7,0.009737949344377123,0.1230411070531811,0.0,0.0,2
ENPP1,0.00973600421339024,0.1230234074882536,0.0,0.0,1
MAP2K1,0.009733269899744317,-0.1229985268183992,0.0,0.0,1
PVR,0.009731170569566485,-0.1229794241301806,0.0,0.0,2
GTF2A2,0.009728024782544028,-0.1229507992910168,0.0,0.0,2
GIGYF2,0.009725033193197313,0.1229235775613566,0.0,0.0,2
YME1L1,0.009725011499035818,0.1229233801570571,0.0,0.0,3
RPL9,0.009718062875302396,-0.1228601517072736,0.0,0.0,1
LHX5,0.009707584480579545,0.1227648043867159,0.0,0.0,1
HTN1,0.009700750807045019,0.1227026219171376,0.0,0.0,1
RNF141,0.009693113517731418,-0.122633127009603,0.0,0.0,1
GABRR2,0.009673010668789976,0.1224502027322838,0.0,0.0,2
PEX5L,0.009660347410787279,0.122334974421839,0.0,0.0,1
PSPN,0.009656164325667448,0.1222969107710232,0.0,0.0,1
PIKFYVE,0.009645897018517162,-0.1222034842250669,0.0,0.0,3
RMND5B,0.009627303249363877,0.1220342916994248,0.0,0.0,1
UGGT2,0.009607221823093485,0.1218515623559994,0.0,0.0,1
SCRT1,0.009593166582262823,0.1217236678083666,0.0,0.0,1
PARD6A,0.009569671885663347,0.121509879682673,0.0,0.0,1
GML,0.009558645592837527,0.1214095468068429,0.0,0.0,1
IAPP,0.009558439078913234,0.1214076676497907,0.0,0.0,1
DAZAP2,0.009558020877164154,-0.1214038622561897,0.0,0.0,3
BSDC1,0.00955318820818134,-0.1213598877686044,0.0,0.0,1
SLC12A5,0.009541900705810347,0.121257178037264,0.0,0.0,1
RRP15,0.009540264898728685,0.1212422931406447,0.0,0.0,1
GPR25,0.009539362181304233,0.1212340789351372,0.0,0.0,2
MYL10,0.009532893784845316,0.1211752202752971,0.0,0.0,2
POLR3B,0.009525327172801917,0.1211063684899693,0.0,0.0,2
KDM4C,0.009523201319069785,-0.1210870244527749,0.0,0.0,2
OCM2,0.009513603767037155,0.104382000125601,0.0015072348768565,-1.0,1
ZNF148,0.009507965994154927,-0.1209483918237435,0.0,0.0,1
MATN4,0.009507110660559032,0.1209406087836206,0.0,0.0,3
LCMT2,0.009491987133912038,-0.1208029934540483,0.0,0.0,2
CATSPERG,0.009477831734990871,0.1206741875258258,0.0,0.0,1
CLCNKA,0.009475572111553672,-0.1206536262618245,0.0,0.0,1
TBKBP1,0.00947549339251109,0.1206529099641486,0.0,0.0,1
FKBP6,0.009466614497520141,0.1205721171643647,0.0,0.0,2
CSTF2T,0.009462175820899098,-0.1205317277789834,0.0,0.0,1
ELMO2,0.009431754330758936,-0.1202549098456113,0.0,0.0,1
KIF25,0.009408398067343938,0.1200423813816851,0.0,0.0,1
CTDNEP1,0.009406307292483958,-0.1200233565419018,0.0,0.0,1
ARL8B,0.009405314405275011,-0.1200143218436018,0.0,0.0,1
EXOG,0.00940284029966909,-0.119991808916141,0.0,0.0,3
KIF24,0.009391375604800026,0.1198874868357375,0.0,0.0,2
FUT7,0.009385707974702322,0.1198359146858022,0.0,0.0,1
CSRP3,0.009378495687124415,0.1197702870478067,0.0,0.0,1
ABCB8,0.009371532056937412,0.1197069220479907,0.0,0.0,1
CCKAR,0.009364195887910596,0.1196401671605899,0.0,0.0,3
POU3F4,0.009357065704091883,0.1195752866192303,0.0,0.0,2
OPA3,0.009343465069195958,-0.1194515287221946,0.0,0.0,1
LOC729164,0.009340673039304461,-0.1194261228679476,0.0,0.0,1
MADD,0.009317645694873346,-0.1192165873761916,0.0,0.0,2
OR1D2,0.009315323574139963,0.1191954574230074,0.0,0.0,2
IRS4,0.00929331458454426,0.1189951883701957,0.0,0.0,1
DHODH,0.009288974237916914,0.1189556937307824,0.0,0.0,3
ZNF45,0.00928592545146611,-0.1189279515406163,0.0,0.0,1
FOXJ2,0.00927031119305421,-0.1187858708363245,0.0,0.0,3
POLH,0.00926264054244681,0.1187160723603466,0.0,0.0,2
KCNJ4,0.009253070632796321,0.1186289917275505,0.0,0.0,2
CLCA1,0.009251238822342911,0.1186123233138171,0.0,0.0,1
CELF3,0.009244515645591929,0.1185511463009447,0.0,0.0,3
RCOR1,0.009243380574492938,-0.1185408178116299,0.0,0.0,1
CD40LG,0.009239735144769586,-0.1185076465133923,0.0,0.0,2
CHRM5,0.009239055523141781,-0.1185014623503675,0.0,0.0,1
ZIC3,0.009237445986581298,0.1184868165002692,0.0,0.0,2
RLBP1,0.009236691107095832,0.1184799475343458,0.0,0.0,1
RIC8B,0.009232801313050551,-0.1184445526623689,0.0,0.0,2
ZNF443,0.009231584483605577,-0.0927371753316519,0.0023306706219714,2.0,1
GGA1,0.009220056107664111,-0.1183285786782142,0.0,0.0,2
POU4F3,0.009212901019087696,0.1182634715179899,0.0,0.0,1
LYZL6,0.009211599854066048,0.1182516316702175,0.0,0.0,3
GGNBP2,0.009210549342683345,-0.1182420726253251,0.0,0.0,2
NPFFR1,0.00921032759970121,0.1182400548926706,0.0,0.0,1
COX11,0.009190435258643277,0.1180590461151183,0.0,0.0,1
ATMIN,0.00916346226211589,0.1178136074754868,0.0,0.0,2
GNAO1,0.009160951288133216,0.1177907590671599,0.0,0.0,2
FUT5,0.009158583425053827,0.1177692128851312,0.0,0.0,1
ANP32B,0.009154614071385882,0.1177330940666867,0.0,0.0,1
SEMA3B,0.009120521561632374,0.1174228719819054,0.0,0.0,3
ARID5B,0.009120394272248871,0.1174217137222699,0.0,0.0,1
SCARB1,0.009120210114252868,0.1174200379912116,0.0,0.0,1
SLC6A11,0.009115650279948196,0.1173785461411108,0.0,0.0,2
CNR2,0.009100004943830106,0.1172361826476998,0.0,0.0,1
BRF1,0.009094994415758608,0.1171905897454631,0.0,0.0,4
TIAM2,0.009076225857918539,0.1170198067440478,0.0,0.0,1
BSN,0.009065279523712569,0.1169202014453285,0.0,0.0,1
ADI1,0.009056458372203443,-0.1168399340777713,0.0,0.0,1
EML3,0.009056180670201043,-0.1168374071504563,0.0,0.0,2
CDKL3,0.00904403063151342,-0.087685126948899,0.0026341019969532,-1.0,2
ATP6V1G2,0.009042328490213825,0.1167113603388408,0.0,0.0,1
EIF3M,0.009031729636177759,-0.1166149169083297,0.0,0.0,2
MAP2K7,0.00903165791863509,0.1166142643202462,0.0,0.0,1
ATP6V1H,0.0090185266133586,0.1164947770508071,0.0,0.0,1
ZNF324B,0.009014095901319519,0.1164544601385068,0.0,0.0,1
CHRM4,0.008994521916936322,-0.1162763482222315,0.0,0.0,1
DGKI,0.008993078418292536,0.116263213220969,0.0,0.0,3
RNF25,0.008988074982698142,0.1162176848561644,0.0,0.0,1
HNRNPK,0.008987443493908617,-0.1162119386740787,0.0,0.0,1
RFPL3,0.00898441163339593,0.1161843505001422,0.0,0.0,1
RGSL1,0.008969792422360283,0.1160513241504212,0.0,0.0,1
PCSK6,0.008964256677821985,0.116000952082659,0.0,0.0,2
GNPTAB,0.00895617912270712,-0.1159274510114329,0.0,0.0,2
GIP,0.008955312704545517,0.1159195671081847,0.0,0.0,1
ASTE1,0.008948974375349505,0.1158618919850731,0.0,0.0,1
CHRNA3,0.008932771022240488,0.1157144508603724,0.0,0.0,1
RPP30,0.008920840872399752,-0.1156058934094219,0.0,0.0,2
GPR1,0.008906990365983317,-0.1154798618263308,0.0,0.0,1
SV2C,0.008887497076747682,0.1153024841891417,0.0,0.0,2
PIGQ,0.008880690534687022,0.115240548600255,0.0,0.0,1
EIF4G2,0.008869815077913547,0.0614234471523037,0.0048722683614801,1.0,2
ITFG2,0.008853044263401206,-0.1149889835504325,0.0,0.0,1
NEU3,0.008841842607991993,0.1148870549767026,0.0,0.0,2
ANKRD55,0.008840376065995543,-0.1148737102942827,0.0,0.0,2
MGC2889,0.008834337405632602,0.1148187619839171,0.0,0.0,2
RNF8,0.008830058180554738,0.1147798235151889,0.0,0.0,1
CACNG2,0.008824957064230757,0.1147334063123435,0.0,0.0,1
CBLN1,0.008822054097125696,0.1147069909937326,0.0,0.0,3
EXD3,0.00881558247574156,-0.1146481029889416,0.0,0.0,2
SLIT1,0.008815146121911907,0.1146441324219251,0.0,0.0,2
SAG,0.008813794362966261,0.1146318321987596,0.0,0.0,1
SERHL2,0.008797737361207222,0.1144857227865444,0.0,0.0,2
GFI1B,0.008789195775055122,-0.1144079993017496,0.0,0.0,2
TCTN2,0.008759156337476174,0.1141346578253146,0.0,0.0,2
EYA3,0.008747970963088696,0.1140328773994489,0.0,0.0,2
CHAT,0.008746382307756989,-0.1140184215564334,0.0,0.0,2
PARP6,0.008746218166552864,0.114016927966583,0.0,0.0,1
HADHB,0.008735784147763785,-0.1139219844413102,0.0,0.0,2
CHRNG,0.008720885020431578,0.1137864110154804,0.0,0.0,1
SART1,0.008717701782842197,0.1137574453978573,0.0,0.0,3
ZNF706,0.00871213210305984,0.113706764539037,0.0,0.0,1
GPR3,0.008700830930428567,0.1136039304162489,0.0,0.0,1
HYAL4,0.008683703938519326,0.1134480847136435,0.0,0.0,2
PCDHA5,0.008678480208652788,0.1134005517986059,0.0,0.0,1
NCR2,0.008668640434614018,0.113311015556242,0.0,0.0,1
CLTA,0.008653957208482513,0.1131774067062405,0.0,0.0,1
CETN1,0.008641789508181489,0.1130666876837435,0.0,0.0,2
ASCL3,0.008638757762486233,0.1130391005545791,0.0,0.0,1
TCEB3B,0.008637263228393338,0.1130255011603008,0.0,0.0,1
MPZ,0.008635373632249876,0.1130083069302703,0.0,0.0,1
TTTY2,0.008615651658895473,0.1128288484001052,0.0,0.0,3
NEUROD2,0.008602640324824417,0.1127104527991215,0.0,0.0,1
ZNF480,0.008581934019440513,0.1125220374178323,0.0,0.0,1
RPAIN,0.008575441946097044,0.1124629633120617,0.0,0.0,1
AMELY,0.008570699565389818,0.1124198103954692,0.0,0.0,3
TGFBRAP1,0.008565968251370284,0.1123767581793224,0.0,0.0,3
PTPRA,0.008563649391278594,0.1123556578960883,0.0,0.0,1
KIAA1661,0.008560254651318181,0.1123247677294381,0.0,0.0,1
RPL12,0.008559048623948797,0.1123137935791764,0.0,0.0,3
SLC45A2,0.00854827108294361,0.1122157242007816,0.0,0.0,1
ST3GAL4,0.00854130365133192,0.1121523246102036,0.0,0.0,1
GRHPR,0.008527726904961749,-0.1120287840849107,0.0,0.0,1
CA6,0.008515628392132352,0.1119186946283167,0.0,0.0,2
PRKAR2A,0.00851476921478922,-0.1119108766123211,0.0,0.0,2
INVS,0.008508304494237371,0.1118520514011054,0.0,0.0,1
LINC00483,0.00849427706643475,0.1117244099359123,0.0,0.0,2
TNFRSF4,0.008491225929877923,0.1116966463611431,0.0,0.0,1
ARHGEF12,0.00848226502405673,-0.1116151073103229,0.0,0.0,4
VAMP7,0.008480890540662077,0.1116026003078385,0.0,0.0,1
TCL1B,0.008475851365122281,0.1115567467302393,0.0,0.0,2
RPS15,0.00847576991141308,-0.1115560055486817,0.0,0.0,1
STXBP5L,0.00845712794667798,0.1113863744711707,0.0,0.0,2
MDN1,0.008438832622193887,-0.1112198976190926,0.0,0.0,1
SUCLG1,0.008433673057254527,0.1111729485677137,0.0,0.0,2
TREH,0.008405173905943952,0.110913622803844,0.0,0.0,1
OR7A10,0.008390910204504129,0.0865587715404915,0.002197227793748,1.0,1
AGFG2,0.008379231267014073,0.1106775598213372,0.0,0.0,3
MAP3K2,0.008374554548173449,-0.1106350043896848,0.0,0.0,1
CDKL5,0.008367470344599759,-0.1105705422419129,0.0,0.0,3
GPR31,0.008364281668971726,0.110541527141289,0.0,0.0,1
KRT12,0.008348212794465149,0.0937005267558177,0.0015142270573124,2.0,1
RNMTL1,0.00834604619566344,0.1103755949002316,0.0,0.0,1
PROL1,0.00833916832012282,0.1103130102180095,0.0,0.0,3
KCTD7,0.00831003624369019,-0.1100479252022603,0.0,0.0,2
PTGR2,0.00830997557052275,-0.110047373111592,0.0,0.0,1
PRDM8,0.008304433819598063,0.1099969463891939,0.0,0.0,3
RAB7A,0.008303274481866412,-0.1099150736802498,6.469076812987646e-06,-1.0,2
GPR6,0.008301939134230728,0.1099742461978286,0.0,0.0,1
SMEK1,0.00829781917676738,0.1099367569721092,0.0,0.0,1
SEMA4G,0.008294585422772059,0.1099073316844624,0.0,0.0,1
CDC73,0.008289383675446132,0.1098599987978072,0.0,0.0,1
ELP4,0.00828310620549152,0.1098028774585291,0.0,0.0,1
TPSG1,0.008279615523166934,0.1097711142719561,0.0,0.0,1
AMBRA1,0.00826243858094671,0.1096148140504631,0.0,0.0,2
RAB5A,0.00825487704291208,-0.1095460084356751,0.0,0.0,1
ANAPC13,0.008250670469295658,-0.1095077310531501,0.0,0.0,2
OR3A3,0.00825017937400266,0.1095032623705356,0.0,0.0,2
LMAN1L,0.008242477638318776,0.1094331810383731,0.0,0.0,2
TTPA,0.008234077767929922,-0.1093567470849105,0.0,0.0,2
ATP5A1,0.008228439769439981,0.1093054445654366,0.0,0.0,2
DYRK1B,0.008217083850999866,0.109202112287509,0.0,0.0,1
TAAR2,0.008207155999146152,-0.1091117745880634,0.0,0.0,1
FARS2,0.008197311144210396,-0.1090221921124809,0.0,0.0,2
ATP5O,0.008192431945018131,-0.1089777942269503,0.0,0.0,1
ATF6B,0.008189130495689766,0.108947752950997,0.0,0.0,2
DCAF6,0.008184361629744754,0.1089043590340868,0.0,0.0,1
DDX19A,0.008173857393095991,0.1088087765669767,0.0,0.0,1
CDH8,0.008163102554941161,0.1087109137713656,0.0,0.0,2
APOC3,0.008157841768106978,0.1086630436593941,0.0,0.0,1
OR1G1,0.008156199761634265,0.1086481023519083,0.0,0.0,3
FLCN,0.008129946694662554,0.1084092146540899,0.0,0.0,1
SLC26A1,0.008123767295183859,0.1083529856993184,0.0,0.0,1
IGHMBP2,0.00811346028965935,0.1082591979211588,0.0,0.0,2
NDUFC1,0.008108630622882812,0.1082152507519111,0.0,0.0,1
ADAMTS6,0.008104536136209933,0.1081779932956266,0.0,0.0,1
HPS6,0.008102277473082032,0.1081574407698835,0.0,0.0,2
DOCK1,0.008101404916198316,0.108149501007821,0.0,0.0,3
ZNF79,0.008099740328695508,0.1081343542260453,0.0,0.0,2
HRH3,0.008098482592018097,0.1081229095510421,0.0,0.0,1
PIP4K2B,0.008089983217516524,0.1080455701678087,0.0,0.0,2
VRK3,0.00808677860030295,0.1080164100079933,0.0,0.0,2
GPR173,0.00807447831306484,0.1079044845211927,0.0,0.0,3
ARSF,0.008063416125640255,0.107803825025312,0.0,0.0,2
LOC441601,0.00804639133866688,0.1076489093284031,0.0,0.0,1
NDUFA10,0.00803033805943794,0.1075028337890549,0.0,0.0,3
KCNA1,0.008026664391533211,0.1074694055397286,0.0,0.0,3
CCDC57,0.008024343320782399,0.1074482851407774,0.0,0.0,2
ARPC5,0.008019937597992608,-0.1074081956161663,0.0,0.0,1
IGSF1,0.00801937451070539,0.1074030718481182,0.0,0.0,2
SLC10A1,0.008019308462214247,0.1074024708451188,0.0,0.0,1
OR7C2,0.00800919568412723,0.1073104504241006,0.0,0.0,1
UBE3B,0.008006003194226596,0.1072814006158061,0.0,0.0,2
SLC22A11,0.007999559782586107,0.1072227693033369,0.0,0.0,2
CALML4,0.007998462143316782,-0.1072127814219832,0.0,0.0,1
PDZD7,0.007988875475149539,0.1071255482963949,0.0,0.0,1
STX5,0.007979636217342722,0.107041476403789,0.0,0.0,1
LRTM1,0.007975830491301487,0.107006846501938,0.0,0.0,1
A4GNT,0.007972355923956839,-0.1055292523162343,0.0001311510589255,1.0,1
PHKG1,0.00797081972390096,0.1069612514219458,0.0,0.0,1
NBAS,0.007964635619381825,0.1069049796540325,0.0,0.0,2
FAHD2A,0.007963370853380782,0.1068934710162572,0.0,0.0,2
MRPL23,0.007962046233742227,0.1068814177450611,0.0,0.0,2
KCNAB3,0.00796164916345943,0.1068778046355592,0.0,0.0,1
SRCAP,0.007919182219721082,0.1064913800538534,0.0,0.0,2
SERGEF,0.00791295415361525,-0.1064347082609735,0.0,0.0,1
SMCP,0.007910598818228547,0.1064132760736894,0.0,0.0,1
CCDC91,0.007897865314160823,-0.106297408564755,0.0,0.0,1
DSCR4,0.00789236897914994,0.1062473951008575,0.0,0.0,2
CCDC71,0.007892362855585344,0.1062473393799678,0.0,0.0,1
APCS,0.00788027892588413,0.1061373826213905,0.0,0.0,1
SHANK1,0.007880094623030113,0.1061357055722082,0.0,0.0,1
TMEM8B,0.007872115742712075,-0.1060631023844588,0.0,0.0,1
NSFL1C,0.007837192804669737,0.1057453238834182,0.0,0.0,2
HAAO,0.007816747081210523,0.1055592796466566,0.0,0.0,1
NDUFS1,0.007814464387312934,0.1055385084548333,0.0,0.0,2
RNF130,0.007813458252719717,-0.1055293532130123,0.0,0.0,1
RPL37,0.007811409346725549,0.1055107093556481,0.0,0.0,4
MYO3A,0.00779550070689166,0.1053659499509875,0.0,0.0,1
PPY2,0.00779451894664012,-0.1053570165015527,0.0,0.0,1
HOXB1,0.00779339977336108,0.1053468326731879,0.0,0.0,1
ABCG4,0.007781280354313106,0.1052365529821184,0.0,0.0,1
CHRNB4,0.007772124548239986,0.1051532404519353,0.0,0.0,1
ONECUT1,0.007764369646253974,0.1050826753372292,0.0,0.0,1
HIST1H2BB,0.007732553774222726,0.1047931693365848,0.0,0.0,3
GRM5,0.007727498436587989,0.1047471686932863,0.0,0.0,3
ALG9,0.007717245333222636,-0.1046538713935429,0.0,0.0,1
IFNA7,0.007709977659671331,-0.1045877397752814,0.0,0.0,1
PLGLB1,0.007640539168663346,-0.1039558897413499,0.0,0.0,1
GRIK4,0.00762869198334312,-0.1038480872194645,0.0,0.0,2
DDX28,0.007608551026500042,0.103664816182321,0.0,0.0,1
PANK4,0.007603163600807404,-0.103615793730115,0.0,0.0,1
UBC,0.007595891834634359,-0.103549624871367,0.0,0.0,2
CAPZA1,0.007572540478534602,-0.1033371410611661,0.0,0.0,1
CACNA1S,0.007561848867711822,0.1032398535976413,0.0,0.0,1
HS1BP3,0.007547840728839722,0.1031123876505395,0.0,0.0,1
C16orf3,0.007540827225804549,0.1030485688367026,0.0,0.0,2
SUGP1,0.007535465095931568,0.1029997765617985,0.0,0.0,1
POFUT2,0.007532139916151425,0.102969519352484,0.0,0.0,1
SP3,0.007530403568948428,0.1029537195990158,0.0,0.0,2
CYP3A43,0.007521983410773728,-0.1028771010384572,0.0,0.0,2
ZKSCAN3,0.007511547069346486,0.1027821363785229,0.0,0.0,1
CROCC,0.007505854599964997,0.1027303382054976,0.0,0.0,1
TLX2,0.007505795120207302,0.1027297969741665,0.0,0.0,2
KIAA1654,0.007505176168572274,0.1027241648729224,0.0,0.0,2
GABRG2,0.007504490221442112,0.1027179231514913,0.0,0.0,1
SLC17A7,0.0075012060207999415,0.1026880388285881,0.0,0.0,1
SPG11,0.007492852941187389,-0.1026120306440782,0.0,0.0,1
GLP1R,0.007492579421001674,0.102609541768872,0.0,0.0,3
NKX6-1,0.0074916294860304395,0.1026008979110477,0.0,0.0,1
MYO7B,0.007487272548557629,-0.1025612523045538,0.0,0.0,1
GPR21,0.007478579042964871,0.1024821464408746,0.0,0.0,2
LOC100130741,0.007463823362906645,0.1023478783021214,0.0,0.0,1
KCNA10,0.007456560346097849,0.1022817890575185,0.0,0.0,1
DNPEP,0.007456190752992568,-0.1022784259744111,0.0,0.0,2
AGAP2,0.007455234750655777,0.1022697269070758,0.0,0.0,1
HIST1H2AL,0.007454561601830838,0.1022636016428066,0.0,0.0,3
NRF1,0.007447654859065546,-0.1022007542855663,0.0,0.0,1
CHRNA4,0.007445462315333666,0.1021808034080159,0.0,0.0,1
RPS14,0.007442610847969946,0.1021548567072111,0.0,0.0,3
TRDN,0.007435766069030176,0.1020925731848798,0.0,0.0,1
RNF170,0.007429271043672502,0.1020334722174904,0.0,0.0,1
VRTN,0.007423274304441721,0.1019789053651374,0.0,0.0,1
DAZL,0.00741054310959152,0.0745613004634297,0.0024762862412009,-1.0,1
CAMKMT,0.007374679798163458,0.1015367235147675,0.0,0.0,1
ALOXE3,0.007371101276174685,0.1015041610381467,0.0,0.0,3
MAPT,0.007364671008592937,0.1014456493289961,0.0,0.0,1
ELSPBP1,0.007362808017279065,0.1014286971874994,0.0,0.0,2
DR1,0.0073134489994841475,-0.1009795587253033,0.0,0.0,1
MVK,0.00731255930837214,0.1009714630516913,0.0,0.0,2
CRB1,0.007309698889442275,0.0545583279345043,0.0042073390671254,1.0,1
PRAMEF10,0.007301569946976693,0.1008714662304787,0.0,0.0,1
PLG,0.00729781164150218,0.1008372678283083,0.0,0.0,1
CASR,0.007275544081165974,0.1006346459315798,0.0,0.0,2
POLR1D,0.007249269481285467,-0.100395562296768,0.0,0.0,1
PCNT,0.007244102777888755,0.1003485482895634,0.0,0.0,1
SP2,0.0072202007261194055,-0.1001310534678548,0.0,0.0,2
IQSEC3,0.0072088887256382544,-0.0779862100532477,0.0019992148324658,-1.0,2
ANP32C,0.007197784369699759,0.0999270776129828,0.0,0.0,2
MED12,0.007194811090449183,0.0999000224945882,0.0,0.0,1
SHH,0.007190365469471643,-0.0998595699195865,0.0,0.0,1
RPS6,0.007185564468958709,-0.0998158835967277,0.0,0.0,1
PMS1,0.0071813116719704,0.0997771856083014,0.0,0.0,1
SLC4A1,0.007172839667227668,-0.0997000952740148,0.0,0.0,1
CER1,0.007162815213012098,0.0996088785490499,0.0,0.0,2
CTDP1,0.007143005592542516,-0.0994286224809214,0.0,0.0,1
UPK2,0.007142807449915776,0.0994268194978264,0.0,0.0,2
PDE12,0.007131018272542101,-0.0993195448146435,0.0,0.0,1
KCTD17,0.0071267460778368635,0.0898674850444027,0.0008537816807771,-1.0,1
ADAM2,0.007115778215521255,0.0991808691261895,0.0,0.0,1
MKRN3,0.007103727205035982,-0.0990712119134031,0.0,0.0,1
CCDC70,0.0070949030476926,0.0989909171944958,0.0,0.0,1
KDM4B,0.007092029568292827,0.0989647701969172,0.0,0.0,2
HYDIN,0.007067674066475008,-0.0987431492425068,0.0,0.0,3
OR6A2,0.007056619057650705,0.0986425550677292,0.0,0.0,1
KIAA1045,0.007050907500195571,0.0985905832042938,0.0,0.0,2
KCNK10,0.007049362614788511,0.0985765256422313,0.0,0.0,3
ABCA2,0.007046896713454212,0.0985540873688885,0.0,0.0,1
KCNJ3,0.007036907503788344,0.0984631913489044,0.0,0.0,1
TRIM66,0.007029872680594632,-0.0983991785339782,0.0,0.0,1
NUTF2,0.007016038683364669,0.0982732971749182,0.0,0.0,1
DUSP21,0.006993498852297755,0.0980681977723001,0.0,0.0,1
CRYBA1,0.00698452181220784,0.0979865119089831,0.0,0.0,1
RPF1,0.006973440350942157,-0.0978856770323161,0.0,0.0,2
GABRD,0.006966290164192097,0.0978206144758714,0.0,0.0,1
DYNLRB1,0.0069631122588038365,-0.0977916973781889,0.0,0.0,1
PFKFB1,0.006962917816621505,0.0977899280669939,0.0,0.0,1
PRAMEF1,0.00696017984344138,0.0977650140974987,0.0,0.0,1
PI4KB,0.00694534445729902,0.0976300206795634,0.0,0.0,2
CRYGD,0.006933663391000006,0.0975237297445179,0.0,0.0,1
DRD4,0.006922893523702546,0.0974257301924171,0.0,0.0,1
NEUROD4,0.006922359553584718,0.0974208713737393,0.0,0.0,1
PRPF4B,0.006917121223874687,-0.0973732056085854,0.0,0.0,1
THADA,0.006913963357588043,0.0973444708551165,0.0,0.0,4
SPN,0.006889474633350522,0.0971216376538789,0.0,0.0,2
MED17,0.006881961196421163,0.097053269731278,0.0,0.0,1
TCP10,0.00687132991460592,0.0969565312267658,0.0,0.0,1
SLC13A3,0.006858740393376562,0.0968419738782336,0.0,0.0,3
TBX10,0.006853084299239243,0.0967905066988536,0.0,0.0,1
MYH6,0.006842593427778216,0.0966950458472078,0.0,0.0,2
GRM1,0.006840420582988773,0.060609873054293,0.0032711540172895,-2.0,1
FSCN3,0.006834826937679422,0.0966243752873898,0.0,0.0,1
ATP9B,0.006818850893182656,-0.0964790025393528,0.0,0.0,3
CNTN2,0.006817173303522489,0.0964637374454789,0.0,0.0,1
MYH15,0.006814554489613518,-0.0964399077563076,0.0,0.0,1
ZNF335,0.006805064090612467,0.0963535506243511,0.0,0.0,1
FRMD1,0.00680438942654095,-0.096347411572216,0.0,0.0,1
SLC30A10,0.006802032205613398,0.0963259622276027,0.0,0.0,1
NEUROG1,0.006790354882572971,-0.0962197053540414,0.0,0.0,1
SHQ1,0.006788564081563318,0.0962034101024844,0.0,0.0,1
HCN4,0.0067853550352090924,0.0961742096400554,0.0,0.0,1
APC2,0.006777993999230271,0.0961072284777998,0.0,0.0,2
CNTN5,0.006771903281875021,0.0960518064789672,0.0,0.0,1
LOC100130331,0.006770506794578306,-0.0960390992537236,0.0,0.0,1
SLC28A1,0.006739982910478366,0.0957613495946469,0.0,0.0,1
HERC4,0.006729309626060611,-0.0956642288907891,0.0,0.0,1
PHF21A,0.0067025484858637486,0.095420718021011,0.0,0.0,1
MNT,0.006702406093681763,0.0954194223346602,0.0,0.0,1
PSG1,0.006685663976196071,0.0952670787663041,0.0,0.0,2
RPS12,0.0066852570788085985,-0.0952633762358437,0.0,0.0,2
NPHS1,0.0066836533695274515,0.0952487834106109,0.0,0.0,1
ATP4B,0.0066790426748008355,0.0952068287601401,0.0,0.0,2
MUC8,0.006676164539162797,0.0951806393934912,0.0,0.0,2
NCAPH2,0.006672909956050766,0.0951510245729512,0.0,0.0,2
PDX1,0.00666490790355662,0.0950782105318257,0.0,0.0,1
TRPV5,0.006664538304296122,0.0950748473927094,0.0,0.0,3
KRT32,0.006664347839852976,0.0950731142766362,0.0,0.0,3
FSHB,0.006661899770934272,0.0950508382679428,0.0,0.0,2
PRM1,0.0066555518214434775,0.0949930756057229,0.0,0.0,1
NDUFB7,0.0066541343728286784,0.0949801776446302,0.0,0.0,1
CHRM2,0.006616280792975371,0.0946357320011903,0.0,0.0,1
MTNR1B,0.006608263406717298,0.0945627784316978,0.0,0.0,1
HTR1A,0.006592054674491096,0.0944152883601475,0.0,0.0,1
SLC24A1,0.006582102689067599,-0.0943247310592004,0.0,0.0,2
DSCAM,0.0065666918514322515,0.0941845013661086,0.0,0.0,2
MTHFSD,0.006544890937252782,0.093986125679021,0.0,0.0,2
USP19,0.006541291060816628,-0.0939533688893023,0.0,0.0,2
TSGA10,0.006535625345802172,-0.0939018141655149,0.0,0.0,2
KANSL3,0.0065276943014706025,-0.0938296462575251,0.0,0.0,3
GRIK5,0.006526977156033945,0.0938231206495819,0.0,0.0,2
PDHA2,0.00650204620506343,0.0927713806687957,7.481737365985498e-05,1.0,2
TEX13B,0.0064707791940178255,0.0933117517576127,0.0,0.0,1
TRH,0.006469457276514972,0.0932997230742858,0.0,0.0,2
ATG2B,0.006460696614244171,-0.0932200061237485,0.0,0.0,1
HPS1,0.006443884827106877,0.093067028601931,0.0,0.0,1
GRIA2,0.006426363145193003,0.0929075914489758,0.0,0.0,2
ALDOAP2,0.0064069732483399925,0.0927311546225607,0.0,0.0,1
IDI2-AS1,0.006379366673147575,-0.0924799507841873,0.0,0.0,1
DMP1,0.006376119112150265,0.0924503998608225,0.0,0.0,2
IL25,0.006370189582683776,0.0923964445783817,0.0,0.0,2
POU4F2,0.006368503805063458,0.0923811049788147,0.0,0.0,2
BCORL1,0.006346248488686421,0.0921785944950202,0.0,0.0,2
EPO,0.006321933467899968,0.0919573418945396,0.0,0.0,3
ANKMY1,0.006293663146920428,-0.0917000983540928,0.0,0.0,3
PSEN1,0.006282365993637583,-0.0915973008050465,0.0,0.0,1
GATA4,0.0062662578865915145,0.0914507263643309,0.0,0.0,1
WSCD2,0.0062201876168011695,0.091031513603401,0.0,0.0,1
SARDH,0.00619085796061889,0.0907646307264122,0.0,0.0,3
C11orf57,0.006187770257467766,-0.0907365344168224,0.0,0.0,2
RPL5,0.0061798251737681265,-0.0906642387587179,0.0,0.0,1
MLN,0.00617943852158969,0.0906607204479292,0.0,0.0,1
PIWIL1,0.00617761888077033,0.0906441627708143,0.0,0.0,1
ESR1,0.006165597872231652,-0.0905347785583581,0.0,0.0,1
TOX4,0.006152100836305769,0.0904119633519222,0.0,0.0,1
SLC7A4,0.006147123520308374,0.090366672660316,0.0,0.0,1
FAM186A,0.006141602661957735,0.0903164360482361,0.0,0.0,2
FAM131B,0.006137147282851548,0.0902758946799178,0.0,0.0,1
LOC145783,0.006108873784219567,-0.090018622224675,0.0,0.0,1
PARK2,0.006082338324684662,-0.0897771649181562,0.0,0.0,1
C2orf83,0.006076851670861977,0.0897272395474618,0.0,0.0,1
DNAH3,0.006069918803938715,0.0896641544755209,0.0,0.0,3
GRM6,0.00605683384098262,-0.0895450888943456,0.0,0.0,2
TACR3,0.006056616499424197,0.0895431112120966,0.0,0.0,2
ASB12,0.00605575298180362,0.0895352537020911,0.0,0.0,1
RXFP3,0.006033530050637114,0.0893330379049477,0.0,0.0,1
AGXT,0.006014405878854935,0.08915901902271,0.0,0.0,1
MRPS18C,0.006001002355916035,-0.0890370547302721,0.0,0.0,1
KRT37,0.006000564990455124,0.0890330749579973,0.0,0.0,1
CACNA1G,0.005997565852450819,0.0890057845399269,0.0,0.0,2
CRTC1,0.005974501073101215,0.0887959084121033,0.0,0.0,1
GDF3,0.005966078381130698,0.0887192667954709,0.0,0.0,1
TP53TG5,0.005945747785962643,0.0885342701594509,0.0,0.0,2
MYCNOS,0.005912892790982742,0.0766467546731086,0.0010510889654193,-1.0,1
FGF4,0.005893676284832689,0.0880604496705805,0.0,0.0,1
NF1,0.005885636957987124,0.0879872964544547,0.0,0.0,2
PCDHGA9,0.005865459620396261,0.0878036943735862,0.0,0.0,1
PSG2,0.005862528117918941,0.0877770193996218,0.0,0.0,1
RPS3A,0.005857971757592983,-0.0877355591607144,0.0,0.0,2
DGKB,0.005850365877954018,0.0876663500630195,0.0,0.0,2
C7orf26,0.005817198519446969,-0.0873645463185273,0.0,0.0,1
HUWE1,0.005815924233946331,-0.0873529510588215,0.0,0.0,1
GABRA4,0.005808399351461795,0.0872844789883003,0.0,0.0,1
MKLN1,0.005760014853779539,-0.0868442080944703,0.0,0.0,2
SLC17A3,0.005723029533877016,-0.0738870500428588,0.0011446973501988,-1.0,1
TCL6,0.0057125651508230565,0.0864124432910035,0.0,0.0,1
WDR61,0.0056953955472045965,0.0862562098465344,0.0,0.0,1
DMC1,0.005678449595121949,0.0861020115014524,0.0,0.0,2
HIST1H3C,0.005670080366768315,0.0860258563727556,0.0,0.0,1
NCKIPSD,0.005665249033680996,0.0859818940410453,0.0,0.0,2
FABP1,0.0056642554065623974,0.0859728526099962,0.0,0.0,2
CPN2,0.005662930833188679,0.0859607997597833,0.0,0.0,1
SERPINB10,0.005627805144226529,0.0856411763428509,0.0,0.0,1
LIPE,0.005623904282496131,0.0856056807613523,0.0,0.0,1
GH1,0.005623830402974443,-0.0856050085005124,0.0,0.0,1
GLO1,0.005598625269091981,0.0853756563866099,0.0,0.0,1
CPA1,0.005587941106796999,0.0523604564445564,0.0029856810094595,1.0,1
CYTH3,0.005498053473534565,-0.0844605113206234,0.0,0.0,1
COL9A1,0.005493380343633306,0.0844179885462397,0.0,0.0,2
FSHR,0.005488386755905479,0.0843725497913148,0.0,0.0,1
SIX6,0.0054774023469340155,0.0842725980342909,0.0,0.0,1
SRY,0.005474034002213054,0.0842419480490257,0.0,0.0,1
GAPDHS,0.005471299439010427,0.0842170651083499,0.0,0.0,2
REG1P,0.005469262940819077,0.084198534154802,0.0,0.0,1
CRHR1,0.005464006043729512,0.0841506994372527,0.0,0.0,2
CYP2A7,0.0054631489143954414,-0.0841429000569529,0.0,0.0,1
PAX2,0.005444700571618701,0.083975030827074,0.0,0.0,2
HTR7,0.005434294049217868,0.0838803375030022,0.0,0.0,2
TIGD6,0.005407774502698936,0.0836390249957084,0.0,0.0,1
SLC6A5,0.005369596445413674,0.0832916267956473,0.0,0.0,1
BAHCC1,0.005340227473014085,0.0830243861638617,0.0,0.0,1
CT62,0.005320210346825083,0.08284224191392,0.0,0.0,2
DKFZP434A062,0.0052734835254972644,0.08241705491442,0.0,0.0,1
SLC22A6,0.005269799485591307,0.0823835322858923,0.0,0.0,1
AGBL3,0.005253224379443216,-0.0822327084239382,0.0,0.0,2
AIPL1,0.005248569813008572,0.0821903545663446,0.0,0.0,2
CUX2,0.005244012653108933,0.08214888705178,0.0,0.0,1
CDH7,0.005213688580287905,0.0818729555595662,0.0,0.0,1
CHD5,0.005210879360542288,0.0818473932876069,0.0,0.0,1
KLK3,0.005168136188430917,0.0814584551877596,0.0,0.0,1
RAP1GDS1,0.0051430091642413285,0.0812298138268037,0.0,0.0,1
GPR37L1,0.0051355929160485925,0.0811623302653927,0.0,0.0,1
CREB1,0.005119397599501187,-0.0810149622687461,0.0,0.0,1
MKRN7P,0.005096498750748909,0.0808065960132142,0.0,0.0,1
RPS16,0.0050585848001182265,0.0804616010306804,0.0,0.0,1
GPR45,0.005057990378345635,0.0804561921369713,0.0,0.0,2
KRT36,0.004997610996098911,0.0799067747437136,0.0,0.0,2
IL21,0.004995824719816382,0.0798905206645517,0.0,0.0,1
ZNF701,0.004988351806787043,0.0798225214859605,0.0,0.0,1
MAPK4,0.004966008417772524,0.0796192095921962,0.0,0.0,1
PSMG2,0.0049497258767381555,-0.0794710479032581,0.0,0.0,1
KCNC2,0.004946602546431076,0.0794426274071923,0.0,0.0,1
AP4E1,0.004932726596898462,-0.0793163643064863,0.0,0.0,2
LRIT1,0.004921092766176897,0.0792105031878262,0.0,0.0,2
XYLB,0.0049126187547078645,0.079133394593493,0.0,0.0,3
GRM8,0.00491209849075601,0.0791286604929839,0.0,0.0,1
HIST3H3,0.004848824887897051,0.0785529073691321,0.0,0.0,1
TMSB10,0.004832510783759202,0.0784044584742407,0.0,0.0,1
PNLIPRP1,0.004827034571863177,0.0783546281190286,0.0,0.0,1
MORC1,0.004770830642906213,0.0778432049313551,0.0,0.0,1
CDH22,0.004721555776374741,0.0773948321968972,0.0,0.0,1
RPL35A,0.004705607298807711,0.0772497102919479,0.0,0.0,1
ADAM18,0.004692144766883484,-0.049716636920492,0.0024861557129347,-1.0,1
MKL1,0.004633994306623655,0.0765980735572696,0.0,0.0,2
CTRB1,0.004620499574599229,-0.076475279315002,0.0,0.0,1
GRID2,0.004595766176999902,0.0762502197279413,0.0,0.0,1
SLC19A1,0.004585700319640638,0.0761586262583587,0.0,0.0,1
FOXD3,0.004580834350472009,0.0761143487583774,0.0,0.0,3
CNOT4,0.00457888059233514,-0.0760965706913838,0.0,0.0,1
RHO,0.004568699645915323,0.0760039299780354,0.0,0.0,1
ARL3,0.004561359341231465,-0.0759371374585518,0.0,0.0,1
LECT2,0.0045441037843931215,0.075780121889585,0.0,0.0,1
NR6A1,0.0045426694291020135,0.075767070087534,0.0,0.0,1
KLK15,0.004516188262422023,0.0755261068145364,0.0,0.0,2
CNGB3,0.004509774928990949,0.0754677491963449,0.0,0.0,2
FLJ21369,0.004470080280525496,-0.0751065508952915,0.0,0.0,1
KLF1,0.004459650689244229,-0.0750116476577744,0.0,0.0,1
GLRA1,0.004456538098947588,-0.0749833248895806,0.0,0.0,1
NEU2,0.004450075261014424,0.0749245168091041,0.0,0.0,1
NACA2,0.004413952158576685,0.0745958175074679,0.0,0.0,1
KCNC3,0.004389887269981429,0.0743768409649949,0.0,0.0,2
TCEB3,0.0043619919328758425,-0.0741230095605269,0.0,0.0,1
CTAGE11P,0.004332518815178138,0.0738548212668726,0.0,0.0,1
SOX3,0.004319020250355205,0.0737319921483594,0.0,0.0,1
NRAP,0.004319007042140783,0.0737318719612613,0.0,0.0,1
OSBPL7,0.004273373512206175,0.0733166332799616,0.0,0.0,1
PSMD6,0.0042505801218267174,-0.0731092266345174,0.0,0.0,1
CDH20,0.004250309217185277,0.0731067615592486,0.0,0.0,1
DRP2,0.004215708874949341,0.0727919184931269,0.0,0.0,2
ATP2A1,0.004203727734508463,0.0726828970572602,0.0,0.0,1
SERPINA7,0.004184813223382024,-0.0725107859655076,0.0,0.0,1
KIAA0509,0.0041702662492053505,0.0723784169293476,0.0,0.0,1
PNLIPRP2,0.004153922866810437,0.0722297016192814,0.0,0.0,1
TUBGCP2,0.004116052632150594,0.0718851044267522,0.0,0.0,1
RPS8,0.0041119187598954166,0.0718474885844897,0.0,0.0,1
AKAP4,0.004111794414806727,0.071846357116231,0.0,0.0,1
CSN3,0.004098859279275018,-0.0717286548778042,0.0,0.0,1
RPL24,0.004097663451415023,-0.0717177735371681,0.0,0.0,1
USP22,0.004016409933317021,0.0709784136026129,0.0,0.0,1
KCNK2,0.004000152632857673,0.0708304815882825,0.0,0.0,1
MLANA,0.003998016166139578,-0.0467387848210555,0.0021833684055727,-2.0,1
INS,0.003995807779868447,0.0707909459435872,0.0,0.0,1
DYRK1A,0.003969420535520965,-0.0705508373093947,0.0,0.0,3
MYH7,0.003963437694681958,0.0704963969243538,0.0,0.0,1
ZNF214,0.003944137665998527,0.0703207778462102,0.0,0.0,1
FGF22,0.003939124174116324,0.0702751579750134,0.0,0.0,2
TSHB,0.003915128204294992,0.07005680855345,0.0,0.0,1
GFRA4,0.003915076018890946,0.0700563336965106,0.0,0.0,1
CARS2,0.0039107321798604365,-0.0700168072782521,0.0,0.0,1
RPL39,0.0038862315675883205,0.0697938659027879,0.0,0.0,4
CRX,0.003878461648029141,0.0697231641368675,0.0,0.0,1
DEFB126,0.003868806056625033,0.0696353038497594,0.0,0.0,1
UNC93A,0.003839818059526386,0.0693715298724666,0.0,0.0,2
RPS27A,0.0037767488450085856,-0.0687976365640921,0.0,0.0,1
SIGLEC8,0.003769982989947264,-0.0687360712033244,0.0,0.0,1
MAGEC3,0.0037670717902951656,0.0687095809733056,0.0,0.0,1
PMCHL1,0.00375574169233829,0.0686064836468145,0.0,0.0,2
NCAN,0.003742475276779736,0.0684857669520946,0.0,0.0,1
GOLGA6A,0.0037146837516327876,-0.0682328801762992,0.0,0.0,2
ADRB3,0.0037093924737730574,0.0681847326136624,0.0,0.0,1
EFCAB6,0.0037069827951455065,-0.0681628059343743,0.0,0.0,1
THRAP3,0.0037019173314876658,0.0681167131501328,0.0,0.0,1
GNAT3,0.0036500586562716415,0.067644829253763,0.0,0.0,1
RAB1A,0.0036389824503181615,0.067544042197392,0.0,0.0,1
SLC17A4,0.003615752442278891,0.0673326625842297,0.0,0.0,1
MSH4,0.0035879091296636533,-0.0670793045724797,0.0,0.0,1
FGF5,0.0035807625076932446,0.0670142744534643,0.0,0.0,2
MBL2,0.0035449617235528844,-0.0666885080615757,0.0,0.0,2
ACSM1,0.0035137672687003906,-0.0664046565971947,0.0,0.0,1
CRYGA,0.0035061623753549083,0.066335456474199,0.0,0.0,1
DLEU2L,0.003464402154261019,0.0659554626590666,0.0,0.0,1
MASP2,0.0034519110627158132,0.0658418009636278,0.0,0.0,1
SCN11A,0.0034477453208088893,-0.0658038951260004,0.0,0.0,2
FBXO40,0.00341040927384398,0.0654641587319746,0.0,0.0,2
AAK1,0.003395149791006754,0.0653253062798473,0.0,0.0,1
KIAA0226,0.0033949866473143293,-0.0653238217667754,0.0,0.0,1
PRDM9,0.0033794608327356013,0.0651825458501191,0.0,0.0,1
DNAH6,0.0033774076518022127,-0.065163863093285,0.0,0.0,1
HOXD12,0.0033273971158574466,0.0647087961934297,0.0,0.0,1
RPL19,0.003318165360442261,0.0646247925682406,0.0,0.0,1
TAAR3,0.0033159961113635077,0.0646050536585362,0.0,0.0,1
KRTAP1-3,0.0032682107246169018,0.0641702343270821,0.0,0.0,1
LRRN2,0.0032543839201648024,0.064044418418133,0.0,0.0,1
RPL30,0.0032543655587350066,0.0640442513397609,0.0,0.0,2
F9,0.003225890534368258,0.0637851451171003,0.0,0.0,1
AKT2,0.0032166062966282652,0.0637006639331649,0.0,0.0,1
CAMK1G,0.0032041068372221674,0.0635869260950405,0.0,0.0,1
MC2R,0.003173166056705758,0.0633053829201332,0.0,0.0,2
BTG4,0.003161788305431276,0.0632018519760633,0.0,0.0,1
P2RX6,0.0031421192954901598,0.0630228753822709,0.0,0.0,1
OR2F1,0.003138300647179391,0.0629881278952546,0.0,0.0,1
MAB21L2,0.003085377652183445,-0.0625065593055786,0.0,0.0,1
CAMK2A,0.0030778769000774807,0.0624383068075207,0.0,0.0,1
TRIM49,0.003032727520019163,0.0620274736095678,0.0,0.0,2
FAM66D,0.003017850630649757,0.0618921025363143,0.0,0.0,1
CYP11B1,0.003004349691552877,0.0617692518132839,0.0,0.0,3
GAD2,0.0029868896478750903,0.0616103755325625,0.0,0.0,1
DISC1,0.00296210895331409,0.0613848855705555,0.0,0.0,1
TBR1,0.0029387487754264506,0.0611723214871964,0.0,0.0,1
PHF7,0.0029196084207639378,0.0609981553501244,0.0,0.0,1
CSH1,0.002904845588312737,0.0608638221287394,0.0,0.0,1
KRTAP1-1,0.0028572394859048915,0.0604306341808866,0.0,0.0,1
VPREB1,0.0028129043697765568,0.0600272103128935,0.0,0.0,1
LPA,0.002808018345909714,0.0599827503267786,0.0,0.0,1
OR7C1,0.0027524996865113515,0.0594775626950276,0.0,0.0,1
KCNV1,0.0026963356709754477,0.058966502696359,0.0,0.0,1
GPR32,0.0026413349386495053,0.0584660279008683,0.0,0.0,3
MAGEB4,0.002634714995843677,0.0584057902570807,0.0,0.0,1
OPRM1,0.0025998358251526576,0.0580884100135773,0.0,0.0,2
CCDC144A,0.0025929615332437126,0.058025857940327,0.0,0.0,1
ATP2B2,0.0025455082428271574,0.0575940604930522,0.0,0.0,2
ESRRB,0.0025285984219033794,0.0574401909205807,0.0,0.0,1
HSD17B12,0.002521354503185393,-0.0573742754575383,0.0,0.0,1
RPLP1,0.0025098452163536916,0.0572695476161124,0.0,0.0,2
SLC12A3,0.0024767151105189768,0.0569680828493534,0.0,0.0,1
GPLD1,0.0024571607767797615,-0.0567901497425523,0.0,0.0,1
MYLK3,0.002403866806967437,-0.0563052054969985,0.0,0.0,1
RHAG,0.0023739569234737844,0.0560330428876731,0.0,0.0,1
IL22,0.0023735684613840073,-0.0560295081077399,0.0,0.0,1
ST8SIA5,0.002365206239526826,0.0559534167341011,0.0,0.0,1
LRRC19,0.002364924561020745,-0.0559508536229067,0.0,0.0,1
PCDHB17,0.002350238076644667,0.0558172151247675,0.0,0.0,1
GRIK3,0.0023053202024558737,0.0554084884960875,0.0,0.0,1
SPINT3,0.002303768476513642,0.0553943686891185,0.0,0.0,1
NPY2R,0.002204266440393133,0.0544889578141649,0.0,0.0,1
RFPL1,0.0022008278748966315,0.0544576688605298,0.0,0.0,2
GRM7,0.0021902160353343106,0.0543611072692539,0.0,0.0,2
ACRV1,0.0021888480732804388,0.054348659607192,0.0,0.0,1
VSX1,0.0020913827388540935,0.053461781537544,0.0,0.0,2
MTUS2,0.0020747998918240413,0.0533108872380493,0.0,0.0,1
ZNF780B,0.0020193197246551153,0.0528060498632829,0.0,0.0,1
TEX12,0.001968454119907699,-0.0523432023327698,0.0,0.0,2
KCNIP2,0.0019410290146788093,-0.0520936497659167,0.0,0.0,1
ESR2,0.0019380761392672077,0.0520667803106343,0.0,0.0,2
RAG2,0.001929484080191794,-0.0519885975514825,0.0,0.0,1
SAMD14,0.0019028491720419001,0.0517462353201901,0.0,0.0,1
ATP2B3,0.0018999268172715785,0.051719643585059,0.0,0.0,1
SLC6A2,0.0018749826236977498,0.0514926658767703,0.0,0.0,2
BTF3P11,0.0018270287273845084,0.0510563132058981,0.0,0.0,1
KIAA0087,0.0018073013367232906,0.0508768053813799,0.0,0.0,1
WFDC8,0.0017658145011627306,0.050499299216195,0.0,0.0,1
USH2A,0.0017429116368944326,-0.050290896421794,0.0,0.0,1
SEMG2,0.001695921155872217,0.0498633102718454,0.0,0.0,1
OLIG2,0.0016566057205572272,0.0495055625907365,0.0,0.0,1
DNTT,0.001646414629414621,0.0494128295662888,0.0,0.0,1
CYP3A4,0.0016413478120216266,-0.0493667244638418,0.0,0.0,1
GCM2,0.0016101014944439735,0.0490824010787123,0.0,0.0,1
SYCP1,0.0014284464141342686,0.0474294451029795,0.0,0.0,1
LINC00474,0.0014211444696014606,0.0473630016386437,0.0,0.0,1
IL4,0.0013858513279850603,0.0470418544995835,0.0,0.0,1
OR2J2,0.0013368359117199502,-0.0465958426122181,0.0,0.0,1
PTH,0.0011798633911198311,-0.045167483628206,0.0,0.0,1
SLC25A31,0.0011675181139456545,-0.0450551487590554,0.0,0.0,1
TYR,0.0011656534317047967,-0.0450381812311029,0.0,0.0,1
ADAMTS20,0.0011099299753131778,0.0445311300653773,0.0,0.0,1
GYPA,0.00106705836913264,-0.0441410232899182,0.0,0.0,1
RFX4,0.0010617272988650056,-0.0440925136394261,0.0,0.0,1
PDE6C,0.0010032767691161187,-0.0435606476862777,0.0,0.0,2
PKD2L2,0.0009969088397033328,-0.0435027032183445,0.0,0.0,1
LAMB4,0.000982883260840517,0.0433750785774323,0.0,0.0,1
CDRT1,0.0009825466575755734,0.0433720156827569,0.0,0.0,1
KNG1,0.0009822915328419606,0.0433696941955061,0.0,0.0,1
SNTG1,0.0009453020190060054,0.0430331110521646,0.0,0.0,1
SPAM1,0.0008720502744527072,0.0397583450335976,0.0002365669356718,1.0,1
GRIA4,0.0008220822742102769,0.0419118827708464,0.0,0.0,1
GLRA3,0.0007248354396489852,0.0410269929233666,0.0,0.0,1
CYLC1,0.0007081029689196731,0.040874737134904,0.0,0.0,2
CLCA3P,0.0006949987685790854,-0.0407554965046764,0.0,0.0,1
GLYAT,0.0003832832632409344,-0.0379190660211534,0.0,0.0,1
ANGPTL3,0.00022415133273397838,0.0364710576582003,0.0,0.0,2
ADAM7,0.0,0.0344314104087019,0.0,0.0,2
